material_id,formula,ionic_true,ionic_pred,ionic_ci_lo,ionic_ci_hi,ionic_conf,elec_true,elec_pred,elec_ci_lo,elec_ci_hi,elec_conf
mp-570778,Cl2,0.37991276,7.0112867,-2.5211267,13.437405,0.16327941,1.516736,4.5995784,0.21575283,9.08417,0.24980396
mp-632291,H2,3.3333334e-09,6.3361235,-1.7915883,14.235479,0.16440083,1.5310891,4.775074,-0.0050376747,9.460403,0.2665485
mp-850274,H2,3.3333334e-09,7.1361322,-1.6686366,14.448612,0.18343982,1.5523945,5.168664,-0.23710011,9.777992,0.25654733
mp-542605,Se,0.31168064,5.8742056,-2.0481117,14.521745,0.16263512,5.0197015,5.247939,0.13263655,9.629356,0.23312972
mp-14,Se,0.87166584,5.41554,-1.7428346,14.978292,0.15427975,9.763154,8.466008,-28.268927,53.48727,0.045384314
mp-19,Te,45.85872,78.4084,0.67160416,149.52586,0.020726163,118.41376,124.030594,-17.9895,295.02084,0.010455775
mp-567313,Te,16.51267,24.61501,0.81267816,43.802765,0.067245945,48.292587,19.37553,1.3244667,40.348164,0.08358111
mp-555760,S,0.02267598,4.4721546,-2.1477451,13.981187,0.16177651,4.2843857,5.054281,-0.37703487,9.416422,0.25893125
mp-990424,C,0.00027491333,6.448717,-1.7648674,14.537008,0.17366745,6.597796,4.751951,0.12503079,9.328236,0.2442714
mp-160,B,0.13876186,6.649209,-1.375891,13.5697155,0.18420549,9.381314,24.613567,4.7577486,40.967842,0.07631653
mp-611219,Hg,0.0,6.690019,-1.6080072,14.447157,0.15916438,3.3590925,4.354704,-0.028324336,9.809341,0.25244185
mp-23907,H2,6.6666668e-09,6.58402,-2.392939,13.513774,0.17051522,1.2612633,4.608734,-3.2215328,11.995153,0.19012462
mp-12103,N2,1.0266667e-06,6.094533,-1.3978609,15.258476,0.17705463,1.4079809,4.9796896,-2.9434018,12.204776,0.16736035
mp-165,Si,1.03333335e-07,6.1868486,-1.879739,13.995238,0.17317438,12.747946,4.977482,0.016954606,9.519139,0.2736393
mp-570752,H2,6.666666e-08,5.2313156,-2.532167,13.682119,0.17104878,1.2476283,4.5575957,-2.2705736,12.103745,0.17183459
mp-672234,N2,2e-08,6.088269,-1.673007,14.530762,0.16606939,1.3957248,3.7038732,-2.8839064,11.891496,0.19575037
mp-154,N2,0.00185455,5.6264343,-1.2881925,13.687315,0.18381883,1.5296053,5.0855994,0.05570589,9.719721,0.28040725
mp-999498,N2,0.34473583,7.1989155,-1.8046966,14.364283,0.15933609,4.6690354,22.966177,5.5604515,40.0301,0.08045418
mp-561513,S,0.054870058,5.9182386,-1.3685379,13.658331,0.15375659,3.380753,4.239156,0.10054841,9.612819,0.2407859
mp-864900,Hg,0.23005809,5.831696,-1.6628466,14.178659,0.16906306,18.774595,18.754416,4.6156316,39.054577,0.0829368
mp-971661,Si,0.08412862,7.680076,-1.7277571,14.732735,0.16511372,12.042497,4.6318398,0.24674557,10.120799,0.2533397
mp-66,C,0.0,4.8258486,-2.8237684,13.884294,0.16931675,5.829714,23.505722,3.2973995,40.58988,0.073327065
mp-149,Si,0.0,5.91426,-1.91001,14.340906,0.16195577,13.003384,22.245338,2.9701777,39.097424,0.08408949
mp-32,Ge,0.0,5.679349,-2.5430539,13.737719,0.17736094,25.853525,21.336994,1.9603508,41.298805,0.085617304
mp-632250,H2,0.0,6.2546186,-1.2228802,14.582261,0.18683521,1.1552483,5.3825655,-2.821548,12.442712,0.18113235
mp-1014013,P,0.11918208,5.9208655,-1.3791926,14.395265,0.15334685,2.6614728,5.107027,0.010171091,9.684458,0.2609413
mp-558014,S,0.03910186,5.3730497,-1.6467257,14.113297,0.16087613,3.046604,4.792457,-0.26402572,9.538843,0.26256424
mp-23153,I,1.6956731,5.620281,-1.9682456,15.154682,0.15310058,9.909755,4.7100377,-0.15479754,9.329523,0.2619036
mp-22848,Cl2,0.19464538,5.7289495,-1.6680849,14.295338,0.1845688,2.6316879,4.4551005,0.24535519,9.553029,0.23889944
mp-23154,Br,1.0241567,5.919009,-1.2319769,14.25103,0.15924108,6.3061886,4.3011584,-0.27904573,9.2283325,0.24667548
mp-77,S,0.12163372,6.6146317,-1.1413424,14.578321,0.16010752,2.8321102,5.0539055,0.101127945,10.238695,0.24532518
mp-137,Ge,0.82206297,24.601418,1.9910895,42.24254,0.061797675,39.36989,22.465422,3.7313657,41.15178,0.08224069
mp-1016069,CrN2,35.749886,23.499226,-0.60291135,43.883205,0.06657652,33.5916,22.26892,2.473569,39.960316,0.08530632
mp-1016063,CrN2,40.43728,75.437836,9.602292,148.92142,0.022002483,25.612066,21.370707,2.4903064,41.326218,0.07730889
mp-1217322,TeSe,7.190818,21.388,2.780139,45.359543,0.06487002,20.83114,19.142817,4.584964,39.34497,0.07469287
mp-1383199,TiF4,35.79435,20.440943,2.2565107,44.000004,0.07927228,2.4479947,4.843118,-0.07010135,9.137058,0.28942487
mp-1395134,MoF4,2.8895228,6.5538735,-2.0257015,15.068901,0.1566263,2.6494482,4.6297603,-0.2322801,10.116853,0.26670802
mp-556319,SiO2,2.00486,5.6818056,-1.5907042,14.091343,0.16967136,2.3077686,4.492835,-0.31971326,10.161404,0.23330638
mp-1443513,SbF4,98.72606,79.71945,0.13416967,144.44414,0.021382594,2.9801319,4.873167,0.21207778,9.585906,0.25576147
mp-32854,H11O8,3.3995042,7.2014055,-1.7750728,13.207972,0.16667841,2.262195,5.213429,-3.5751214,12.184447,0.1693498
mp-556788,SiO2,2.1904504,5.7893076,-2.11444,14.536249,0.18472086,2.5924063,4.8734407,-0.013342816,9.614472,0.2680749
mp-1402840,WF4,3.155525,4.8994455,-1.4194399,13.725425,0.17142382,2.2592618,3.9443007,-2.952607,12.179396,0.17523924
mp-556985,SiO2,1.4070778,5.903264,-1.6339635,13.955671,0.19226632,2.060603,4.609544,-0.976356,9.933449,0.26703614
mp-556588,SiO2,3.4315758,6.6006994,-1.6423361,14.269665,0.17749016,2.8894422,4.597905,-0.20890677,9.273678,0.23776853
mp-33024,H2S,2.9486735,5.8621855,-2.1096513,14.740343,0.15482958,2.5453575,5.175169,0.22949412,9.627138,0.2506482
mp-32868,Ag2S,7.1333046,5.075102,-2.836103,13.919791,0.17003636,10.840442,4.6848154,0.4877494,9.964894,0.27072006
mp-556880,SiO2,1.9759657,4.968951,-1.8588312,13.777942,0.17109689,2.2719817,4.361503,-0.112606,9.064891,0.2524713
mp-556994,SiO2,1.6741481,6.179017,-1.5823243,14.9697,0.17546833,2.2702062,5.158794,-0.074388646,9.416715,0.26271197
mp-635425,AlF3,3.4606922,5.669734,-2.0663135,13.733742,0.1888298,2.1111157,4.212287,-0.2653489,9.9881525,0.26095077
mp-685043,BBr,0.4354307,6.5594654,-2.274142,14.3146925,0.17132887,3.2706246,4.0552955,-0.17598937,9.834281,0.25705746
mp-752826,Al2O3,5.7427735,5.7909517,-2.3753264,14.512304,0.16405734,3.0640755,5.033532,-0.8127005,9.967447,0.26996893
mp-974002,OF3,2.3203492,6.026513,-1.8111204,14.303254,0.18217492,3.979309,4.669107,-3.1897113,12.045244,0.18941626
mp-983357,H3F2,1.2167624,5.8931413,-2.0857782,13.912676,0.16342124,1.708355,5.2738843,0.18798749,9.365624,0.2725381
mp-995393,LiS4,0.07792373,6.0711737,-2.5882115,13.93744,0.17021084,1.1959125,4.464607,-0.3526853,9.633864,0.23135443
mp-2565,S2N,0.33419117,5.4319286,-1.4587367,13.25535,0.16707411,3.1193216,4.2059813,0.061782416,9.627675,0.27333438
mp-32959,H2O,1.4996343,6.1937537,-2.5033092,14.385987,0.16928701,2.3747578,4.243474,0.014620965,9.612739,0.27286237
mp-2059,NbAs,,6.3630657,-2.0999565,14.297704,0.17617589,,23.258205,3.9051104,40.921192,0.076368265
mp-15622,HfSe3,3.4883668,5.5821905,-2.401813,13.825478,0.18332559,9.547929,4.8318,-0.3145651,9.655916,0.27814534
mp-1683,ZrSe3,3.5951824,6.9182687,-3.0167873,13.666931,0.18074447,9.798381,4.6284323,-0.31495836,9.52845,0.25216684
mp-1707,BaN6,4.591255,6.2236624,-2.6317668,14.474165,0.17066002,2.9780107,4.8130264,-0.30149943,10.079665,0.2769934
mp-27684,Tl4O3,25.471794,23.0134,2.388524,44.487194,0.078098565,8.153626,3.7689147,-0.038409814,9.701319,0.25791696
mp-502,As4S5,1.0058308,5.903701,-2.267861,14.240684,0.16100438,4.445188,4.8596935,-0.18865834,9.97941,0.2660661
mp-556859,HgO,4.429736,5.1655407,-1.6659234,14.654962,0.16053633,5.631689,4.953669,0.29325235,9.572916,0.26754832
mp-9922,HfS3,3.1353784,6.978428,-1.4737781,14.612813,0.1760619,6.466552,4.649666,-0.1262347,9.581399,0.2507052
mp-9854,YP5,1.8658141,5.5547013,-1.2031225,14.331703,0.18770495,13.21875,5.1656847,-0.082903,9.424948,0.24357115
mp-9920,TiS3,4.5867524,6.179353,-1.7786877,14.281299,0.1701589,10.03656,4.926607,0.37897047,9.7686615,0.25353882
mp-9921,ZrS3,3.2062495,6.035913,-2.1321545,14.347881,0.16132352,6.6974277,5.0381007,0.11195745,9.77678,0.23971884
mp-615138,MnF2,41.939926,23.12238,2.2220528,43.38997,0.06491649,2.529089,4.1920547,-2.8653734,12.369134,0.18152279
mp-1019086,CN2,0.69507116,5.6548233,-2.1696844,14.46069,0.19393677,3.5850348,4.593795,-0.35723835,9.924828,0.26724333
mp-559122,WO3,94.78145,83.50345,12.152444,160.24011,0.020141318,6.478234,3.8350594,-0.13619545,9.881412,0.24884002
mp-7548,BaSe3,8.180578,4.416933,-1.9055014,14.243001,0.18057197,8.1664715,5.03104,0.19159392,9.986717,0.2509624
mp-239,BaS3,7.6935024,5.5759344,-2.0100098,13.985036,0.15352899,5.929814,4.609429,0.118592255,9.521008,0.2316518
mp-8234,BaTe3,16.598076,20.908749,-0.03883311,44.09942,0.06388804,13.828783,21.969692,3.9104505,39.737926,0.08360569
mp-1017551,Bi2O3,27.521383,23.070457,0.7518194,43.370396,0.069147974,7.677585,5.1065116,-0.098067954,9.292864,0.27604467
mp-570922,MgCl2,2.1007915,6.1843715,-2.9137554,14.715073,0.16880387,2.4312778,4.9174633,-0.111276045,9.125895,0.24072078
mp-600001,SiO2,1.1598828,5.7515726,-2.6325214,14.065828,0.16840982,1.8449669,4.746541,-0.033591926,9.580369,0.2613862
mp-20191,Si3Ru2,136.20967,74.87131,4.827914,157.78868,0.020376893,21.243774,19.861773,2.6974766,39.275513,0.08149026
mp-541844,Ge5Ir4,53.187943,79.65824,-4.303804,160.4377,0.021729032,28.561283,21.889091,3.165688,37.668545,0.07912272
mp-510032,Ge3Os2,33.037582,24.841587,2.5107603,44.308178,0.07471198,22.997581,20.545557,2.3320866,40.131332,0.08181279
mp-561291,SiO2,2.0539577,6.8425207,-1.7761569,13.935221,0.1681725,2.2782156,4.8527803,0.0009874403,9.894225,0.2739285
mp-16609,Si3Os2,134.21194,83.95334,-0.09939766,154.63249,0.01984157,19.645426,22.472223,4.066357,39.111736,0.08475972
mp-558200,SiO2,1.9236405,7.1045237,-1.525702,13.962781,0.1661663,2.320928,5.374935,-0.17726985,9.4489155,0.25015503
mp-639682,SiO2,1.0996196,5.235776,-1.1272781,15.09843,0.1820835,1.8300761,4.499543,0.022982458,9.909872,0.28226742
mp-1009818,CN2,1.2948737,5.161031,-1.5277619,13.980733,0.15373582,6.1949377,20.976435,0.9584994,40.266197,0.082792595
mp-31493,RbGa3,6.968778,23.054531,1.8262477,43.864643,0.06437626,59.57413,11.543218,-31.788939,51.3695,0.038766418
mp-32880,CuBr,2.907298,6.7990417,-1.7740501,14.360747,0.17980981,6.2827706,4.48051,-0.45519257,9.60793,0.26738772
mp-574338,CsGa3,8.071726,82.21039,-0.081306115,155.26349,0.018890474,75.06665,117.508194,-7.085497,287.35257,0.010308881
mp-181,KGa3,7.8283463,19.93227,0.7976172,42.622986,0.064098336,56.532703,5.327037,-31.38971,52.26739,0.040760785
mp-972825,SiH8,0.20060492,5.7312365,-2.1931777,14.338205,0.16332869,2.2133086,4.236025,0.19919479,9.358405,0.25339442
mp-684580,AgI,2.3833013,6.904667,-1.3831198,15.022157,0.17086649,5.0321975,4.6404047,0.14362091,9.602503,0.2775524
mp-1025442,IrI3,0.2816382,6.4953585,-1.5717683,14.436569,0.17048587,6.0276294,4.2588973,0.1018146,9.617014,0.240875
mp-1078443,As2Se3,40.7992,23.770657,1.9821429,42.830894,0.066851325,17.126108,23.09412,3.0210295,40.8125,0.08328698
mp-1101301,TeO3,3.2836654,6.1263986,-1.6765903,13.754302,0.16002402,3.3928566,5.041093,-0.04731422,10.159794,0.24532393
mp-1178232,FeO,10.1951885,6.2838306,-1.8851445,14.397868,0.17796892,4.88137,4.664523,-0.25318852,9.527229,0.2367335
mp-1205567,Y2Br3,2.3721905,5.1460285,-2.0133934,14.443627,0.16676277,6.6852927,4.652672,0.14281523,9.564641,0.2504208
mp-1206058,TlCl3,4.665984,6.1717176,-2.6910248,14.015162,0.16983193,3.3197527,4.5117764,-0.08336117,9.568561,0.2576057
mp-1206891,RhI3,0.40201432,5.9726267,-2.367221,14.138905,0.16422473,6.9957123,4.783824,-0.13392621,10.332278,0.25635934
mp-1863,SiAs,0.59529454,5.771601,-2.7270744,13.573864,0.16273588,8.62947,5.0227795,-0.29247758,9.284983,0.25190806
mp-1595,Nb2O5,17.290688,20.842548,1.164571,42.83193,0.08190289,5.217155,4.980891,-0.065960415,9.700264,0.24871458
mp-25469,AlCl3,2.5008016,5.3562884,-2.1562133,14.734671,0.15646137,2.8473403,4.989826,-0.25299132,9.955617,0.261644
mp-27871,RhBr3,0.5024928,6.3363914,-2.5084107,14.033471,0.18191768,6.1244316,4.4939938,0.14356129,9.826975,0.272865
mp-27397,IrBr3,0.34377095,6.052779,-2.254534,14.781656,0.1733735,5.1574764,4.484663,-0.065970324,9.929184,0.2674849
mp-27455,YCl3,2.3108213,6.733478,-2.2369413,14.183058,0.16846064,2.6094308,4.795948,0.07291501,9.655145,0.2472765
mp-27770,RhCl3,0.5273339,5.305717,-1.4608818,14.240949,0.16375425,4.9153967,4.784336,-0.15228139,9.619182,0.28659922
mp-27678,Y2Cl3,3.338476,6.206009,-2.1323135,14.33288,0.16543287,6.53381,4.9791784,0.07044741,9.29353,0.25607795
mp-27630,CrCl3,1.3039461,5.1065464,-1.7329551,14.253005,0.17709252,4.023256,4.1381836,-3.3527327,11.779632,0.17092222
mp-27666,IrCl3,0.37494975,7.054161,-1.9730225,13.634897,0.1697533,4.4368443,4.7968817,0.018253556,9.498886,0.26105726
mp-2659,LiN3,7.239637,6.817857,-1.4919755,14.7037735,0.18038855,2.7626147,4.965703,-0.20832789,9.759667,0.23729543
mp-2793,AuSe,0.530195,6.815916,-1.6151263,13.719376,0.16192366,10.76045,4.7894154,-0.3857867,9.632411,0.25464058
mp-18922,Mn5O8,7.1501923,6.2275915,-1.7271444,14.674894,0.1747746,9.37063,5.64374,-2.7852473,12.042014,0.174648
mp-29055,KSb2,7.2864246,22.32143,-1.4140712,44.065166,0.06824538,15.44595,20.169899,2.1322942,41.77816,0.07780192
mp-30952,GaCl3,1.0099949,6.59333,-1.5466816,13.900351,0.17183834,2.3520288,5.1821513,0.022475045,9.958593,0.27951837
mp-28879,Ca5P8,8.3777,7.4390306,-2.6500976,14.14348,0.17420816,9.528614,5.347147,-0.12288147,10.008357,0.2771094
mp-31002,Rb2Te5,11.0581665,22.92658,-1.247986,45.206944,0.06177689,16.721077,19.636456,3.2166398,38.137436,0.07145015
mp-31040,NbCl4,2.7326465,6.887396,-1.0725538,13.865068,0.1697105,3.5711596,5.024167,-0.081060275,9.447333,0.2551719
mp-545796,Cr3O8,12.991085,6.0632067,-2.5001433,14.321266,0.17884281,6.178101,4.701434,-3.1150134,11.4047165,0.18271467
mp-542812,GaTe,2.5180933,5.268115,-1.5678306,13.852678,0.1573514,9.1657295,4.1365905,-0.19637395,9.290973,0.28122917
mp-484,Te3As2,52.341454,81.756195,-4.238764,150.88483,0.019998396,32.767242,19.057755,4.258641,40.11634,0.077235855
mp-554278,TiO2,29.268597,23.27462,-0.3878365,45.178658,0.07285867,6.2049503,5.248856,0.18874048,9.757986,0.26624617
mp-568018,RbSb2,4.2644167,5.93583,-1.6651518,13.552302,0.16415165,9.313117,4.344741,-0.18164767,9.795944,0.26683676
mp-569766,TeI,19.231152,25.645592,2.109219,45.101154,0.06535519,9.827226,5.427717,-0.24599113,8.778982,0.2513976
mp-569867,SrP3,5.70038,6.139303,-2.267785,14.636105,0.17500156,11.369693,4.80151,-0.55774236,9.766005,0.2446368
mp-570219,InBr3,3.5108604,6.4409013,-2.137322,15.017716,0.18298274,3.6639564,5.185154,-0.42634284,9.402137,0.24934438
mp-569410,PCl5,2.8792934,5.0713286,-1.7900486,14.334961,0.16771543,3.3037734,4.610888,0.3083194,9.478947,0.27512947
mp-568301,BiBr3,6.2083173,5.928329,-1.5811418,14.815639,0.19963956,3.903573,4.406519,-0.4042629,9.362652,0.25735855
mp-684969,Sc2S3,15.946868,6.4018984,-1.9965191,14.564418,0.17732887,8.082939,4.631492,-0.26553997,9.528136,0.2548829
mp-755769,ZrO2,11.655754,6.3459225,-1.8634998,14.029445,0.17340247,4.394951,4.478009,-0.07299016,9.855202,0.26041153
mp-695850,CdCl2,3.5120256,5.9508495,-1.5689306,13.695708,0.17020768,3.247951,5.07942,0.49689403,9.662373,0.26968005
mp-754812,Al2O3,4.8729706,6.0696516,-1.4792703,14.459837,0.16616093,2.8261268,4.9018784,-0.045117386,9.718209,0.2843466
mp-754815,YBr3,2.5442123,4.966838,-2.2570136,14.4618845,0.15218766,3.1213913,4.695489,-0.5220701,9.792363,0.2455256
mp-7048,Al2O3,5.815638,6.086421,-2.7893634,13.091544,0.17237626,3.1635807,4.7718773,0.18885645,9.69304,0.26003662
mp-7808,BaP3,6.26941,6.8836737,-1.5839604,14.037186,0.16705681,10.017898,5.4050446,0.06733831,10.036684,0.26459265
mp-9548,GeAs,0.9548551,4.8940215,-1.6755555,14.108811,0.18452412,14.027859,4.8061757,0.1337893,9.681008,0.24048245
mp-886,Ga2O3,7.1464434,6.5411167,-2.6484246,14.517308,0.20290078,4.030518,4.5205784,-0.07509059,9.511753,0.23268887
mp-971673,BiS2,40.909687,23.124817,2.153844,43.857162,0.07246927,12.299302,4.5963907,-0.09040709,9.539789,0.26375923
mp-9254,Al2Te5,9.615242,5.432268,-2.9705198,14.673735,0.17122494,9.005916,4.076969,0.3103405,9.466852,0.23955974
mp-975,SF6,0.61561614,6.357383,-2.1733057,13.944782,0.18028243,1.7592167,5.2079306,-0.12942469,9.84894,0.25027856
mp-557930,SiO2,1.8318219,6.0168095,-2.168248,13.5154085,0.15957475,2.2573931,5.1484265,-0.022235645,9.4374895,0.2597056
mp-10074,GeSe2,3.2072244,6.9166937,-2.5972314,15.055764,0.16160852,7.1392493,4.811739,-0.056348525,9.509314,0.2545551
mp-22909,ZnCl2,2.3309002,6.262512,-1.3391175,14.552596,0.19597517,2.866284,4.681559,0.37355748,9.577387,0.24820831
mp-15514,NaSe2,4.4376407,6.2371597,-2.1140428,13.324513,0.15974286,6.762802,4.317786,0.26805598,9.323052,0.26112875
mp-12180,NaS2,4.881892,6.3681808,-1.7046262,13.953248,0.18192525,4.418508,4.9921036,-0.007859242,9.376993,0.27582395
mp-546794,SiO2,1.6973727,5.7268715,-1.6443994,13.801919,0.17561378,2.1850877,4.46007,-0.3084027,9.443514,0.26267698
mp-7582,GeS2,3.020369,5.9832926,-2.4244926,13.50943,0.17611466,5.558302,4.626241,-0.22817935,9.944211,0.24910015
mp-7583,SiS2,2.3577366,6.4297056,-2.4829655,14.121841,0.17453457,5.0579386,4.6034317,-0.33977854,9.242664,0.27161455
mp-19443,WO3,,324.6366,-39.974083,679.4589,0.004621329,6.9672503,5.0915914,-0.24338627,9.553027,0.24530388
mp-567809,AgI,3.6413083,6.8537626,-2.2493975,14.577202,0.17084752,4.7306185,5.3539386,0.2128879,9.662191,0.24073222
mp-22917,CuBr,6.769516,5.214426,-1.4115583,13.984962,0.15657653,4.7995224,5.0587935,0.3264569,9.954178,0.26107836
mp-2097,SnO,11.373193,5.948899,-2.35615,13.667033,0.17357548,7.291434,4.092536,-0.7577626,9.123824,0.2605763
mp-29422,HfCl4,1.821482,5.446781,-2.252665,13.88095,0.16927756,2.7131646,5.139591,-0.011391329,9.581181,0.22749355
mp-569175,ZrCl4,2.2932608,6.2496424,-1.9509438,13.909042,0.16409612,2.993831,5.319477,-0.8202612,9.77503,0.2872702
mp-288,PtS,1.1971438,6.7331676,-2.0133786,14.499934,0.17053598,14.463608,5.225562,-0.18337134,9.860924,0.2443023
mp-600002,SiO2,1.3874879,7.088317,-1.9289922,13.907173,0.17613848,1.9422427,4.447084,0.01697219,9.773474,0.27727577
mp-20652,PbF3,8.482413,5.983267,-2.1138475,14.861267,0.17633535,3.4529963,4.759248,0.06319323,9.425172,0.25542948
mp-11725,CO2,0.22178379,6.834855,-1.8798015,14.45223,0.1710979,1.8907249,5.187707,-0.31346434,9.754655,0.2607468
mp-19372,WO2,5.7109237,6.1255164,-1.8224313,15.026067,0.17368416,5.620212,4.6966696,-3.0329776,11.72369,0.19510986
mp-1873,ZnF2,5.580184,6.7020903,-1.6918825,13.723329,0.16589274,2.5551202,4.5502367,0.30523348,9.4534235,0.23229259
mp-19094,VO2,118.30256,83.0825,10.470051,160.79666,0.023283541,10.088049,4.5321546,-3.390626,12.147687,0.15945561
mp-1249,MgF2,3.0505807,6.3276386,-1.3414222,14.416291,0.1812852,2.0528367,5.323226,-0.009666109,9.316676,0.2529214
mp-556911,FeF2,4.2315307,5.7224827,-2.2655272,14.732803,0.17935476,2.4166296,5.303769,-3.4500122,12.670473,0.18791518
mp-2657,TiO2,1.3652611,5.595336,-2.4299738,13.880803,0.155347,8.099137,4.273568,0.6442909,9.770115,0.24333143
mp-470,GeO2,8.912273,6.5316167,-1.8915342,15.151157,0.1626793,4.257313,25.383549,3.8845756,40.76559,0.08033016
mp-23710,MgH2,6.3855004,6.1027737,-2.4060998,14.918665,0.15702802,3.9506092,4.8913703,0.4194279,9.614561,0.25561866
mp-555908,CoF2,3.629669,5.37033,-1.0568293,14.096365,0.16603905,2.6116548,4.7415323,-3.6175017,12.233779,0.18347588
mp-555934,VF2,1.9785264,5.8439026,-0.9557921,13.60173,0.16849408,2.478373,5.22348,-3.4927852,13.057409,0.18634467
mp-22904,CaCl2,4.4245706,6.300487,-2.0853875,14.196301,0.1663334,2.7385192,5.436633,-0.14989226,9.718538,0.27348125
mp-559798,NiF2,2.694541,6.06377,-1.7957488,14.286908,0.1746425,2.509402,4.825884,-2.6739123,12.261026,0.1845046
mp-560902,MnF2,4.7660794,6.018427,-2.3540163,13.917457,0.16376393,2.3527124,4.2412195,-2.840238,12.239355,0.183088
mp-607450,In3Ru,15.121665,23.562656,-0.99537045,45.95234,0.061879385,25.28946,23.569391,1.0788425,42.48026,0.07519823
mp-672204,Ga3Ru,17.621822,24.782593,0.54474634,43.544765,0.06389937,20.926598,21.735476,0.6908531,39.26612,0.082763456
mp-570844,Ga3Os,14.466134,5.7750626,-2.630583,14.403527,0.16040541,17.472506,21.99619,3.8379207,39.039158,0.07859083
mp-644607,CO2,0.19719858,6.193321,-1.961818,13.990544,0.16604435,1.9653271,5.1277103,-0.19419052,9.315853,0.25571096
mp-856,SnO2,7.2655015,5.617466,-2.5977454,13.747248,0.16878006,4.4401903,20.502064,3.8852034,39.57987,0.08447035
mp-862868,PbBr2,17.092646,25.380398,0.90577966,44.46253,0.07762167,4.8778048,4.6798983,0.08708539,9.591744,0.23589163
mp-862871,PbCl2,17.895077,23.999214,2.166806,43.06898,0.066965535,4.0128856,4.5693564,-0.024082262,9.358056,0.24982065
mp-863764,TeBr2,30.102036,23.181822,1.9382554,43.690098,0.076360464,5.306739,5.4176617,-0.08867295,9.720744,0.24229664
mp-863016,RbF2,1.3826076,6.0686436,-2.6400902,13.805163,0.16820222,2.0378754,5.128605,-2.9224303,11.714038,0.16869393
mp-976802,KF2,1.2836941,6.3586855,-2.0737038,13.938739,0.18059453,1.9666284,3.4785922,-2.788121,11.584167,0.20424522
mp-2071,Zn3P2,36.605404,20.80222,0.4855946,43.864468,0.07290013,13.726867,23.624802,5.3990893,40.741737,0.0786929
mp-567279,ZnCl2,2.5186505,6.059003,-1.7706187,14.419135,0.1676763,2.8196237,5.474662,-0.22271672,9.449874,0.27489087
mp-568742,HgI2,4.089871,7.049822,-3.3417854,14.778957,0.1791583,4.928562,4.340068,-0.36165166,9.820942,0.2590132
mp-23192,HgI2,7.668302,5.4394116,-2.4775376,14.45359,0.15698452,4.8491573,4.528552,0.20358285,9.459783,0.25548267
mp-2441,Cd3P2,59.172417,80.88666,0.4794942,154.73756,0.02004259,17.068077,19.258453,2.0524907,38.927277,0.08064714
mp-505366,AuBr,0.56763756,5.0715027,-3.2516398,14.42599,0.18940493,4.806371,5.493493,-0.109836005,9.928985,0.2405417
mp-27725,AuI,0.4199115,5.008231,-2.703809,14.433805,0.17404957,4.670606,4.3004856,0.0763957,9.5403805,0.24076691
mp-1105,BaO2,13.5855255,6.1757226,-2.066996,13.655628,0.19298294,3.5198755,4.737379,-0.10412846,9.663654,0.25881958
mp-22885,XeF2,0.8937825,6.261347,-1.6685075,14.067507,0.16717334,2.4283664,4.6435986,-0.55864173,9.827426,0.2520837
mp-23177,HgBr,19.87223,22.298069,0.7208702,45.231636,0.071434505,5.370605,4.9602766,-0.19950211,9.631216,0.2659986
mp-22897,HgCl,12.963809,5.3192453,-2.2552242,14.297646,0.16753721,4.434842,4.4888144,0.16132742,10.100871,0.24761273
mp-22859,HgI,32.573574,24.31054,0.16273157,42.830544,0.07105264,7.880859,4.850745,-0.20697694,9.395007,0.27223685
mp-2697,SrO2,13.272389,6.9154844,-1.8953831,13.900406,0.1797557,3.2729642,5.443244,-0.6191225,9.181489,0.26595232
mp-2706,SnF4,5.637031,5.810691,-2.207009,14.210216,0.16795449,2.3844752,4.90531,-0.42519146,9.674388,0.24727619
mp-568052,K2Ga3,6.319926,26.487877,3.4240716,44.93202,0.062334396,31.259212,24.002758,2.2634635,40.672867,0.08094753
mp-341,PbF4,6.240289,5.993391,-1.6433765,13.74317,0.16275753,2.889322,4.318836,-0.1371437,10.153821,0.26380304
mp-634859,CaO2,16.246359,21.165905,2.2353966,44.805912,0.072081596,3.381171,9.582741,-31.61138,52.366585,0.04015553
mp-706,HgF,15.455174,6.2886863,-2.1644235,15.104016,0.16292767,4.449181,4.0543146,0.09818879,9.525151,0.25434616
mp-7188,Al2Os,16.251236,19.596848,3.7690063,44.035645,0.075431004,17.302517,21.827023,3.5639021,38.794205,0.09167071
mp-10155,P2Ir,5.761588,6.1874185,-1.5824797,14.395386,0.15800191,16.764465,24.951157,3.681764,39.457245,0.078441516
mp-1102055,LaAs2,6.07632,6.0159454,-1.8453193,15.140871,0.167304,19.426939,19.970535,2.624456,40.32135,0.07933115
mp-1105223,ZrF4,8.310766,6.3882093,-2.011886,14.318435,0.16694711,2.8850675,4.29029,-0.2572429,9.6735935,0.24130091
mp-1178386,CsTe4,15.336709,25.98741,-0.12994774,44.246895,0.062669694,14.17279,4.802948,0.08969672,9.730173,0.24996364
mp-1105095,BaP2,10.665255,5.5194054,-2.2687583,14.183355,0.16528508,10.521849,4.4176464,-0.5938403,9.46905,0.23393781
mp-1106381,NaAs,5.7078824,5.62605,-1.5577627,13.114005,0.1927012,10.80117,4.78049,-0.24915619,9.13291,0.26617765
mp-1190647,Ge3F8,22.338928,19.420301,1.1775178,45.2657,0.070838146,2.6789203,4.5960875,0.3762459,9.3019285,0.24797276
mp-1247,Sb2Ir,9.759126,25.07953,-0.18260616,43.06898,0.06828765,24.859953,20.593182,2.1635938,37.609104,0.09010921
mp-1392,ZnP2,1.2988156,5.9886312,-2.3986802,13.716595,0.17439733,9.865352,4.385623,-0.11957442,9.516557,0.26296228
mp-1536,KSb,4.1882577,5.913474,-1.7319732,14.19112,0.15037227,8.627766,4.472871,0.31816396,9.744741,0.25954428
mp-1443,Sn3F8,12.063292,6.130475,-1.8251743,14.451766,0.16000858,2.8696527,4.5915384,0.04636564,9.244739,0.23898141
mp-14285,CoP2,10.016519,5.917783,-1.8389966,13.79606,0.18506303,24.938663,19.808449,4.334445,41.19574,0.07713495
mp-15649,As2Ir,7.547979,5.5608997,-1.3127078,14.2823715,0.15875,21.35791,22.447824,3.0401769,40.055683,0.08033854
mp-1771,NO2,0.32359284,6.3020363,-2.6028476,14.577597,0.1637932,2.2278762,4.900054,0.004160337,9.500544,0.24805336
mp-19033,WO3,128.6332,82.971756,0.054330435,151.51918,0.021230422,6.7168407,4.4409447,-0.016777555,9.270288,0.24646622
mp-1582,As2O3,2.9612641,6.4496946,-2.156386,14.710651,0.15368386,3.5164254,5.0983686,-0.0704552,9.622328,0.27427027
mp-1581,As2O3,3.156139,5.4746256,-2.7476985,14.360368,0.17348845,3.4101224,5.033581,0.12279587,9.665241,0.25810748
mp-1806,RbO3,3.8012173,6.000293,-1.9418957,14.766367,0.1679639,2.332895,4.582547,-2.8254268,12.754224,0.20374982
mp-15953,P2Rh,6.7122846,6.1670637,-2.3947494,13.066069,0.16317059,21.84085,20.925255,2.827797,40.126015,0.08081
mp-15954,As2Rh,9.072464,22.644855,0.7408561,44.66754,0.06291488,30.727922,22.334103,3.4160044,39.801426,0.08391205
mp-1853,Sr3P14,7.1081023,6.853994,-2.2551966,14.495426,0.16052084,7.866155,4.6506844,-0.075616986,9.620811,0.23467712
mp-23170,IO2,11.470709,6.9688864,-1.368894,13.825633,0.17822586,5.114327,4.073672,-0.8409696,9.578873,0.2676668
mp-23739,SiH4,0.25920177,5.8810496,-2.8408635,14.32605,0.17261752,2.2152362,5.001898,0.013424979,9.767084,0.25262913
mp-27164,FeP4,4.9202924,5.842142,-3.1969543,14.636374,0.16715045,19.72609,19.872452,2.9801533,40.818962,0.09181163
mp-27628,Te3Cl2,6.70704,5.8193145,-2.4282403,13.439556,0.16406108,8.905735,5.3070025,0.08247549,9.505195,0.25935778
mp-27747,PdI2,0.81648403,5.7480702,-2.0995848,13.646557,0.17393124,8.456882,4.9375534,0.057183847,9.49794,0.25724664
mp-27647,AuCl3,0.6706846,5.9859886,-2.3025,14.141304,0.17804568,3.2583141,4.782217,0.16354133,9.494902,0.24073325
mp-28319,PtI2,0.7228122,5.73633,-1.8970798,14.27112,0.16090786,7.4819274,4.684993,-0.107941106,10.041458,0.24362174
mp-23262,Bi2O3,27.310474,22.29617,0.46666574,43.401546,0.0769996,6.629157,4.387723,0.0030890661,9.462786,0.25282416
mp-2715,CoAs2,13.019915,23.627357,-0.11610487,44.934704,0.069360346,34.569054,20.419235,1.5624448,41.758938,0.0854537
mp-20078,Pb2O3,20.531424,24.896648,0.4294707,44.573956,0.06371716,7.459189,5.76194,-0.061524875,9.175156,0.24151388
mp-23185,XeF4,1.0154709,5.924532,-1.2245867,14.661928,0.17243329,2.4601333,5.9500275,-0.20418951,10.070378,0.25785166
mp-30953,GaBr3,0.8060783,6.234811,-0.8442075,14.855659,0.16775785,2.5618346,4.4562945,0.25306675,9.4397135,0.26984787
mp-28933,Br2O3,3.815308,6.113328,-1.7296385,13.307137,0.17294939,3.3395216,4.3617997,0.0382798,9.934519,0.27575475
mp-30092,TiCl4,0.24525352,6.635006,-1.9541917,14.2071085,0.16674371,2.2716541,4.5705395,-0.26208353,9.625157,0.25036997
mp-29504,ClF,2.3055394,5.916353,-3.028974,13.297716,0.1655901,2.8323271,5.033249,-0.037192017,9.551133,0.23489906
mp-2858,ZrO2,15.932496,6.3446417,-2.6118305,14.602219,0.17784399,5.3478284,4.7112336,0.32786798,9.480595,0.25283307
mp-30930,AlI3,0.89126974,6.2836266,-2.6287541,14.785278,0.15680945,2.8347008,4.624278,-0.26750985,9.287881,0.2488556
mp-30086,GeCl4,0.39658993,5.910627,-1.988878,14.259955,0.18164678,2.167582,5.075638,-0.043986637,9.417163,0.24285685
mp-28391,SiCl4,0.2916342,5.7272987,-1.5963674,14.3141575,0.17539935,2.109815,5.1924353,-0.33711395,9.304928,0.26139197
mp-524,Ba3As14,7.511745,5.6646395,-2.2740142,14.886036,0.15813419,10.605695,4.1245074,-0.13528632,9.030741,0.27636296
mp-384,MgP4,3.3625004,5.163998,-1.9159335,14.416858,0.1699288,10.285944,4.5296307,0.006104972,9.553395,0.26021627
mp-352,HfO2,13.9369955,5.954769,-2.3426092,14.308035,0.16732891,4.8107758,20.932987,2.5724378,39.95942,0.08082657
mp-554340,CrF2,3.1079128,5.792473,-2.4212878,13.821905,0.17032483,2.5360358,4.3683805,-2.4361608,12.376275,0.17432971
mp-561153,XeF3,0.9812888,5.696541,-2.0674596,14.495821,0.17216152,2.4137778,4.7525578,-0.42468554,9.020417,0.23819067
mp-561397,SO3,3.4491606,5.8127346,-2.404208,13.34333,0.17179142,2.2812283,4.3401394,-0.5422736,9.369644,0.24411137
mp-540922,CrTe3,1.464205,6.0593667,-2.4652433,13.501116,0.17036732,20.805027,6.444338,-22.86124,32.35973,0.055846486
mp-554799,VF4,9.91765,5.5473676,-2.3806672,13.384216,0.17694078,2.605703,4.433215,-2.7566867,11.375868,0.1667483
mp-558149,BF3,0.5638085,5.967262,-1.2416965,13.803895,0.1750912,1.6248709,4.6749372,0.075385295,9.831548,0.23588562
mp-567998,ICl,2.275761,6.855402,-2.257796,13.78318,0.16594729,3.775253,4.8453326,0.65743995,9.539717,0.2699025
mp-568024,ICl,2.11016,5.9130707,-2.3398767,13.920455,0.18270068,3.7923365,4.4909983,0.09272795,9.30628,0.25080827
mp-571011,CsI4,10.343386,5.673435,-2.1687012,14.671119,0.18500306,4.5171256,5.4077206,-0.4355324,9.576601,0.2323381
mp-7262,ZnAs2,1.7125618,5.240588,-2.0524049,14.643132,0.17369619,13.464169,5.3277187,0.10451296,9.612474,0.2762681
mp-669426,SiO2,1.8951018,5.8505898,-1.7384858,13.549523,0.1603136,2.3289967,11.813509,-26.825762,51.909786,0.039254777
mp-641,As2S3,2.020151,6.7110333,-2.140324,14.892369,0.16360508,5.526201,5.1078725,-0.6803326,9.804498,0.24346602
mp-7944,NaSb,5.5848823,6.9154286,-1.7203331,14.101216,0.17247213,14.140663,22.052475,5.1944714,40.788616,0.076800704
mp-8200,AgP2,1.0199288,5.5690618,-2.5033026,14.267075,0.19045137,14.243481,21.249378,2.3946903,38.094093,0.08201948
mp-974434,RuF4,1.6162049,6.2223597,-2.2418296,14.162307,0.17757122,4.9529953,3.7032075,-3.6077862,11.795929,0.19582139
mp-909,As2Se3,2.329757,6.5614405,-1.5462997,13.706899,0.16830097,8.079004,4.9450045,-0.29692337,9.2369995,0.2399488
mp-978114,Sn5O6,5.3784833,5.918053,-1.9720064,14.660267,0.155024,5.9908786,4.634924,0.09886619,10.029205,0.26677227
mp-927,CuP2,0.4014122,6.286789,-1.8379607,15.024128,0.17307217,16.289968,21.70142,2.8261735,39.224487,0.082081504
mp-7904,CdP4,12.359051,6.86331,-2.1210287,14.059519,0.17233711,12.745885,4.786624,0.101140015,9.627596,0.2563677
mp-7943,LiAs,8.138704,6.829154,-2.6083899,13.603862,0.16402973,15.447819,4.5302796,-0.19559619,9.509976,0.25170234
mp-9588,LiP,6.896916,7.3160086,-1.9379,13.352872,0.18878083,10.812318,4.795596,0.009408589,9.929163,0.2668972
mp-1025039,PbS2,71.14697,77.47424,-1.142257,157.71988,0.020830454,13.507624,4.6524935,-0.26512307,9.830503,0.24288723
mp-1836,TlSe,15.890158,6.001686,-2.3840926,14.472964,0.15337864,11.430829,5.7811823,-0.1502242,9.5491905,0.23702192
mp-2150,BaTe2,4.4964542,5.768488,-1.9680805,14.5245285,0.18071379,8.833802,4.579625,0.0656445,10.065035,0.24783951
mp-22142,SiSe2,0.8966222,6.1819596,-2.2002509,14.080878,0.18571638,3.5263603,5.0862665,-0.8344573,9.739578,0.25820544
mp-510557,CsN3,4.455871,5.3384037,-2.99852,14.41803,0.17895062,2.5425687,4.691203,-0.087781735,9.415542,0.26302615
mp-554543,SiO2,1.4942178,6.037428,-1.2436959,13.554913,0.17678212,1.978118,5.0977826,-0.0031054518,9.802468,0.26670548
mp-743,RbN3,3.7074847,6.7843795,-1.8006293,14.09872,0.1755801,2.4559937,5.026679,-0.47419402,9.243251,0.23876068
mp-827,KN3,3.733981,6.5265293,-1.46765,14.204137,0.18325482,2.4737184,4.543683,-0.39779326,9.502995,0.25174803
mp-18759,Mn3O4,6.463304,6.579253,-2.8649962,14.016017,0.16323937,6.222458,4.585738,-3.217239,11.34318,0.17345361
mp-32780,AuCl,0.27580425,5.9276857,-1.4582459,13.467928,0.18355423,4.5694647,4.479806,-0.18630695,9.493231,0.25588644
mp-29537,Cl2O,4.259143,6.5219226,-2.6066644,13.464993,0.1665931,3.0265133,4.8142376,0.63805765,9.737541,0.27093583
mp-390,TiO2,56.380146,20.517632,1.3534214,45.18409,0.078762695,6.838953,4.654614,0.022541616,9.906343,0.267923
mp-697135,H2S,0.9908676,4.4124804,-1.9982191,13.879265,0.15712039,2.073173,4.802374,-0.7428565,10.256784,0.24103649
mp-571558,HgBr2,7.1351776,5.717529,-2.1206803,13.40818,0.17156291,4.542873,4.6743307,-0.08121546,9.681243,0.2755417
mp-776922,Rb2O,3.5680246,6.5902386,-2.759675,14.279099,0.15775724,5.114945,4.658575,-0.3263398,9.5655575,0.24480635
mp-776952,Na2O,34.067966,21.207382,1.8256502,43.628414,0.06978842,3.4710822,4.8449683,0.07305915,9.827703,0.26210192
mp-571195,ZnTe,3.0037196,6.5906973,-1.5501578,15.422584,0.15530957,9.200702,5.231872,0.1167856,9.794903,0.23628913
mp-971683,C3N4,1.9485523,5.416457,-1.8522631,13.961405,0.16074479,4.990354,4.558257,-0.15252861,9.714731,0.24416892
mp-31503,Mg9Sn5,24.539886,23.122173,0.88231784,43.892845,0.07578361,55.1747,21.861195,4.08411,40.00317,0.083579205
mp-1391848,CrF6,0.7071112,6.9903917,-2.8858647,14.279898,0.17462938,2.4997594,4.6027517,0.17519444,10.105393,0.24886484
mp-23218,AsI3,6.3396006,6.151232,-1.7835197,13.675841,0.19826557,5.7791786,4.661214,0.1211458,9.538085,0.28320172
mp-27734,CrBr3,1.070653,7.573729,-2.432843,14.929219,0.17847112,4.6742315,4.810905,-3.2500207,11.888833,0.18383026
mp-28483,WBr6,2.183799,5.8914495,-1.5607109,13.822364,0.17824313,4.8760624,5.0680046,0.026947444,9.587712,0.24659866
mp-1396578,TeF6,0.58473235,6.361186,-1.5933226,14.47476,0.16776472,1.8548934,4.5218396,-0.3477063,9.278656,0.23916276
mp-23281,SbI3,8.237603,7.095909,-2.3126616,13.477828,0.18971786,5.5934277,4.7400227,0.19450396,9.707265,0.25844914
mp-23309,ScCl3,3.294226,6.2619843,-1.8778648,14.573136,0.17484555,3.0638406,5.091719,0.14683405,9.407213,0.27726012
mp-24043,H2O,1.4141783,6.3307166,-1.6282188,14.281622,0.17452198,2.0907094,4.797924,0.078039885,9.633507,0.25847957
mp-22849,BiI3,5.5842686,5.772397,-2.5726092,13.953967,0.16971307,4.9866705,4.9942365,-0.5590109,9.29874,0.26219717
mp-29487,PdCl2,0.16636568,5.7835207,-2.5484927,13.665974,0.16584156,3.7946107,5.105384,-0.047952313,9.528124,0.24534017
mp-571442,YI3,2.536324,5.534708,-1.989264,13.588134,0.19088766,3.631671,4.5894423,-0.2710452,9.550605,0.2527731
mp-571518,WCl6,1.3942115,5.8725824,-2.5020304,13.92952,0.16809295,3.547215,4.7846785,-0.5049543,9.57486,0.23176177
mp-567504,CrCl3,1.2029897,6.415615,-2.1255257,14.074552,0.17288572,3.7550385,4.057646,-3.7282884,11.6388235,0.18978274
mp-583463,FeCl3,13.754478,5.8307667,-1.7576406,14.139779,0.1614394,5.2058725,8.680741,-23.232128,34.624123,0.059594598
mp-10390,Ta2O5,28.124727,20.603727,2.6544664,43.96042,0.073427826,5.6278687,4.2728214,-0.34558558,9.597782,0.2501303
mp-1167,CF4,0.295955,5.551961,-1.7480145,13.906939,0.18426004,1.631947,4.4903793,0.23570247,9.353599,0.23452117
mp-1705,Sb2O5,9.605099,6.234022,-2.0877721,13.839093,0.15994027,5.8770123,4.753453,0.14887722,9.462039,0.23757651
mp-1786164,SnF4,5.4974,5.5929627,-0.95910245,15.105249,0.16010733,2.5227761,3.911273,0.088455245,9.445385,0.26470447
mp-1819,SbO2,15.562884,6.4095974,-2.143131,14.189513,0.17716192,5.339318,4.8010073,0.0071368497,9.797883,0.2494256
mp-31050,Cl2O7,0.94978946,5.333233,-1.7022237,14.421943,0.17212321,2.1870847,4.63702,0.23395449,9.635136,0.27387518
mp-27857,PdBr2,0.17433463,5.945119,-2.2402833,15.198322,0.16812228,4.2232337,4.4168863,-0.2824897,9.532182,0.25187957
mp-28266,P2Pd,1.5846789,5.572368,-1.5321889,14.532237,0.17502838,22.596643,20.57074,3.1995375,40.64932,0.08504909
mp-32654,Sc2Te3,16.27218,5.425174,-2.460993,13.921926,0.16107386,14.840084,21.005394,3.6752186,41.815556,0.096332386
mp-28256,V2Se9,1.5603886,6.095328,-1.8950387,14.50301,0.1737821,8.027565,5.297759,-0.09218932,9.61946,0.25523823
mp-27148,BeP2,0.2181506,6.8599052,-1.4366932,13.808078,0.16723382,9.87206,4.2101784,-0.20201673,9.940932,0.239082
mp-29711,Tl2Te3,54.09148,74.90314,-7.7568207,161.07161,0.022047568,19.38305,21.428684,2.996532,38.452618,0.07828011
mp-32570,Al2O3,5.9027247,6.5949917,-2.4564073,15.145241,0.15843703,3.173648,5.4448147,0.20515087,9.562774,0.2566317
mp-2402,NaSi,7.7528005,5.173528,-2.4191508,13.7944355,0.15766793,9.042462,4.7196054,-0.19961114,9.072812,0.2542856
mp-541013,TiI4,2.1753275,6.0613985,-2.2631776,14.061051,0.1590608,4.966954,4.8235087,0.20460898,10.016718,0.2884408
mp-486,NiP2,2.935273,5.1401863,-2.1419237,14.269943,0.1813274,26.526966,21.756752,4.7891326,40.34563,0.07859469
mp-542846,AsS,0.4410181,5.6831903,-2.982177,14.969559,0.16554143,4.4063125,4.67941,-0.114478275,10.078713,0.2772067
mp-541155,VS4,0.22179018,5.888309,-2.0918436,14.700157,0.16565302,6.153356,4.8820024,-0.4894636,9.551622,0.25180912
mp-540783,OsO4,0.16338408,6.2847853,-1.592824,14.039185,0.16189997,2.4060721,5.0267344,-0.2505558,9.826932,0.26727092
mp-557993,BiO2,22.338116,22.158897,1.0296073,43.385754,0.0742558,7.650879,4.614324,-0.023080414,9.021819,0.23091601
mp-558380,Cr2F5,3.2811055,6.7032585,-2.537071,14.205312,0.17145105,2.7093484,4.6442256,-3.108424,12.2544985,0.17579608
mp-557837,SiO2,1.8875049,5.826355,-1.2067019,13.570455,0.1745726,2.255486,12.516305,-29.70163,52.68465,0.041065454
mp-567907,P3N5,4.203123,6.2593126,-1.5546163,13.931505,0.16715916,4.0179105,4.5340633,0.18130963,9.914531,0.25837892
mp-684690,Sc2Se3,18.037346,26.01117,1.7332847,42.27141,0.066848725,10.459824,5.190013,-0.66645205,9.226779,0.24189782
mp-570553,FeP4,4.2067156,7.1051674,-1.8625045,14.436803,0.15982191,19.46599,20.976374,2.41515,39.58117,0.087885685
mp-684,BaS2,5.3261857,6.8545933,-1.9788345,14.540853,0.17163382,4.9770527,4.4940844,-0.2494253,9.368438,0.24554777
mp-7547,BaSe2,5.1702504,5.7093554,-1.3736993,13.647777,0.15584105,7.907802,4.788693,0.24779141,9.953887,0.26126352
mp-757410,VF4,3.4709928,6.0856843,-1.7469983,13.387317,0.1719457,2.429252,4.887679,-3.5939732,11.762766,0.19723491
mp-358,HgTe,25.584965,22.186636,0.12950478,41.982323,0.06932374,15.308952,22.030037,-0.019645102,40.059002,0.07964345
mp-733,GeO2,3.256413,5.0637226,-2.3542635,14.738582,0.16632019,3.09878,4.5269084,0.19961138,9.695876,0.2615511
mp-634,HgS,5.4546432,5.5805626,-2.7741222,13.262496,0.16305606,6.5085006,4.102861,0.8245822,9.693156,0.23277982
mp-15951,BeF2,1.689107,6.2436543,-1.252001,14.530356,0.15847726,1.7998757,5.044612,-0.112350665,9.48056,0.26697645
mp-306,B2O3,2.0803921,7.538494,-2.1165102,13.496929,0.17399007,2.7233033,4.8374414,-0.29180402,9.293911,0.28326327
mp-553432,TiO2,4.882144,5.6654663,-1.4339311,14.591979,0.1707831,3.8215442,5.06603,0.14231673,9.702877,0.26185492
mp-7000,SiO2,2.16345,6.525345,-1.8026803,14.121042,0.1937117,2.4226816,4.653287,-0.041553706,9.718618,0.26264766
mp-754629,WN2,13.105516,6.152925,-2.6243699,13.933436,0.15521464,10.454441,4.3976393,0.21091646,10.001051,0.24985798
mp-7826,HgO,4.682549,5.0244646,-2.1333325,13.917605,0.15815288,5.562406,4.257533,-0.09560236,10.153064,0.25093117
mp-6930,SiO2,2.1987417,5.564201,-2.1429315,14.559109,0.17136544,2.535877,5.0855303,-0.054325663,9.451134,0.27071992
mp-569030,BeCl2,0.7965472,4.549457,-2.0988193,14.091277,0.16872913,1.9659592,4.3955765,0.03596126,9.513331,0.24590522
mp-223,GeO2,3.2438426,5.8696566,-1.9111183,13.6044655,0.16793485,3.1055086,4.950322,-0.036847826,9.571044,0.24761589
mp-9252,HgS,5.6230087,6.0861015,-1.5040525,14.754492,0.17395163,6.5704155,4.64749,-0.21154912,9.544596,0.27898037
mp-559092,ScF3,6.1292286,5.6021414,-1.2352679,14.591763,0.16078734,2.2309153,5.009162,-0.12420111,9.581332,0.25991973
mp-14506,Al7Te10,2.773593,6.1237183,-1.7110204,15.448166,0.17832376,7.465793,3.9598484,-0.002617779,9.6874485,0.27455196
mp-546546,SiO2,1.4683582,5.8524933,-2.4158208,14.138246,0.18161449,2.1193275,5.0301814,-0.06431204,9.490524,0.27076656
mp-1021511,CdS,1.795501,5.2406034,-2.3639898,14.561974,0.16826285,3.802904,4.5904107,-0.30418473,9.669409,0.2424951
mp-556005,ZnS,5.8672667,5.928379,-1.9211528,13.504835,0.17183627,2.8308656,5.136032,-0.27089313,9.433023,0.25099397
mp-556395,ZnS,3.3698697,5.452862,-2.7302194,13.806427,0.1818829,5.878898,4.8089333,0.14812165,9.533615,0.25700933
mp-557308,ZnS,3.3988137,6.2293572,-2.5995095,14.0388,0.17046382,5.9869356,4.543478,-0.05361063,9.60403,0.23426975
mp-568619,SiC,3.4064848,4.9055815,-1.9755635,13.299897,0.21378429,7.0786633,19.630434,2.015745,40.715366,0.0749034
mp-568656,SiC,3.4028323,6.197942,-2.2265007,14.687913,0.18557481,7.1168203,21.610275,4.981128,39.659332,0.085700564
mp-570136,CuI,2.4106956,5.969632,-2.4094841,14.488474,0.17349505,5.4327393,4.834113,-0.5590785,9.555886,0.2492805
mp-570437,CdI2,5.973443,6.3279443,-1.9660399,14.511127,0.16552317,4.674747,3.8485985,-0.46269426,9.237543,0.27418616
mp-680111,CdI2,6.336442,7.7446356,-0.97825813,14.890283,0.18028972,4.7204204,4.402928,-0.09995042,9.389073,0.25185108
mp-775808,MgO,2.9832177,6.4674006,-1.3548304,14.230782,0.16178244,3.0288126,5.0700727,-0.06985,9.927234,0.2336557
mp-2245,Si3N4,3.8694499,6.294925,-2.0774236,14.195794,0.15197769,4.281872,4.5859423,0.42747757,9.603109,0.2583866
mp-9410,C3N4,2.1584928,6.4536095,-2.5297434,14.512898,0.1909942,5.098429,5.1765375,-0.23481876,9.740125,0.24579951
mp-11342,GaSe,2.1479547,6.5478826,-1.1985312,13.848608,0.16144705,6.534894,4.834757,0.47481522,9.091255,0.2768011
mp-11713,SiC,3.4147556,6.7189226,-1.9587215,13.763893,0.1777608,7.1799397,4.817399,-0.44490987,9.384383,0.24631193
mp-13150,BN,1.1729683,5.848874,-1.8998189,14.199379,0.161694,3.7306345,4.629409,0.29976472,9.565668,0.24686247
mp-13456,ZnS,3.3651412,6.051521,-2.1185613,13.94824,0.19241418,5.899985,4.1014256,-0.29501757,9.328656,0.23537578
mp-1408285,TiO2,14.7976675,23.66563,2.1812434,44.88077,0.081295446,4.8355784,5.001754,0.27815723,9.212183,0.26450682
mp-1434,MoS2,0.10130625,6.0360336,-2.397997,15.02739,0.16553894,10.06085,4.787001,0.14217365,9.29779,0.26842684
mp-555763,ZnS,3.343256,5.3591957,-2.2888236,14.615634,0.17005423,5.8803535,4.9408646,-0.26685345,9.91971,0.2355221
mp-22691,InSe,2.4960089,5.6000533,-1.890413,14.439395,0.16453288,7.1822824,5.4141293,0.14774455,9.809035,0.2616295
mp-554405,ZnS,3.3245168,5.4139953,-2.0423937,14.202098,0.16335568,5.868289,4.9476695,-0.7026225,10.092019,0.23127834
mp-555410,ZnS,3.3041627,5.441866,-1.299768,13.967753,0.15907755,5.8911376,4.4766035,-0.73284197,9.649953,0.2662572
mp-23162,ZrCl2,0.33162042,5.3943076,-1.8397453,14.832012,0.18085383,8.616685,4.739251,-0.28114468,9.197904,0.24684756
mp-32750,CuI,1.4984915,6.9994917,-1.668371,14.098448,0.17261593,6.330752,5.388133,-0.47187725,10.3722315,0.2662746
mp-32899,Li2S,6.0302267,6.2941217,-1.704337,13.875293,0.17036766,4.0307546,4.7046766,-0.14090736,10.155287,0.25403902
mp-7581,MoSe2,0.32647365,6.493517,-1.4881747,14.366027,0.16137367,11.351471,5.327441,-0.06775154,9.212443,0.26671556
mp-755483,Al2O3,10.641819,6.741308,-2.1245768,14.51428,0.17810705,3.2803237,4.6596985,-0.21423222,9.678492,0.25898913
mp-9947,SiC,3.4389653,5.8765335,-1.7541835,13.422282,0.15625408,7.387356,20.173866,3.2954705,38.840405,0.07803038
mp-9813,WS2,0.023402967,5.802501,-1.9500254,14.157798,0.17610803,9.240249,4.8394365,0.0144387735,9.716832,0.2683803
mp-938,GeTe,55.84821,80.72286,5.22175,155.92789,0.020056635,37.762867,23.06951,2.9738982,38.94683,0.08631451
mp-651723,C5N4,0.44386923,6.4841805,-2.8424735,13.646851,0.15167828,2.3850183,5.062704,-0.0174293,9.5244,0.26688278
mp-562613,P2O5,0.72095454,7.234205,-1.7361815,13.503131,0.17820619,2.161383,4.9712057,-0.22772233,9.190999,0.25125298
mp-1018138,VI2,0.6914786,6.3917456,-2.3825269,14.251803,0.17247793,4.975589,4.2880936,-3.0417082,12.309771,0.17717914
mp-1027692,MoSe2,16.543905,21.399609,1.8644652,45.799057,0.0711944,8.1738825,5.6076174,0.101697944,9.815279,0.25581363
mp-1027525,MoS2,36.706993,77.31804,7.5441933,152.22993,0.02126168,7.27404,4.842868,-0.25192916,9.633782,0.24637425
mp-1115,PtSe2,0.7177635,5.7297506,-1.309162,13.984576,0.17568296,15.281328,13.245449,-25.952515,51.585747,0.041737445
mp-1170,SnS2,7.1960487,6.6040897,-1.8150554,14.106507,0.16462937,8.8042,4.924386,-0.74746644,9.166172,0.24128486
mp-1186,ZrS2,27.854393,21.859535,0.05356324,45.369617,0.07262306,8.045724,4.384368,0.18001911,9.84515,0.25668636
mp-2076,ZrSe2,46.030766,25.269373,2.3554282,45.52698,0.08024098,12.298715,4.8697987,-0.12545343,9.552323,0.25525606
mp-22877,VCl2,1.2578778,5.9529586,-2.3058074,14.096518,0.17072162,3.9194274,4.575769,-3.0238197,11.581081,0.1712945
mp-25223,MnO2,6.4604387,6.469409,-2.5037763,13.560832,0.16652614,6.9571,3.230066,-2.6148963,12.308577,0.15994999
mp-23178,WCl6,1.187936,5.958646,-1.7059581,13.994445,0.16672146,3.2647102,5.04021,0.02595716,10.01868,0.24976169
mp-23205,MgI2,3.0439076,6.312496,-2.387247,13.826181,0.15789674,3.6733356,4.62953,-0.3224342,9.640526,0.26657024
mp-28013,MnI2,5.667631,6.0992546,-2.505439,13.529995,0.16598226,4.9747715,4.5844274,-3.0528407,12.210162,0.18215096
mp-2646,Mg3Sb2,17.578321,21.347477,1.1481217,46.213974,0.07356224,14.8014765,4.1192226,0.31062132,9.260705,0.24577637
mp-28306,MnBr2,4.596946,6.458236,-1.4767791,14.597946,0.16585483,3.6612456,4.980729,-3.5538843,11.770888,0.17681067
mp-30031,CaI2,2.1324527,5.706189,-1.9538602,14.436672,0.17935018,3.2370896,4.2672415,-0.64754105,9.7747965,0.225804
mp-30033,CoBr2,1.6329639,6.1231527,-1.9165006,14.387945,0.18784279,12.102068,7.592844,-18.807915,33.729435,0.055512045
mp-567259,CdI2,5.9657583,5.663161,-1.9391357,14.263217,0.16273078,4.7315416,4.560665,-0.40623587,9.473386,0.27324328
mp-30034,MgBr2,2.8888838,5.474662,-1.8881814,14.705376,0.17327799,3.0267863,4.866188,0.10360979,10.13647,0.26449054
mp-570259,MgCl2,2.5876062,5.298711,-3.1194873,13.398761,0.17945237,2.635111,4.4944115,-0.35501862,9.018747,0.23739944
mp-570081,CuI,2.5797365,6.091011,-1.6444703,14.524413,0.18231142,5.4619575,4.7922573,-0.057251126,9.409361,0.24923985
mp-617,PtO2,1.8497107,6.4129367,-2.3178,14.081743,0.17144944,7.4428806,5.1681232,0.05360936,9.745274,0.23672147
mp-762,PtS2,0.75229853,5.8572254,-1.3526376,13.892938,0.1926469,10.142844,4.616783,0.5357861,9.5536,0.28369507
mp-665,SnSe2,9.004272,6.4402514,-2.1852553,13.678083,0.17425719,14.89182,4.8943114,-0.06692807,9.263652,0.26410067
mp-7891,Mg3As2,14.912149,5.507126,-2.263379,13.992264,0.17442934,11.284856,3.9390554,0.061489027,9.3431635,0.27962396
mp-971787,VBr2,0.98362297,5.860076,-2.1402974,14.649076,0.17044778,4.0749116,4.699992,-2.7201502,12.131709,0.18240348
mp-985829,HfS2,19.865763,21.137608,-0.95804644,44.711246,0.07121217,6.8052998,5.409936,0.15081759,9.442016,0.2682546
mp-1185959,MgS2,3.2623043,6.0180216,-1.9479764,13.833442,0.19082424,6.000242,5.0458846,0.13592596,9.261149,0.2518105
mp-1201,Sb2Te3,83.26506,80.12152,-4.31703,156.59612,0.019720286,44.217697,20.37985,1.4907465,39.148857,0.088605486
mp-1346,B6O,0.6487379,5.2643743,-2.4426534,14.442627,0.17415415,5.7521744,21.233902,3.142535,41.424362,0.08098351
mp-17909,SiO2,1.1118125,6.0693045,-2.4163108,13.567047,0.16019568,1.7780743,5.006927,-0.21247983,9.975379,0.25564447
mp-1540935,GeI2,24.677801,24.636024,0.8120488,41.03759,0.07015456,6.148104,4.6227555,-0.43450332,9.564968,0.23710361
mp-1591,Al4C3,9.662658,4.908661,-1.7004948,14.170855,0.1809745,8.166043,4.474806,0.0005292762,9.747207,0.25979567
mp-23174,ReCl3,0.6956316,5.8417177,-2.0557158,14.357981,0.16212003,4.020659,4.8711634,-0.18570285,9.000528,0.25542843
mp-22881,CdCl2,3.3299909,5.8341312,-1.6995258,14.17459,0.18089955,3.0137663,5.155265,-0.48484957,10.113071,0.26887435
mp-23210,MgCl2,2.476173,5.8562593,-1.7438978,14.38253,0.15826121,2.5852118,4.694996,0.37532774,9.757034,0.2547704
mp-22003,NaN3,2.706731,6.253989,-2.2635846,13.969434,0.1755968,2.3112142,4.8942986,-0.23373365,9.376294,0.24331224
mp-23240,CoCl2,1.505395,6.426284,-2.3199058,13.780464,0.18106154,15.650308,3.954775,-20.488323,32.885242,0.058844734
mp-23290,PtCl2,0.08935084,7.0298095,-1.8669662,14.259521,0.16037294,3.1997688,5.088726,0.46054092,9.646886,0.2675458
mp-27484,Tl2O,19.94833,23.830475,-0.30155528,44.056507,0.07466686,12.479446,4.0907774,-0.050601136,9.536275,0.25410956
mp-27396,NiCl2,1.5681763,5.9723463,-2.6661263,14.480339,0.16464496,4.277264,3.771509,-2.5934901,12.317516,0.18592171
mp-28233,MnCl2,4.5214767,6.7525578,-2.225123,13.861308,0.15685382,3.1779208,3.6793532,-2.0802436,12.354007,0.19812654
mp-28395,B6P,0.29314178,6.3800516,-1.6941235,13.904685,0.17105685,7.527535,4.3279457,-0.064836614,9.355979,0.2561469
mp-27814,CS14,0.07637573,6.4597235,-1.3863509,15.33686,0.16817136,3.1248677,4.688587,-0.6386722,9.649154,0.27393517
mp-34202,Bi2Te3,57.295914,79.85292,-2.3857303,163.39804,0.020784726,32.60318,22.266598,2.6370766,41.396896,0.07553682
mp-540789,PbI2,11.703363,5.3370476,-1.5250986,13.4056635,0.16237548,5.3482957,5.160388,-0.07824697,9.637712,0.25890768
mp-541837,Bi2Se3,40.91492,20.577911,1.896176,43.984184,0.06336357,17.336138,18.276947,1.6853771,39.992737,0.09148969
mp-559400,BeF2,0.85009694,6.8592706,-1.6990727,14.406522,0.18169406,1.437796,4.5069017,0.5049564,9.448599,0.2582798
mp-568233,CdI2,5.5642686,5.8237104,-1.7506193,14.722837,0.1805863,4.3961487,4.9306927,-0.10043109,9.298238,0.26285622
mp-568722,CdBr2,3.9391778,5.7755833,-2.1094282,14.350334,0.17113066,3.52021,5.125718,0.16340281,9.279209,0.26388413
mp-569595,PbI2,11.692437,6.4547963,-1.6296831,14.360927,0.16753179,5.1926246,5.205532,-0.15354598,9.728679,0.24008
mp-568690,CdBr2,3.916437,5.9749317,-1.7707628,14.233737,0.17456895,3.537984,5.082982,-0.20938797,9.829551,0.2517918
mp-569843,MnBr2,4.9319067,6.437866,-2.0591938,13.631536,0.16575587,3.8999724,4.5392084,-3.5038733,11.879888,0.17905606
mp-624,B6As,0.40246096,5.795167,-2.4663024,13.63897,0.15691324,7.6739426,4.1678267,0.2929219,9.456945,0.2500634
mp-753746,Rb2O,3.7782826,5.4392557,-0.82668334,14.195999,0.16338354,4.2400284,5.597127,-0.33620313,9.63682,0.2727378
mp-7988,Cs2O,7.716828,5.048645,-1.770996,14.145805,0.17312329,4.608729,4.9150877,0.2616587,9.591212,0.2592621
mp-9889,GaS,2.290538,5.819728,-1.8172016,14.732883,0.17410874,5.3566766,4.6753855,0.0061000963,9.499847,0.24531342
mp-1143,Al2O3,6.4877295,6.230823,-2.495728,13.993687,0.17666018,3.218508,20.22247,3.9769342,40.711296,0.08557845
mp-19399,Cr2O3,4.7315807,5.306809,-1.9874502,14.840197,0.16196431,6.3179007,4.5230665,-3.031767,11.7601595,0.17634197
mp-2068,RhF3,1.0672811,5.895138,-2.327696,14.359827,0.17660123,8.605104,4.3370533,0.059770267,9.619065,0.2713818
mp-19770,Fe2O3,13.656312,25.527088,0.8385778,44.56712,0.06767359,6.2133794,4.762983,-3.2699368,12.027948,0.17150341
mp-23933,AlH3,7.226852,5.9391947,-2.0933862,14.048496,0.18120788,4.492686,4.922443,0.31038105,9.420922,0.24852696
mp-22398,FeF3,5.9349346,5.9275637,-2.0535278,14.032925,0.16574459,2.6701102,5.091592,-2.2247398,11.683039,0.18066522
mp-468,AlF3,3.048388,5.756779,-2.377756,13.578763,0.17278871,1.9429094,5.3286257,0.06574191,9.8486,0.26865947
mp-2552,TeO3,9.475405,7.5021896,-1.6030666,14.608622,0.16417965,5.4931574,4.3624034,0.19981,9.38369,0.26391158
mp-2437,IrF3,0.91021407,5.9134912,-1.8866212,14.158252,0.16650946,7.0921216,4.3441668,-0.21021378,9.542278,0.26656708
mp-560338,CrF3,2.836714,6.443618,-1.8395483,14.243962,0.1723254,2.8355198,4.467293,-2.89737,12.04402,0.18571618
mp-559931,VF3,3.7166355,5.8622828,-2.0266802,13.402971,0.16879953,2.6897151,3.4252484,-2.8736212,11.53763,0.17737308
mp-557539,MoF3,2.0229757,5.7090263,-1.9662099,14.8578,0.18384306,2.5165782,4.3195486,-2.783333,11.548042,0.17680806
mp-588,GaF3,4.418151,7.0229836,-2.172081,14.401293,0.1961738,2.2991505,4.7741756,-0.03519323,9.395227,0.26688978
mp-6949,InF3,3.8271852,6.3539505,-1.7341363,13.003744,0.18201631,2.2751744,4.6405125,-0.52722424,9.277075,0.23080772
mp-861979,Ir2S3,1.0772033,6.545339,-1.7428765,14.327788,0.15956728,19.169796,20.880348,1.1983613,40.963924,0.082478605
mp-612740,In2Se3,6.6873217,6.41982,-1.8695172,14.472324,0.17650214,7.717874,5.146246,-0.32257935,9.480083,0.2658169
mp-27529,PI3,0.46431345,6.2027216,-2.358847,14.130649,0.16201854,3.644957,4.227318,0.3074385,9.216337,0.24236572
mp-13852,Ge3N4,5.047326,5.2442913,-1.8855928,13.574098,0.15247908,5.164235,4.569873,0.29996327,9.355345,0.24928766
mp-23184,BCl3,0.16372906,7.3575363,-1.6553925,14.445686,0.16874374,2.0314908,4.9711914,-0.3879143,9.488194,0.26185796
mp-22896,LaCl3,6.4757814,6.207404,-1.6192468,14.057992,0.1694374,3.7403188,4.357686,0.055919312,9.3720455,0.23322617
mp-23189,BI3,0.16698731,6.4074736,-1.9421029,14.199403,0.17585817,2.7711592,4.2585497,-0.03857758,9.27598,0.24887438
mp-23263,LaBr3,6.278996,7.2355285,-1.4716038,13.360392,0.15662071,4.413594,4.1025977,0.022340642,10.167248,0.23338732
mp-23225,BBr3,0.15087031,6.3329964,-1.2456398,13.548594,0.17395876,2.2208118,5.3710065,0.10134398,9.637567,0.2489551
mp-988,Si3N4,3.8933532,5.9717436,-1.2183055,15.0232115,0.17610474,4.264479,22.261555,1.1334407,38.89286,0.07668814
mp-942,AuF3,1.4040285,4.6690865,-2.0880141,14.007187,0.1701311,3.476353,4.7659044,0.455521,9.669938,0.24756953
mp-554243,SiO2,1.5662686,6.287923,-0.99495214,14.527525,0.17832056,2.0006325,5.278965,0.08208166,9.594968,0.24156195
mp-556296,BaS3,7.88114,6.4593163,-1.3792994,14.408317,0.15727161,5.816169,4.5366526,0.3089178,9.835161,0.25786301
mp-6922,SiO2,2.1698751,5.792206,-2.8692465,14.128256,0.16048741,2.3522775,5.2534833,-0.15198132,9.827158,0.27265432
mp-1222,CrSi2,30.324274,24.257835,2.0615041,43.900146,0.069345325,30.854574,22.122837,3.8784976,41.491657,0.07075983
mp-558118,BeF2,1.6683242,6.8401566,-1.7730352,14.366805,0.1768426,1.7453806,4.9226847,0.16916797,9.767612,0.25929323
mp-8938,Si2Mo,29.238737,21.000938,0.4562167,44.74577,0.065844215,28.558735,19.659256,0.34575343,40.246506,0.09558105
mp-11191,CrSi2,30.283154,23.365234,1.6656051,43.954124,0.07585087,30.731525,21.572369,2.212247,40.509438,0.09451488
mp-10851,SiO2,2.1694496,6.191577,-2.4297075,14.052573,0.15985155,2.3523042,4.857463,0.03688891,9.911386,0.26405522
mp-557723,SiO2,2.7907393,4.8160133,-2.239087,14.153049,0.15550192,2.2879837,4.3128586,-0.10999482,9.410618,0.242178
mp-559091,SiO2,1.6945213,6.4152203,-1.9603502,13.6996975,0.17776166,2.1456664,4.347591,-0.19217718,9.707379,0.2515775
mp-32662,WO3,63.468086,74.485504,-0.7830833,155.26688,0.022320826,5.7920046,4.4135303,-0.18002795,9.158081,0.27056018
mp-334,LaF3,15.668078,27.351074,1.974595,44.024666,0.07108712,2.9003742,4.682314,-0.05393058,9.651581,0.22656699
mp-655,Na3As,2.1998346,315.56876,-71.441154,714.53186,0.004757995,,4.8715754,-0.069534965,9.584873,0.2643365
mp-703459,H2O,1.578641,6.1780357,-2.5589046,14.333467,0.16735734,1.9046723,4.4163456,0.041984722,9.455043,0.23556636
mp-10281,ZnS,3.4207017,7.190546,-2.1016734,15.216381,0.17493208,5.8659678,4.705047,-0.26188886,10.253812,0.276694
mp-1070,CdSe,2.9435458,4.6169577,-1.8955146,14.016481,0.18301557,9.673608,5.1221795,-0.18451454,9.514737,0.2886782
mp-1008559,BP,0.10571112,5.7313623,-2.0230384,14.256724,0.1679329,9.155521,4.9641676,0.1797646,9.329532,0.22260864
mp-1018040,MgSe,2.6726103,5.529783,-2.0738833,14.513524,0.17684473,4.657035,4.9249153,-0.27983254,8.836658,0.2738416
mp-1018100,AlSb,1.306436,5.716045,-2.279201,14.467127,0.17102486,11.523128,4.6941514,0.018805286,9.649711,0.2273652
mp-1039,MgTe,2.5102277,5.466712,-2.3604383,13.428431,0.16880596,5.4906654,5.23507,0.057530455,9.559993,0.25642243
mp-11714,SiC,3.4007652,6.705863,-2.297801,13.900155,0.16857132,7.123321,23.286346,2.2712543,40.52771,0.076237686
mp-1185319,LiCl,2.1809056,6.231654,-2.0656846,13.689418,0.16063133,2.439966,4.7452526,-0.19724733,9.791661,0.25661132
mp-12779,CdTe,3.3380833,7.2887583,-2.2958007,14.599966,0.18315876,8.909369,4.569847,-0.17298621,9.466594,0.2650087
mp-19128,CoO,3.9443662,4.992541,-2.105071,13.9151125,0.1541033,5.452141,4.8943114,0.13615392,9.7353525,0.25022167
mp-28248,CdI2,5.671397,6.640041,-2.019909,14.04967,0.15926531,4.5683813,5.137883,0.10026539,9.696863,0.2866656
mp-22894,AgI,2.2203681,6.18071,-2.1976163,13.518892,0.17414057,4.9682755,4.610113,-0.100311145,9.943244,0.24888475
mp-2653,BN,2.2768006,6.48888,-2.2550247,14.4388275,0.16920991,4.624563,20.502113,1.092916,37.565014,0.09600566
mp-2133,ZnO,5.4449368,6.3902717,-2.2116575,14.087326,0.17672877,5.3903613,4.809512,-0.26248258,10.105721,0.26820695
mp-27934,CdBr2,3.9436386,6.6176996,-2.2238684,15.168931,0.16094613,3.5366364,4.757309,-0.13139734,9.661252,0.26673666
mp-24093,CuH,1.013857,5.6414194,-2.4209154,14.772446,0.18835334,13.360495,4.9528637,-0.08826641,9.702267,0.2650736
mp-2542,BeO,4.246495,5.7527943,-0.6757478,14.193651,0.1552209,3.102315,5.402497,0.30181408,10.244426,0.2700713
mp-549706,MgO,3.2609205,6.589348,-2.0632238,14.099814,0.17920113,3.015355,4.681882,-0.14857873,8.933147,0.26098397
mp-561258,ZnS,3.3812687,5.2365675,-1.4306471,14.272168,0.17459875,5.912387,4.2354426,-0.5197516,9.580951,0.268771
mp-560588,ZnS,3.2687497,6.4683633,-1.6746999,14.375387,0.17397234,5.827916,4.751667,-0.009543786,9.968809,0.24563402
mp-380,ZnSe,3.222309,5.7456694,-1.5658603,14.663517,0.17015994,7.17733,4.989427,0.28947192,9.568154,0.23333454
mp-561118,ZnS,3.365252,6.5112295,-1.4792383,13.587969,0.17782329,5.8784156,4.81299,-0.5440836,9.85325,0.26554084
mp-567505,SiC,3.3930209,6.3200355,-1.5777278,14.335505,0.16408077,7.098127,5.2696013,-0.071140945,9.56059,0.254371
mp-567503,PbI2,10.989683,6.2522783,-2.87746,13.92363,0.17646368,4.9194975,5.283981,0.015917083,9.001746,0.25038612
mp-567290,LaN,10.977292,5.3487654,-1.1049438,14.213064,0.16704503,7.0415134,5.096109,-0.036433812,9.575776,0.24191295
mp-567542,PbI2,12.311823,6.7650905,-3.126307,14.0221405,0.16854294,5.378531,4.3476744,-0.32029617,9.163005,0.23980138
mp-672,CdS,3.9075696,5.823724,-1.8162196,14.442431,0.16851099,6.074778,4.382637,0.40558535,9.578446,0.26042733
mp-570935,LiI,1.8992264,5.109428,-2.0683408,14.150781,0.17454155,3.1445107,5.272121,-0.44962952,9.668314,0.23640443
mp-661,AlN,4.1893954,5.1023126,-2.4076378,13.976047,0.17334116,4.542533,4.938385,-0.13808171,9.685823,0.25675556
mp-569346,CuI,1.2808121,7.3475037,-1.8709843,13.959476,0.17545798,6.220091,5.374544,-0.12746342,9.36029,0.2453001
mp-569994,CdI2,5.989013,5.3688436,-1.9635756,14.075906,0.18419918,4.676852,5.5618973,-0.28942886,9.879715,0.2622339
mp-7140,SiC,3.4794238,6.831566,-1.4571942,14.734093,0.1719929,7.0760784,4.076417,0.40881798,9.416001,0.2614139
mp-580941,AgI,2.120446,5.3978405,-2.1590743,14.277516,0.16696477,4.999324,4.784992,-0.6877856,9.984468,0.23861827
mp-776911,MgO,2.953768,5.691797,-2.003357,13.595655,0.1781818,3.0365582,4.836478,-0.43958294,9.434423,0.25977603
mp-8880,AlP,2.3035963,6.47225,-1.9712906,14.602553,0.15741053,8.203562,4.54238,0.5538885,9.536393,0.24732725
mp-8883,GaAs,2.0845134,22.366798,1.4669648,45.690357,0.067359544,69.08143,114.81026,-14.149729,294.28156,0.012410914
mp-7868,PtO2,1.8678055,6.0635505,-2.2294512,14.385611,0.17841543,7.4104824,5.2004514,-0.032311693,9.584622,0.25875843
mp-8881,AlAs,2.043364,5.5822496,-1.5772597,14.515681,0.17137562,9.467066,4.797365,0.33644083,9.823982,0.24529457
mp-866056,AcN,7.5966635,5.1623573,-1.9112477,13.849773,0.18576095,6.903112,4.573159,0.030043649,9.531924,0.24531548
mp-804,GaN,4.91395,6.0161943,-2.0578442,14.768017,0.1753929,5.9462295,4.975268,-0.5167407,9.609959,0.24278836
mp-7631,SiC,3.376323,5.9013853,-2.4713416,13.2925825,0.17849492,7.065052,23.105244,3.9922564,40.44117,0.0760612
mp-8882,GaP,2.1785634,5.9837584,-2.0789537,14.3313055,0.17383015,10.30938,4.7470436,-0.12544052,9.410143,0.24818249
mp-8884,ZnTe,2.7586145,7.009466,-2.5193021,14.034611,0.15845324,8.758069,4.994548,-0.6268544,9.659187,0.24781725
mp-864928,BrCl,0.62219596,6.5022125,-1.8865942,14.480739,0.19292472,3.0243144,5.0324516,-0.02652509,8.988808,0.2584662
mp-9946,ZnS,3.3573468,5.4877014,-2.003302,13.904176,0.18184379,5.870235,5.129195,0.022939907,9.356371,0.23826197
mp-984718,BAs,0.09465135,4.8398027,-2.1930366,14.796257,0.18229285,9.800328,5.184037,-0.16196853,9.532019,0.25944856
mp-9984,SnS2,6.3521695,5.971378,-2.5824862,14.1285515,0.16314517,6.1238303,5.054042,0.12500224,9.576355,0.2755654
mp-976280,LiBr,2.1008651,5.952482,-2.6921968,13.932523,0.17690504,2.7296627,4.5018644,0.3801171,9.117649,0.24971595
mp-1009129,MgO,10.5174885,6.738303,-1.7427617,15.500699,0.16169408,3.4706898,3.919529,-0.25068924,9.532157,0.252185
mp-1023934,MoSe2,0.13559157,5.88826,-1.1061133,13.848884,0.16967736,4.960254,5.0054855,0.03648767,9.192064,0.25067967
mp-1023924,MoS2,0.04077038,7.824334,-2.4176655,13.766046,0.16052164,4.4569993,4.052847,-0.1085402,9.855301,0.26949397
mp-1023926,Te2W,0.2896515,6.7882433,-2.4178002,14.91842,0.15774061,5.871658,4.5163164,0.08776463,9.454432,0.258947
mp-1023935,Te2Mo,0.48384413,6.2176647,-1.8376989,14.683664,0.16885604,6.128889,5.1641283,-0.7310359,9.344386,0.26169938
mp-1023936,WSe2,0.058157705,5.6276674,-2.6176026,14.133411,0.17947385,4.649557,4.9089117,-0.37651235,9.1987095,0.25122207
mp-1023937,WS2,0.009545824,6.1000504,-1.6873599,14.22869,0.16781473,4.19718,4.4995656,0.16661778,9.903062,0.23547408
mp-1572,GaSe,2.0542479,6.1352625,-3.1981647,14.478734,0.17786007,8.249877,4.5317993,-0.23152287,9.20295,0.26764596
mp-604884,BN,1.2433616,6.4656343,-1.9152056,14.33317,0.17705026,3.8488731,5.007325,0.44844934,9.723067,0.24143209
mp-567885,C3N4,1.6085838,5.372829,-1.5954591,14.345165,0.17203629,4.3013854,5.61271,-0.19395925,9.614624,0.27544904
mp-567677,GeI2,10.433249,6.163519,-2.0349193,14.721116,0.17980918,5.6770167,4.7719393,-0.27888286,9.499023,0.2602977
mp-1021484,CeSe2,70.84403,82.58564,2.3731534,152.70326,0.019545322,81.53579,141.66003,-28.408575,276.8671,0.0100440625
mp-1345,CaP,5.012114,5.7345886,-1.9556304,14.571808,0.18659563,8.198183,4.387773,0.05395884,9.855292,0.2521538
mp-1287,KS,3.3415132,4.523574,-1.828828,14.832298,0.17616536,3.0691175,4.91842,0.090856686,9.87757,0.2240322
mp-2340,Na2O2,3.6715062,5.857789,-1.650842,13.741403,0.17843203,2.4938545,5.0190687,0.607355,10.033868,0.245128
mp-568536,BaI2,13.425268,5.2585855,-2.1765034,14.023537,0.17343532,4.3391533,4.8289185,-0.17041053,9.452734,0.25647062
mp-567680,BaCl2,11.213668,5.9638634,-2.6878748,14.248549,0.16308466,3.1987593,5.248352,0.10060806,9.871039,0.25509852
mp-1554,KTe,2.6601562,5.2026463,-2.443109,14.093555,0.1607103,4.725184,5.423465,-0.32171032,9.738745,0.2377202
mp-409,NaS,3.739504,5.483787,-1.5866196,13.899789,0.16377275,3.6864424,4.8640814,-0.2560107,9.846283,0.21838062
mp-9268,KSe,2.7957027,6.4789767,-1.7436221,14.257603,0.14927824,3.5438793,4.7353306,-0.5691998,9.229536,0.25654566
mp-7931,SrP,5.303549,6.244847,-2.033142,13.997692,0.18339866,7.4782715,4.0315456,0.11456415,9.823036,0.26948056
mp-9062,RbS,3.2020833,5.6383915,-2.328621,14.067919,0.17493647,3.04013,4.3225603,0.29171377,9.197863,0.26595816
mp-9064,RbTe,2.5668774,7.370018,-2.280236,14.610685,0.15947093,4.204892,4.90137,0.017847734,9.505179,0.24480695
mp-9063,RbSe,2.902911,5.75681,-1.1250588,14.155358,0.14976573,3.3634727,4.4926877,-0.21116301,9.274576,0.2729389
mp-10802,RbAs,5.074667,5.3625712,-2.2987099,13.828679,0.16943157,7.8289633,5.051386,-0.113591604,9.404757,0.25359958
mp-1396391,WO3,280.88553,311.58853,-75.922264,671.60364,0.0040304586,6.63345,4.459097,0.2640421,9.137963,0.26309282
mp-27399,SbBr3,1.182947,5.827881,-1.2463144,13.487778,0.16915609,2.8175867,4.697769,-0.21391079,9.551781,0.26595756
mp-23280,AsCl3,0.8351148,6.6451254,-2.0842285,13.626323,0.16996622,2.4683928,5.593954,0.4205563,9.600661,0.2530403
mp-17146,K2S5,4.129891,5.397377,-2.2805843,14.08491,0.17551462,3.8160906,5.52273,-0.57700604,9.2418165,0.25581342
mp-18609,K2Se5,4.253119,4.8590975,-2.1632447,13.53883,0.16843787,6.548818,4.47404,-0.22784847,9.509855,0.23063712
mp-28128,SCl2,0.99405867,5.222472,-2.0365884,13.873249,0.15919295,2.7050397,4.7946596,0.037751857,9.491937,0.26559308
mp-30520,Tl2S5,10.939387,6.860529,-1.8714335,14.328106,0.19192855,6.0240498,4.780183,-0.004498183,9.45935,0.2515365
mp-32684,HBr,12.333292,5.7917023,-1.6274058,13.599884,0.16517985,2.2942505,5.086812,0.25816968,9.503911,0.28954384
mp-541055,Cs2Se5,4.413628,5.4369125,-1.85851,13.639369,0.16829424,4.8936033,4.35493,0.027082514,9.404846,0.25547206
mp-29172,SeF4,4.3702154,5.4616637,-1.8154088,14.609019,0.17376068,2.3060868,4.7139482,-0.04043807,9.467258,0.25718823
mp-556961,SiO2,1.745823,5.75924,-2.507257,14.640712,0.16763222,2.14254,4.8536243,-0.16978842,9.640005,0.25445503
mp-29174,SiCl2,0.6482341,6.1887693,-1.6459326,14.362032,0.17034945,2.906913,4.9695053,0.0052161166,9.94677,0.25949252
mp-28336,Li3P7,4.2887955,5.165987,-1.6232399,13.532939,0.16785604,6.6841555,3.7697077,-0.50437355,9.365108,0.24329779
mp-643432,H3N,1.1177784,6.6831226,-2.3242357,14.758629,0.1860781,2.399463,5.378897,-0.21031508,9.557752,0.25287446
mp-713,KAs,5.004229,6.245097,-2.3420706,13.910046,0.16688047,7.792357,4.3244343,0.06266766,9.368229,0.24738546
mp-561664,TeF4,8.3990345,6.059891,-2.4426272,14.759907,0.16279662,2.593114,5.2653856,-0.41438717,9.777847,0.24480724
mp-561224,TeO2,18.65701,20.180504,1.4076836,42.57892,0.06646137,5.582943,4.536029,0.034715544,9.776949,0.27351433
mp-573514,CsSb,4.849323,7.0735884,-2.2200768,15.348471,0.14212166,7.7516155,4.8537607,0.21204957,9.654704,0.27845073
mp-620372,Rb2Se5,4.0499215,5.459529,-2.4549139,14.031489,0.16451457,5.7378407,5.000959,-0.20005058,9.6019125,0.24243593
mp-7595,GeF2,21.01897,24.333088,-1.8977911,44.70862,0.071917646,2.898092,4.508251,0.37156108,9.918972,0.23921749
mp-8377,TeO2,11.263371,5.729807,-2.5493848,14.67704,0.15073113,4.899752,4.6140084,-0.36334085,9.398266,0.27980143
mp-754954,Ag2Se,13.670377,23.966457,-1.305249,43.97141,0.077123955,18.703558,22.6123,2.629582,38.339573,0.07876163
mp-7456,SnF2,11.89829,6.228957,-1.7548523,14.074139,0.1533664,3.3259022,4.73638,0.44206885,9.531996,0.28157738
mp-7440,NaP,7.141572,4.917388,-1.8578272,13.254858,0.16960762,8.18351,4.2637463,0.10243748,9.768342,0.24939573
mp-7441,KP,4.8251896,5.3210106,-2.529192,13.453989,0.17584516,6.410025,4.225877,0.0395514,9.176961,0.2343903
mp-7444,RbSb,4.651781,5.7691903,-1.0382688,14.6697445,0.16928512,8.215915,4.6453342,-0.47532836,9.336632,0.28471974
mp-1180635,La2O3,19.591558,22.102776,0.10395696,45.89505,0.07255753,3.6853435,5.3139973,-0.10558578,9.496443,0.2537701
mp-2251,Li3N,4.691657,6.084445,-1.4118263,14.93151,0.16423303,6.001619,5.244673,-0.058176808,9.882335,0.24321009
mp-545665,WO3,,274.38245,-87.22267,653.6562,0.004392136,6.388,4.7894974,0.100978136,10.2562275,0.23685814
mp-17171,LaF3,18.64603,25.01445,2.5664868,42.79626,0.06928909,3.0490685,5.237268,-0.06834303,9.652522,0.24842215
mp-1041984,SnO2,3.8700824,6.476101,-2.135498,14.098283,0.15948018,3.5162332,4.6378508,0.094580956,9.872065,0.25815403
mp-15668,NaSe,4.026777,5.7703896,-2.5222576,14.473036,0.17938048,6.2764235,4.8272533,0.36692634,9.314288,0.24706896
mp-14018,K3As,6.362468,6.056945,-1.3547548,14.49428,0.17689216,13.796241,4.8725853,0.108665146,9.610354,0.25583306
mp-14017,K3Sb,5.737735,7.351488,-2.2050123,14.564268,0.1671709,8.093218,5.0462265,-0.040373094,9.716793,0.24612793
mp-1598,Na3P,7.1850767,6.0027566,-1.790758,14.083748,0.16689274,9.962657,5.3325996,-0.21735331,9.206465,0.25127167
mp-1634,MoSe2,1.0728375,5.9269323,-1.5797273,14.431026,0.1655598,10.660012,4.6788893,-0.08698127,9.563047,0.28216493
mp-1821,WSe2,0.111107305,5.9855413,-1.8320246,13.796872,0.15955351,10.133102,4.9848924,0.16354397,9.596382,0.23999192
mp-2072,KTe,2.7003672,6.600597,-2.4074311,14.076351,0.16391157,5.1149282,4.640791,-0.44952744,9.467714,0.2733192
mp-1943,GaSe,2.1180592,5.1412325,-1.8881478,13.862607,0.18164018,6.4905457,4.6850576,0.33229345,9.3431635,0.2763647
mp-224,WS2,0.058546945,4.6086893,-1.8085761,13.650793,0.16124761,9.253936,4.8988075,-0.15309016,9.44002,0.24519318
mp-2400,NaS,4.1411676,6.667321,-2.5096114,13.783347,0.17537466,4.0848365,4.818088,0.4051648,9.722042,0.25913814
mp-2341,Li3N,7.55143,7.2020283,-1.9481361,14.293339,0.16590719,5.5773816,4.530987,0.22734359,9.349322,0.23528036
mp-2507,GaS,2.1699266,5.8747864,-1.4550711,14.407402,0.17375265,5.4005685,4.373993,-0.27217448,9.403979,0.26776198
mp-2815,MoS2,0.2498263,5.5547123,-2.4194913,14.395335,0.17350464,9.507913,5.0821657,0.3371914,10.051416,0.25933838
mp-504769,N2O5,0.9828546,6.222199,-1.7057438,14.018946,0.18595763,3.0331497,4.755584,-0.3919278,9.641654,0.26955712
mp-559928,SiO2,1.1582632,5.7524233,-1.9809431,14.240261,0.17169203,1.8312981,5.061925,-0.073695384,9.524602,0.24593914
mp-556742,GaS,2.1438873,5.624373,-1.9442499,14.285929,0.16121136,5.403131,5.2032166,0.06672156,9.509888,0.2588825
mp-557142,Li2S,4.250995,6.3362627,-1.4547622,13.797449,0.16239372,3.9348931,4.8203745,-0.35517848,9.4108,0.2513307
mp-545512,CaO,6.298056,5.995197,-2.367164,13.6963215,0.17111917,3.3397503,4.556849,0.017899169,10.060241,0.2561189
mp-602,Te2Mo,1.0080404,6.339878,-2.430849,13.450347,0.15948834,14.238373,4.2151613,0.35266948,9.508581,0.26649487
mp-6913,YN,62.868702,87.06958,4.486967,161.36346,0.021785561,7.4670362,4.367113,-0.06595947,9.7038145,0.26991582
mp-736,Li3P,4.536084,6.4243426,-2.010819,14.370168,0.15900196,6.8741636,5.1202726,-0.088764,9.598077,0.27149636
mp-7991,BN,1.0589187,6.298277,-1.920933,12.805824,0.15170087,3.461457,4.39856,-0.062806636,9.881841,0.26464823
mp-841,Li2O2,5.957603,6.191287,-2.6701078,14.528361,0.17339136,3.1598964,4.40705,0.062813655,9.008691,0.26605752
mp-7956,Na3Sb,6.5625124,6.5391927,-2.1034746,14.5506525,0.16579758,10.975946,4.401849,-0.436658,9.726038,0.26798126
mp-757,Li3As,4.531375,6.7057276,-1.3208913,14.237372,0.16659027,7.55596,5.148564,0.07899702,9.229927,0.26654616
mp-7897,K3P,6.984648,6.0856075,-1.1527903,14.460622,0.17392637,8.798133,4.6093884,-0.034923017,9.734566,0.28354523
mp-8511,PF5,0.44465452,5.7121925,-2.4485562,14.1409445,0.18568085,1.7012395,5.1349807,-0.26058567,9.373034,0.25493166
mp-7955,Li3Sb,4.1016893,5.7843943,-3.1799138,15.019244,0.17265484,8.291359,4.8120747,-0.17905064,9.408107,0.27719626
mp-862983,InCl3,1.5442469,5.9943466,-2.5219367,14.184515,0.15600121,2.6124554,5.072463,-0.5570134,9.481316,0.2615718
mp-8723,AsF5,0.5373855,6.2119255,-2.428673,14.643323,0.16826802,1.8165388,4.5748825,-0.080334075,9.48851,0.25151476
mp-984,BN,1.1031379,5.8104143,-1.9927013,14.535173,0.17001754,3.5757344,4.6496663,0.35681123,9.529263,0.25785697
mp-560836,SiO2,1.244995,7.1108437,-1.8722956,13.945944,0.16444857,1.973299,5.0591984,-0.14902137,10.13883,0.25023445
mp-189,SiRu,16.646172,25.160675,-0.27778178,45.10444,0.06810603,44.437725,20.891064,3.2196605,38.81638,0.08471842
mp-779689,H3N,1.2870092,5.855008,-1.9809659,13.603778,0.16020082,1.9729216,4.981098,0.32893685,9.155458,0.2403182
mp-2488,SiOs,12.734502,24.78099,-0.49998397,45.05758,0.06916631,23.950613,20.361492,3.9989796,39.09365,0.07643128
mp-21255,FeGe,39.54381,87.35338,-0.44385892,160.04808,0.020784007,171.28613,151.50235,-11.39843,287.91992,0.010905949
mp-29145,H3N,0.801091,5.5371103,-1.3886698,13.932528,0.17155932,2.1849954,5.103257,-0.475267,8.844976,0.2627165
mp-8059,SiO2,1.7634015,6.4494305,-1.9716389,14.581758,0.16733041,2.1812327,7.773633,-24.077587,49.972275,0.03839645
mp-871,FeSi,21.634472,22.116978,-0.15782405,44.47806,0.07394258,92.15771,147.5995,-25.503119,274.14276,0.010593941
mp-1103842,P4Os,4.496566,6.4199653,-1.4268862,14.703985,0.17580625,16.57368,21.602642,3.3834665,38.85584,0.07115706
mp-1188913,CsS3,4.3436933,4.9916277,-1.8941588,14.458771,0.15883993,3.929764,4.7860026,-0.5807963,9.481835,0.2524246
mp-23273,TeI,28.093447,25.3001,2.7735426,44.36302,0.06616761,8.418839,5.280835,-0.39261013,9.765307,0.23036785
mp-27736,Re2P5,5.6972094,6.7586565,-2.625534,13.996407,0.18389314,18.955254,22.467674,2.8584132,39.12809,0.08035638
mp-28400,P3Ru,5.6646624,20.693863,0.72578496,42.883354,0.06592856,17.428925,22.766537,2.5875764,40.425095,0.089636266
mp-27173,P4Ru,4.060793,5.9504113,-2.1675262,14.236183,0.16570076,17.445498,20.207708,3.834402,38.899044,0.09090157
mp-27729,ICl3,1.55489,6.2073636,-1.4320058,14.176887,0.16336681,3.1561503,4.597473,0.4246669,9.707317,0.22504067
mp-29443,PI2,0.45590237,5.1314964,-2.4681838,15.072262,0.19379807,3.7899768,4.693951,-0.02024526,9.237444,0.2625119
mp-30303,Bi4O7,31.444288,23.973274,1.5932924,45.282078,0.070106,7.3361373,5.0347023,-0.23513614,9.230785,0.25103834
mp-30275,BaP8,2.8635247,6.6995373,-2.6302395,14.01962,0.15623255,11.176913,5.009139,0.47539327,9.529118,0.23744029
mp-487,MnP4,5.5398545,5.758037,-2.281954,13.845412,0.16152982,19.472366,20.970633,2.0283113,41.316658,0.08462625
mp-32884,Ag2S,2.8154194,6.7402697,-2.1499128,14.605742,0.17432363,8.671562,4.778084,0.25634384,9.718541,0.26427087
mp-541582,ReSe2,0.42563662,6.4705343,-2.8234413,14.839265,0.1852197,11.679153,5.0404916,-0.28350845,9.805694,0.24463424
mp-562100,NbS3,0.84913695,5.6879725,-1.3880445,14.103591,0.1809641,9.407046,5.1150484,0.1170406,9.580791,0.2660555
mp-569522,MnP4,5.6853886,6.652522,-1.8075697,13.845756,0.18241562,19.672947,20.735338,2.973366,40.179245,0.07436997
mp-569578,NbI5,2.8538983,6.035553,-2.4725509,14.380196,0.15866458,5.9761662,4.656951,-0.031163234,9.363396,0.24094915
mp-7648,SiO2,10.526614,6.3523602,-2.3177364,13.821517,0.1592515,2.2180634,4.810071,0.16018231,9.41035,0.23914292
mp-634812,H2O,20.653732,21.814335,1.1033742,44.173798,0.07611967,2.1784835,4.8346176,-0.18040584,9.771191,0.23849949
mp-557118,SiO2,2.0151432,6.8968806,-1.5500695,14.177762,0.15345268,2.3592556,5.2287693,-0.18973364,9.915119,0.2923865
mp-568328,FeP4,9.638445,5.565401,-1.6703962,13.842219,0.15225127,20.89693,23.863768,2.8008084,41.74435,0.0745141
mp-1317,CoSb3,10.91004,22.731173,-1.5971447,46.46258,0.07377147,35.083866,19.585121,1.8672155,40.988358,0.07690984
mp-2789,NO2,0.40699872,6.1854076,-2.5540607,14.2390175,0.16969457,2.2258303,5.0877438,0.15415873,9.8492775,0.26427597
mp-557865,NO2,0.32852852,6.2033443,-2.4089923,14.096348,0.1825737,1.9593056,4.976081,0.18528175,9.950871,0.2469746
mp-756478,WO3,8.277308,5.6900444,-1.92597,14.144926,0.18136185,7.448262,4.561038,0.21445754,10.191888,0.27174926
mp-1095440,CdS2,7.612712,5.8065786,-2.314459,14.492467,0.17033209,7.525287,5.2283354,0.17460637,9.912623,0.25678307
mp-1102743,ZnS2,10.374292,5.8095207,-1.9343225,14.400756,0.19004679,8.413263,4.691418,0.120099954,9.624405,0.27044842
mp-1848,Te2Ru,8.584322,6.1092806,-2.2530315,13.726584,0.18150914,21.233612,23.139244,2.9576795,40.07588,0.07834524
mp-2030,RuS2,4.0080647,6.9562783,-1.7893537,14.508227,0.16897532,16.686829,24.228329,4.2475266,40.49871,0.091135256
mp-20066,CO2,0.21237563,6.473546,-2.2757537,13.55912,0.17905846,1.8651204,5.022545,-0.11057918,9.49697,0.26164025
mp-1922,RuSe2,6.1262136,5.3329062,-2.5207756,13.552584,0.16385494,19.58236,20.50312,2.8501556,40.413616,0.077992804
mp-226,FeS2,7.0262856,25.651142,-1.6778717,44.33808,0.064945325,21.201124,20.899586,2.275246,38.220207,0.07063475
mp-2604,MgTe2,4.343755,6.132575,-2.185697,14.577277,0.17578195,10.428813,4.482134,-0.33023688,9.644253,0.25555408
mp-2310,CdO2,5.7061543,6.7253017,-2.5614307,13.616611,0.15436941,4.457131,4.3898096,-0.5015526,9.498734,0.28226453
mp-570285,SiBr4,0.26528797,5.633341,-2.1479971,14.606829,0.1842708,2.3435233,4.7434597,0.029080138,9.704752,0.262636
mp-8484,ZnO2,6.614462,6.043251,-1.9941572,13.451848,0.18770133,4.181072,4.510851,-0.41020858,9.231199,0.26897743
mp-569814,TiBr4,0.21221508,4.849414,-2.1896267,14.317285,0.15592477,2.568472,4.992506,0.35479453,9.598843,0.25998572
mp-730,P2Pt,3.182832,4.979909,-2.023287,14.708059,0.16020451,19.645454,23.710579,2.36026,39.45119,0.08327966
mp-22598,In2O3,7.4082274,6.7150445,-1.4595232,14.133403,0.16865514,4.901521,4.717848,-0.0024102011,9.588475,0.2636837
mp-1990,Mg3As2,5.776154,6.9556613,-2.3884916,14.450743,0.15920739,8.34884,5.5207834,-0.36860937,9.357839,0.23742417
mp-2514,Mg3P2,5.484225,6.32092,-2.021143,13.954093,0.17491011,7.3185506,4.371923,-0.02436798,9.880952,0.24749514
mp-567841,Be3P2,6.9936976,6.2638206,-2.4506075,14.55862,0.17848468,10.071081,4.860344,0.022011513,9.712309,0.28252637
mp-569600,Ge3As4,1.2757041,7.007103,-3.211669,14.291758,0.17103697,21.095655,21.78787,2.5165174,40.13674,0.08030054
mp-570744,Si3As4,1.0113994,5.541611,-1.344266,14.750764,0.17781182,16.663885,21.913467,3.30527,38.391464,0.076159865
mp-570377,Sn3As4,2.2097344,6.720189,-1.2177447,13.481983,0.16910946,19.275082,22.705036,3.6703086,38.84867,0.08331947
mp-571436,SnI4,0.34144902,4.546774,-1.6966714,14.255209,0.15946636,3.0575175,4.219184,0.0918695,9.495685,0.24165148
mp-1002124,HfC,7.7807627,6.2431107,-2.8939831,13.489772,0.16320498,16.173918,21.784336,4.3371644,40.563885,0.07330772
mp-1008223,CaSe,2.5573745,6.2931204,-1.62844,14.595132,0.1691256,3.8705287,4.803897,-0.32718772,9.377875,0.2546197
mp-10044,BAs,0.08446089,5.9695997,-2.7599583,13.77166,0.15389806,9.854783,21.29249,3.9675376,40.15096,0.077246785
mp-1009639,PrN,6.852865,5.6576967,-2.9295545,13.740095,0.18795156,8.094086,4.3176017,0.07970476,9.734792,0.26489422
mp-1009820,SnC,4.021263,5.091131,-1.2724793,14.713265,0.17863883,10.489542,4.673379,0.21934964,9.934342,0.254602
mp-1009894,ZrC,10.269607,21.431686,-1.3797314,44.16141,0.07407319,26.898811,20.917843,3.3653483,40.589806,0.07978992
mp-10695,ZnS,3.4606814,6.501337,-2.8599026,14.551255,0.16526131,5.9035997,3.6952403,-0.19524832,10.032791,0.23883088
mp-1156,GaSb,1.3869553,6.229635,-1.7078593,14.073634,0.1601411,21.60701,23.641464,3.537413,41.16795,0.08494548
mp-1190,ZnSe,3.3929923,6.1624746,-2.3844547,14.068689,0.15327248,7.32194,4.502043,0.17820352,9.259516,0.26651827
mp-13031,MgSe,2.5868433,5.6566677,-1.7775111,14.027675,0.18184495,4.6514535,4.749133,0.10641147,9.129762,0.2533341
mp-13032,MgS,2.64602,5.945762,-2.4954498,14.112591,0.15591557,4.0391665,4.8086424,-0.105357744,9.489707,0.25034845
mp-13033,MgTe,2.4737248,6.0087276,-1.9747052,14.422424,0.17842057,5.503078,4.660932,0.12002679,9.754102,0.24688496
mp-13099,YN,5.5252185,6.844862,-2.1724849,14.711768,0.18571658,6.567708,4.465341,-0.12615338,9.592208,0.27400595
mp-1479,BP,0.09672464,7.115636,-1.6725119,14.8662615,0.15690371,9.175346,21.72453,4.7425485,41.20742,0.0855261
mp-1541,BeSe,1.7239071,6.319702,-1.5599256,14.211264,0.18042706,5.998475,5.0298266,-0.121442266,9.412206,0.25064674
mp-1986,ZnO,5.343938,6.365732,-2.0733247,13.988238,0.15994905,6.0052867,4.57473,-0.41488704,9.8768,0.26639995
mp-1639,BN,2.3622444,6.0585513,-1.4522815,13.894597,0.18362755,4.6166134,22.564705,1.8380632,40.65319,0.0898355
mp-22408,CoO,4.0726824,5.7021933,-2.033867,14.441272,0.18755321,6.389615,4.8613358,0.14362106,9.312265,0.25546026
mp-20351,InP,3.2518942,6.2706666,-2.0005295,14.37731,0.17206721,14.00227,21.762089,2.1919231,40.440853,0.08383523
mp-1700,AlN,3.9707537,5.67743,-2.08735,14.728863,0.16202687,4.6179357,5.162691,0.06013222,9.712531,0.26360506
mp-22895,CuI,0.8691665,7.078764,-1.5775881,14.476506,0.19616431,6.815189,4.5778303,0.15919521,9.185182,0.26029727
mp-22914,CuCl,1.7805216,5.6500607,-1.8719261,15.587484,0.18261452,5.701168,4.9873953,-0.26363632,8.938504,0.2552956
mp-2172,AlAs,2.0271058,5.5312967,-2.2722232,13.891553,0.18307917,9.5107975,5.2322903,0.009653592,9.8977995,0.23361364
mp-22913,CuBr,2.827813,5.8755383,-1.4627024,14.444354,0.16988537,6.259174,5.146226,-0.03772812,9.617938,0.272848
mp-20012,InSb,2.3315172,6.2235537,-1.5191987,14.212292,0.17355235,22.835855,22.541828,4.547751,38.392765,0.07691574
mp-1550,AlP,2.2698646,6.4498672,-2.3453734,15.232373,0.15393932,8.142619,5.016636,-0.16650106,9.667578,0.2510891
mp-1778,BeO,4.093708,6.720937,-3.291552,13.926003,0.17968984,3.109197,22.155733,3.0071812,38.996105,0.08288493
mp-2176,ZnTe,2.958346,5.7877645,-2.3928022,13.913074,0.17836179,9.017235,4.65003,-0.4076636,9.621852,0.25468624
mp-2691,CdSe,3.978558,5.4822063,-1.9865855,13.801612,0.18967052,8.95609,5.7850504,-0.26927722,9.908807,0.23765425
mp-22925,AgI,1.3067389,5.1593323,-1.9074173,13.755578,0.15562063,5.891734,4.605267,0.086161785,9.624916,0.23801564
mp-2624,AlSb,1.3157438,5.6511574,-2.2277615,13.258546,0.15613602,12.009899,4.864146,0.15458548,10.193304,0.24887916
mp-2293,MnSe,3.317329,5.477682,-2.6334672,13.334975,0.17502397,6.95277,3.4394712,-3.5758786,12.7924,0.18562844
mp-2469,CdS,4.2683754,6.2526674,-2.104765,14.807439,0.16285451,6.2227726,4.9448767,-0.04053932,10.07823,0.2521002
mp-252,BeTe,1.086929,5.5911407,-1.9479746,14.552422,0.18013373,7.4114575,5.115889,-0.19653735,9.837199,0.2645672
mp-2534,GaAs,2.1766322,7.0415115,-1.9783481,14.239201,0.16684134,14.83607,20.156548,3.3637872,39.488194,0.079981096
mp-2490,GaP,2.2663426,6.821218,-1.6096141,14.477626,0.19586162,10.559982,4.3365736,0.14388151,9.427428,0.25731418
mp-406,CdTe,3.5108798,6.0515413,-2.3138974,14.646117,0.17640635,9.309292,4.1247663,0.61708516,9.312639,0.2456014
mp-422,BeS,1.9999548,5.9385767,-2.056444,14.924448,0.18039966,5.257358,4.712238,-0.002483855,9.551088,0.23193607
mp-569673,PrI2,2.6603703,6.0499773,-2.3727815,14.118293,0.17595173,12.257686,4.7688537,-3.609772,12.681508,0.17104986
mp-8062,SiC,3.3546503,5.762355,-2.144058,14.092558,0.16774677,6.995413,22.816465,2.5806818,41.694313,0.08921693
mp-830,GaN,4.8753004,4.9187117,-1.7391813,13.844826,0.17189349,6.089275,4.6327925,0.08057496,9.490276,0.25016305
mp-866291,AgBr,3.0778801,6.675084,-1.6442673,14.837114,0.16549885,4.318104,5.2041874,0.20072125,9.581918,0.283143
mp-1021328,H4C,0.01087242,6.1253595,-2.234306,13.897501,0.17171735,1.6508585,4.464788,-0.11035079,9.751614,0.2454514
mp-1818,SiF4,0.5386043,5.3550177,-2.0068815,13.500318,0.16918679,1.6302954,4.5235534,0.4454323,9.799947,0.27226183
mp-9816,GeF4,0.93854433,5.836748,-2.9567976,14.060233,0.15777002,1.7866956,5.5823307,-0.10852457,9.21086,0.24680983
mp-561543,BeF2,1.0512502,6.277323,-2.671908,14.1953745,0.1917872,1.5170275,5.7106237,0.1380166,9.032372,0.27870205
mp-554791,RuO4,0.15355042,7.699034,-2.5933635,14.017271,0.18980074,2.6193082,4.501892,-0.1502239,9.480907,0.2552728
mp-1074,RbSi,4.4676237,6.261773,-1.3010026,13.816685,0.17834017,5.835848,4.7102976,0.13828309,9.215581,0.25494635
mp-1217,KSi,4.4004717,6.556018,-2.4416509,14.008824,0.16182299,6.0058765,4.750864,0.09384883,9.672834,0.23509139
mp-11607,Si3N4,4.7161446,4.85439,-1.8024715,14.006949,0.15957159,4.692769,19.334908,4.662532,41.283657,0.071386404
mp-11660,Hf3N4,29.37422,22.04908,-1.0622133,43.931942,0.0800357,11.181047,4.7025976,0.22900027,9.350269,0.25179383
mp-11661,Zr3N4,30.938587,24.61008,0.44269764,43.78833,0.07217407,13.26625,20.113228,0.31107664,40.06914,0.07631474
mp-15661,Sc4C3,42.558678,21.106506,0.88267696,43.81812,0.0763321,22.585402,20.35268,3.7027545,38.336754,0.077989385
mp-2852,C3N4,3.0450263,5.6669846,-1.3486782,14.855665,0.19429857,5.7104416,21.092335,3.5872116,39.640686,0.080086224
mp-552,Th3Sb4,9.676184,5.8368607,-2.5301695,14.702653,0.18920633,34.673946,22.757824,3.1480794,39.783432,0.08043436
mp-571281,Ge3N4,6.394049,6.3274074,-1.6221085,14.490403,0.16215095,5.8164606,5.0582857,-0.077954836,9.794803,0.28350446
mp-10694,ScF3,6.1202693,5.2791395,-1.8677098,14.111057,0.17350763,2.2629166,5.0601883,0.29677892,9.474338,0.24780305
mp-19390,WO3,7.290275,6.6294637,-2.1155508,14.391745,0.16240731,7.361699,4.979207,0.3568056,9.577596,0.24986626
mp-23197,TlI,36.185146,21.272686,0.41093794,44.204697,0.073468335,8.314574,4.8582416,0.34336776,9.231692,0.24758328
mp-22875,TlBr,33.633633,21.800186,2.9976346,43.361526,0.07270851,7.198298,4.730467,-0.0666542,9.8451805,0.27534172
mp-23167,TlCl,28.317883,26.456757,0.46300718,44.37744,0.072227314,6.257431,4.8853474,-0.48574626,9.532323,0.276008
mp-2667,CsAu,5.2146993,6.1664686,-1.7534082,13.635047,0.18031009,4.990526,4.632577,0.044746656,9.388703,0.25287804
mp-30373,RbAu,4.5361753,6.421218,-2.3497808,14.737963,0.17443034,5.2929916,4.765382,-0.26273116,9.74527,0.25872624
mp-558852,FeF3,6.0509562,6.8382244,-2.2141016,13.756405,0.17430668,2.6021664,5.6770573,-2.1235697,12.111481,0.17734769
mp-8039,AlF3,3.0253763,6.0713215,-2.1851714,13.526685,0.16268577,1.9036334,4.750328,0.51672095,9.14504,0.24894401
mp-361,Cu2O,1.0373456,5.6774726,-1.6873883,14.482501,0.1739546,10.506908,4.8673625,0.48456535,9.15985,0.24549611
mp-353,Ag2O,0.60202456,6.078226,-1.6801244,15.142823,0.18002814,6.749154,4.767597,0.3659931,9.509553,0.27772692
mp-947,Au2S,0.19153777,5.175544,-2.1715937,13.414321,0.1735581,6.9628425,4.2472954,-0.3934401,9.283672,0.2456136
mp-1000,BaTe,7.2133846,5.7468348,-3.0743704,14.306238,0.15649684,5.976097,4.912907,0.18466407,9.498313,0.26804686
mp-1011695,Cs2Se,3.590125,7.654146,-1.9009577,14.374729,0.16981108,3.5117044,4.7883577,0.1483251,10.15334,0.2611219
mp-1022,K2S,3.2656803,5.819689,-1.1141002,14.633276,0.1667571,3.0956912,4.397318,0.69905937,9.6946,0.24893683
mp-1057286,CsH,7.7676077,6.5126534,-2.7659864,14.240983,0.15465158,3.0157692,4.2934856,-0.100410886,9.841767,0.25140068
mp-10378,Cs3Sb,18.503042,21.816368,2.4983885,43.480865,0.071747184,7.8427186,4.851829,-0.18531731,9.34678,0.25938046
mp-1029,BaF2,4.67441,6.283813,-1.3702,14.022877,0.18035741,2.4450583,4.790948,0.28030682,8.939434,0.25556263
mp-1087,SrS,7.223598,5.866192,-1.928466,13.818194,0.15775527,4.6455445,5.431647,-0.9390244,9.452238,0.26550898
mp-1138,LiF,6.6534786,5.116294,-2.716748,14.319336,0.16256925,2.035652,4.199568,-0.5104436,9.406162,0.23049851
mp-11327,Rb2Se,3.479403,5.7575707,-2.0028934,14.365083,0.19554389,3.3146594,4.5832496,-0.11354716,9.490199,0.24933408
mp-11718,RbF,5.2297735,6.210799,-1.3983233,14.1670475,0.17515692,2.0586674,5.336938,0.1572416,9.413476,0.24594064
mp-1153,Li2S,3.5579684,5.1320653,-2.0883574,14.810856,0.17379417,3.8641722,5.2393236,-0.088563465,9.294191,0.27160016
mp-1266,Na2Se,3.560669,6.161907,-1.1445942,13.567585,0.1631823,3.9603686,4.5894036,-0.24846932,9.519195,0.25064024
mp-1265,MgO,7.5636897,5.690653,-1.9331595,14.786644,0.16310598,3.2083623,4.7387695,0.084252596,9.548644,0.25394806
mp-1253,BaSe,8.835268,5.9725046,-2.6436362,14.214214,0.1660688,5.2940545,4.8027344,0.21368062,9.906217,0.24782692
mp-1519,CaTe,6.3660274,5.854313,-1.819447,14.879759,0.17494492,6.5922904,4.7610188,0.0044582454,9.906881,0.25205916
mp-1315,MgS,10.616508,6.275114,-1.6156718,15.11305,0.16627158,5.400445,4.6693954,-0.40680522,9.531114,0.25286043
mp-1394,Rb2O,10.614688,6.163748,-1.4871956,14.136403,0.1612681,3.4914255,4.3329754,-0.06208938,9.597911,0.26791668
mp-1342,BaO,66.112175,82.673744,8.195356,161.0199,0.023221966,4.2643623,5.1371675,-0.22192992,10.040643,0.2432418
mp-1500,BaS,10.147175,5.2530036,-2.2512827,13.998409,0.16343205,4.8058705,3.7036946,0.31793624,10.026622,0.264366
mp-1415,CaSe,6.853277,7.0146074,-1.3503741,13.929476,0.16798405,5.616976,5.1038857,0.07102717,9.056333,0.267792
mp-1367,Mg2Si,7.1849155,6.0636883,-2.6535485,14.029739,0.16401064,15.818428,21.804478,2.9439733,39.17565,0.087573245
mp-1569,Be2C,7.923079,6.312765,-2.480618,14.219626,0.17038424,6.9986115,22.995691,3.9223201,38.415943,0.076552875
mp-1747,K2Te,2.7445579,5.5513415,-1.967426,14.045975,0.16407132,3.4749165,5.056576,0.20916691,9.298498,0.24769333
mp-1672,CaS,7.1032906,6.378691,-0.92527384,13.668169,0.17157932,4.988335,4.7507887,0.4597992,9.760341,0.2519609
mp-1958,SrTe,6.501865,5.472394,-2.158255,13.090808,0.17356688,5.89723,4.8237524,-0.21066909,9.207043,0.27836415
mp-1784,CsF,7.607645,5.999936,-0.7630102,15.010549,0.16645604,2.2902458,5.054761,0.24035999,9.9303,0.2694071
mp-19009,NiO,9.33386,6.5177717,-2.2440977,13.723129,0.15868048,5.073566,4.247561,-2.8262956,12.472892,0.17063038
mp-19006,MnO,13.332912,5.5759363,-1.8824528,14.71086,0.16519327,4.8932476,4.0939903,-2.9962494,11.003266,0.18224943
mp-20194,CeO2,18.934994,20.26058,1.3779411,45.328945,0.06256553,7.9646187,5.479814,-0.1360211,10.070091,0.27497134
mp-19717,TePb,353.61996,342.12946,-58.611546,674.0947,0.0040677865,26.218126,20.28759,1.639505,39.749264,0.08412113
mp-1960,Li2O,4.3434167,5.1074,-1.5232912,13.627134,0.17239612,2.921744,4.2657185,0.21649623,10.205458,0.26440316
mp-2074,Li3Sb,12.125947,7.077626,-2.0419216,14.195119,0.17783691,10.186638,4.60083,-0.16265646,9.811193,0.22839022
mp-21276,PbS,307.361,280.1966,-91.4295,677.5616,0.0048200353,16.395292,22.700108,2.3113055,40.935867,0.082183644
mp-2114,YN,104.580055,81.35397,-1.1132765,154.04819,0.021497793,15.427708,22.282265,4.6034694,39.11276,0.08468885
mp-2201,PbSe,336.5629,307.4948,-51.049015,682.321,0.0042195055,19.714315,19.626043,1.0480622,38.14013,0.079056695
mp-22903,RbI,2.9795852,6.5807366,-1.1826915,13.98897,0.14987747,2.7086463,5.031743,0.34989235,9.279476,0.24238041
mp-22905,LiCl,7.12756,6.868174,-1.6470417,14.369106,0.18166722,3.187966,4.3728056,-0.06308473,9.254993,0.23109539
mp-2286,Li2Se,3.5186977,6.334942,-2.2447574,14.9152155,0.17899844,4.3249936,4.8465567,0.02065758,9.349151,0.23743878
mp-22862,NaCl,4.0421352,5.7049837,-2.890608,14.112313,0.1644561,2.4881468,4.818507,0.3561975,9.572182,0.26739877
mp-22898,KI,1.9142444,6.4721546,-1.2292691,14.3849,0.14655481,3.1167903,4.1447153,-0.253877,9.894585,0.23898558
mp-22867,RbBr,3.2388713,5.3349047,-2.3269243,14.606734,0.15308875,2.4527965,4.546752,0.21413478,9.811345,0.27743316
mp-22899,LiI,15.86678,6.115412,-2.3959963,13.926927,0.17400166,4.1103864,4.8863783,-0.12400232,9.5870495,0.26615292
mp-22916,NaBr,4.4735584,6.3145146,-1.6448077,13.764204,0.16341598,2.8245707,4.8611565,0.18535621,9.512509,0.2657826
mp-23251,KBr,2.0747778,5.8092737,-2.0215077,13.464084,0.17199466,2.7541196,5.245504,0.0070046145,9.12864,0.273243
mp-22922,AgCl,5.6617436,6.5488243,-2.307813,13.764065,0.15446122,5.753168,4.400482,-0.04459721,9.590238,0.25281253
mp-23193,KCl,2.2333446,6.4459925,-2.1541438,14.200554,0.16264072,2.5044403,4.863637,0.15695769,9.902544,0.2692198
mp-2352,Na2O,4.2980614,6.0766726,-2.2262592,13.510239,0.16401626,3.2716668,5.4339104,0.41041,9.444531,0.25459814
mp-23703,LiH,9.896219,5.5880337,-2.0493062,14.532462,0.17838493,4.363421,4.7805758,0.22107802,9.563154,0.2656511
mp-23295,RbCl,3.37088,6.037642,-1.7233162,14.564034,0.16324629,2.28105,4.2593975,0.50774944,9.152676,0.25783685
mp-23222,Li3Bi,13.6317005,22.272406,0.1900423,42.834778,0.07465249,13.776778,5.088756,-0.041657425,9.721367,0.2741951
mp-23259,LiBr,7.699813,6.2785864,-1.3621101,13.996812,0.18163383,3.6967137,4.619383,-0.22165318,9.620929,0.25713107
mp-23231,AgBr,5.8645616,6.237875,-1.6214759,13.8425665,0.16980208,6.8275976,3.5124202,-0.46150732,9.30963,0.22990367
mp-23209,SrCl2,5.597663,5.8815565,-1.3740124,14.296081,0.16759196,2.8794446,4.4598694,-0.45118594,9.481006,0.2608056
mp-23268,NaI,5.028598,6.533046,-2.86043,13.854871,0.17900844,3.332675,5.3194427,0.5186253,9.801444,0.26223034
mp-24084,KH,5.5986094,6.2754784,-1.9822445,13.705969,0.16896133,2.7221324,4.5304766,0.34267426,9.702481,0.25447762
mp-23870,NaH,7.207073,5.787697,-2.3798327,13.410994,0.18889923,3.1324756,4.4991007,-0.12401044,9.404233,0.26971716
mp-241,CdF2,6.2201376,5.4860616,-1.9462606,14.511386,0.17643958,2.8033447,4.713448,0.43157235,9.44709,0.23265554
mp-2472,SrO,14.148419,21.933353,1.9133595,45.341835,0.06756748,3.897693,4.7568417,0.19907054,10.051491,0.2642869
mp-24721,RbH,6.079212,6.215732,-1.617848,14.483576,0.17130859,2.7987483,4.837554,0.12757567,10.13997,0.23783058
mp-2605,CaO,12.687349,5.7852077,-1.7082335,14.418888,0.16450368,3.7840068,4.6756763,-0.41141582,9.654932,0.25222456
mp-2530,Li2Te,3.4538894,5.564267,-2.3601856,14.155653,0.17370637,4.967382,5.1433125,-0.7255831,9.477501,0.25424394
mp-2741,CaF2,4.691203,5.430854,-2.100254,13.562816,0.15968648,2.360055,4.710456,0.33319616,9.565117,0.23463349
mp-2784,Na2Te,3.5623815,6.3422475,-1.5437373,14.132084,0.17056634,4.322542,4.675615,-0.14028235,9.401227,0.25831386
mp-2693,SnSe,0.0,23.818014,-1.0209293,41.90416,0.08313485,45.703083,22.719038,3.110537,39.946045,0.083210714
mp-2758,SrSe,6.7098827,4.696989,-2.3612864,14.498188,0.17858857,5.1772156,5.704932,-0.1411722,9.818276,0.25799283
mp-315,PbF2,19.52015,24.96117,2.923079,43.63506,0.07114412,3.4644985,4.5713797,-0.051656146,9.68325,0.25631505
mp-463,KF,3.1577191,6.250307,-1.5050703,14.289588,0.17473206,2.094012,4.5848393,-0.53208464,9.767149,0.28308487
mp-441,Rb2Te,2.7936697,5.784278,-2.1792188,14.156238,0.16596785,3.4412527,5.1785398,0.0072851246,10.109154,0.24067639
mp-408,Mg2Ge,6.960672,5.2445927,-2.1398714,14.287845,0.15870021,16.38961,22.84708,3.3916595,38.520065,0.08563472
mp-569639,TlCl,20.449198,27.043228,1.0370892,44.58073,0.068849005,4.0783243,5.0909376,0.22577487,9.494338,0.24266447
mp-568662,BaCl2,3.7619336,5.385029,-2.3266711,14.525993,0.19104144,3.1278238,5.478793,0.29060927,9.196417,0.27122372
mp-573697,CsCl,2.8086388,7.252672,-1.7465887,14.141944,0.16317171,2.6319692,4.743939,-0.30122697,9.327364,0.24333774
mp-571102,TlI,10.14086,6.804606,-2.0146666,13.87603,0.16071357,7.4187627,4.5153465,-0.30195165,9.602478,0.25270435
mp-571222,CsBr,3.5959508,6.126407,-2.1654131,14.468454,0.15735717,2.4978697,4.9589024,-0.057429552,9.909818,0.25316238
mp-568560,TlBr,17.857353,4.767465,-1.5989672,14.027697,0.17589341,4.617182,4.501437,0.21389699,9.284291,0.2554486
mp-614603,CsI,3.4185658,5.5148325,-1.9082015,14.750534,0.18323757,2.6931367,5.020288,0.18470024,9.663602,0.25581837
mp-648,Na2S,3.5297027,6.1004434,-1.941632,13.810809,0.17359187,3.5061932,4.473443,-0.5413524,9.539455,0.23176105
mp-682,NaF,3.5939558,4.7672,-2.0063753,14.19979,0.17831472,1.8669747,4.7807527,-0.15083134,10.019899,0.27657703
mp-8177,HgF2,8.520258,6.7134495,-1.887541,14.12562,0.1641152,3.8403864,4.4134235,-0.020335753,9.898546,0.23320241
mp-8289,SnF3,6.1907463,6.77872,-1.6394918,14.818908,0.18172047,2.5984464,5.026,0.55704004,9.669596,0.25682083
mp-8041,Rb2S,3.4363651,5.807037,-1.9292793,13.658131,0.18308263,3.1776812,13.0462475,-31.233667,50.30758,0.038047235
mp-8426,K2Se,3.0786111,6.1349792,-1.8906859,14.209994,0.16656984,3.296388,4.117001,0.45435777,9.7986145,0.24210565
mp-971,K2O,6.0589075,6.2841225,-1.3714119,13.766203,0.15722972,3.1818762,5.1085186,-0.260462,8.993827,0.2466337
mp-981,SrF2,4.127999,5.675125,-1.4473991,13.702389,0.18347126,2.3288953,5.031336,0.7562574,9.41328,0.24909894
mp-1106356,AlH3,4.182885,6.4934278,-1.9290701,14.719,0.18763478,3.448348,5.319068,0.17742904,9.776955,0.26115558
mp-1401382,SnO2,3.6851058,5.6287785,-2.504315,13.599509,0.17460467,3.648128,5.4422464,0.14156298,9.346382,0.23725381
mp-16031,Sn3N4,8.822242,6.0716534,-2.0041704,13.468574,0.19010322,9.555842,4.950433,-0.11917856,9.032993,0.27210313
mp-1999,Sb2O3,4.169365,5.3270245,-2.1927636,14.292741,0.18036965,4.2466946,5.1751227,0.2518331,9.278884,0.26629803
mp-2184,As2O3,1.0338242,5.875371,-2.3681388,13.320232,0.17925386,2.8003938,4.1707954,0.2598323,9.694899,0.24749053
mp-559450,FeF3,3.9261484,6.134486,-1.5480465,13.507446,0.1792471,2.2238584,5.005085,-3.437467,11.969697,0.18072416
mp-571084,MnBr2,5.1728034,5.452507,-1.9522774,13.887712,0.16752473,4.042374,4.9212246,-3.4470296,11.880269,0.19868
mp-600033,SiO2,1.3373724,6.3395224,-2.3971426,14.359136,0.17606561,1.8920355,5.078764,-0.1136579,9.715376,0.25766453
mp-558836,MoF6,0.63365585,6.226165,-1.9534739,13.960415,0.18551116,1.9212184,4.891617,0.11828509,9.808756,0.23630667
mp-8560,SF6,0.43311092,6.1698656,-2.2209048,14.049629,0.17198983,1.7144178,5.233227,0.17391255,9.765607,0.26737645
mp-558891,SiO2,1.8852565,6.3135834,-1.3443462,14.346171,0.1727399,2.2609653,4.6620407,-0.22875184,9.05318,0.2565667
mp-557244,SiO2,2.0497413,5.400359,-2.144282,14.65094,0.15971355,2.5075643,4.8413563,-0.3621562,9.570412,0.24644646
mp-27411,TlP5,25.771105,18.52526,1.5842121,43.989895,0.06822367,10.781858,4.89789,-0.4693297,9.296007,0.2891236
mp-560882,SeO2,6.8317127,5.494777,-1.7952058,13.945093,0.17073391,3.8677871,5.1811714,0.37388608,9.607469,0.26495945
mp-560030,CaF2,6.9841504,6.9762893,-2.851173,14.295391,0.18588461,2.2408712,4.6928377,-0.29730743,9.681756,0.2709472
mp-556605,ZrO2,22.211494,20.939106,2.5848763,44.349518,0.06972102,5.594581,4.467041,-0.14361425,9.9355955,0.27368927
mp-569051,MgH2,12.900413,24.9654,0.8822745,43.5627,0.07042513,4.713382,4.9597263,0.09512677,9.323333,0.25380906
mp-550714,PbO,5.4210095,5.536695,-2.3718832,14.763777,0.17368403,5.252541,5.067357,0.058768127,9.997519,0.26410818
mp-685097,HfO2,18.160229,24.976364,1.2482473,44.217266,0.07695023,5.012639,5.283574,0.20080365,9.509193,0.25268638
mp-1015567,CrN2,83.20767,89.260895,5.0376225,167.42563,0.021551136,40.869774,21.288565,2.9457314,41.100864,0.09180854
mp-545552,SnO,5.0303874,5.971264,-1.986025,14.580324,0.16587253,6.5604267,5.0838327,0.059687585,9.437658,0.2486608
mp-754071,Pb2O3,35.75796,20.8411,0.42922917,43.887775,0.07380067,10.514339,4.7398863,-0.2418455,9.813548,0.24613154
mp-22889,ZnCl2,2.3099077,6.6111565,-2.6331663,14.356631,0.17836832,2.8113625,5.1854715,-0.028206427,9.572691,0.25814134
mp-2412,LiP5,4.682354,5.0582657,-1.3537734,13.764765,0.15703207,10.586352,4.4144945,-0.1591847,9.500221,0.2721755
mp-230,SbO2,14.232513,23.8349,3.4954906,45.72742,0.064931475,5.3813767,4.7665586,-0.18504913,9.543186,0.25738338
mp-2447,P4Se5,1.2505109,6.061403,-2.0826018,13.88751,0.15620366,5.55407,5.148324,0.08618396,9.543219,0.2717862
mp-28460,Br2O,5.132777,5.8320036,-2.0258563,14.289523,0.16230528,5.4393587,4.5367126,-0.047450505,9.389724,0.2511237
mp-2414,SO3,0.68207455,5.7886963,-2.2664344,13.966178,0.17181702,2.1020286,4.8149185,0.1057966,9.61772,0.25689253
mp-554089,SiO2,1.7466607,6.517256,-2.3519807,14.227367,0.18305995,2.2467132,12.546046,-32.00459,54.00051,0.03709251
mp-28027,AsF3,3.0484197,7.0096846,-2.0093389,15.085019,0.16365041,2.1876612,4.12833,-0.0060646925,9.367484,0.24899293
mp-402,CdP2,2.0874348,6.3049483,-2.1435695,14.14285,0.17540886,9.660705,5.0180187,-0.054892078,9.626482,0.23051634
mp-32760,LiP5,3.035875,5.682925,-2.0089142,13.747544,0.15546036,13.887869,4.8277493,-0.19902167,9.955161,0.25044423
mp-754628,WN2,13.324123,6.024311,-1.7092205,13.962465,0.17785347,9.616207,4.556855,-0.5655487,9.956168,0.24596457
mp-775837,Sc2O3,16.41308,22.109936,2.2564647,45.60611,0.07234914,4.524668,4.781393,0.31676173,10.107939,0.2617707
mp-1042110,Re2O7,0.6837596,7.063321,-1.397471,14.184743,0.17664462,2.5100334,4.1885653,-0.044276416,9.517293,0.25508165
mp-1079600,Cs2S3,4.331328,5.907254,-2.0582526,14.64744,0.17776184,3.568183,5.172001,-0.3682199,9.752959,0.26161933
mp-23173,HgI2,5.4334106,5.163497,-2.2663977,14.173603,0.17298996,4.001688,4.828802,0.6362376,9.676986,0.2737772
mp-23297,BrF3,6.241981,6.0059395,-2.71642,14.283613,0.17712425,2.7290232,4.9407806,-0.14868885,9.998867,0.26037607
mp-29721,B3H5,0.44116825,6.236107,-2.2254748,14.112958,0.17753005,2.4122827,5.520829,-0.4398752,9.384132,0.2636581
mp-16964,SiO2,1.5044869,4.7858543,-1.4092422,14.867876,0.17652003,2.0309584,9.232145,-28.849556,49.38628,0.042666305
mp-23292,HgBr2,5.474973,5.844425,-2.0430534,14.044391,0.18128687,3.487361,5.4299364,-0.05637379,9.171232,0.24195866
mp-28035,BaP10,4.5370665,5.4968634,-2.0932493,14.526936,0.16316117,9.649609,4.886714,0.39107195,9.198691,0.24819368
mp-27987,BrF5,0.9723146,5.760495,-1.5761334,14.639978,0.18161231,2.183726,4.801099,0.24025601,9.624663,0.27174285
mp-556218,SiO2,1.4990993,5.39503,-1.991823,14.354483,0.18063536,2.0111117,5.1762357,-0.048122533,9.976588,0.2939533
mp-632296,HF,8.654215,5.9703956,-2.8083239,13.97748,0.17014189,1.7403414,5.472765,-0.054350972,10.228271,0.2602899
mp-32669,Ag2S,2.8565881,6.481452,-1.4461458,14.29658,0.1643377,8.850281,4.0036645,0.5766567,9.159736,0.269119
mp-685146,CdTe,2.414302,7.7860622,-3.0229146,14.328314,0.17425244,9.5956955,5.062749,-0.30376932,10.322883,0.26680496
mp-697111,H2O,1.1496214,7.072355,-1.6895726,14.256684,0.15698336,1.8226709,4.8532176,-0.47992307,9.577642,0.23955473
mp-632326,HCl,0.72285944,5.4817533,-1.2057012,13.587308,0.17693545,2.0198774,4.876174,0.394793,9.828323,0.24866177
mp-632229,HBr,1.176468,6.270831,-1.9413145,14.118099,0.17820449,2.4267218,4.582409,-0.40904483,9.755065,0.251448
mp-505634,Cs2Te3,4.341221,5.7385316,-0.90926695,14.393317,0.18029733,8.719268,4.5455647,0.29967308,9.548208,0.24337244
mp-571636,InCl,56.043186,68.317726,2.8640409,153.69788,0.021021396,5.940294,4.6131277,-0.004682402,9.33891,0.2659467
mp-570044,NbI4,2.3519166,6.3743877,-1.6287569,14.790343,0.16827866,6.8401732,4.766701,0.041974843,9.239459,0.26284724
mp-717,B2O3,3.9811013,6.293726,-2.121313,14.250852,0.17859669,3.0541337,4.4495916,0.017542642,10.415513,0.2523087
mp-754401,Al2O3,5.133743,6.222522,-2.1580853,13.904962,0.16776304,2.6265664,4.7849164,0.044902172,9.695226,0.2758935
mp-7446,Rb2S3,4.0586405,5.6662393,-2.2964492,13.869787,0.17363021,3.6276052,4.443221,0.053910658,9.453166,0.2631231
mp-7449,Cs2Se3,3.7444942,5.5871787,-2.4629123,13.781468,0.16514215,4.791005,4.8765354,0.2360273,9.228981,0.23762862
mp-7447,Rb2Se3,3.7362149,6.0311213,-1.4825633,14.254341,0.16050905,5.491922,4.96008,0.29243833,9.712306,0.254506
mp-7667,K2S3,4.118779,6.1236944,-1.6937355,14.3591,0.17122033,3.8887722,5.2671175,0.12614635,9.671124,0.2435332
mp-7670,K2Se3,4.182437,6.2682953,-1.8165474,14.040059,0.18692131,6.6812263,5.0204954,-0.13411471,9.539813,0.27784795
mp-753740,CrO3,20.09922,23.484386,3.234315,46.020596,0.067846544,4.754772,5.2835093,0.13618816,9.349091,0.26628405
mp-20526,PbS,129.79501,70.3681,12.826004,154.4026,0.020001847,5.87376,4.423662,-0.4447221,9.320362,0.2423579
mp-558134,TlF,35.498177,22.891933,1.2618906,43.887646,0.07451491,3.99626,4.624518,0.14277221,9.836069,0.25260252
mp-8781,SnS,9.559354,6.8589106,-1.998721,13.525695,0.1813247,6.502241,4.56483,-0.39899856,10.124277,0.25133944
mp-557082,H2O,1.8584242,6.095441,-2.276468,14.333907,0.17450577,2.186937,4.713525,-0.1049375,9.553883,0.26290748
mp-31053,Ag2S,2.464913,6.5214977,-1.4749204,14.619707,0.17927924,7.2196913,4.0747213,0.19405614,9.434769,0.2652353
mp-560025,Ag2S,17.949146,22.589834,5.354403,43.17433,0.07635031,10.864153,5.2004805,-0.39480236,9.749892,0.25010175
mp-12177,Te2O5,11.040942,5.6529837,-2.4526093,14.027316,0.16776216,4.9515753,5.224775,-0.07705775,9.583816,0.25528395
mp-555891,SiO2,1.7657226,5.747719,-1.2933588,14.86581,0.18574207,2.1151822,4.671607,-0.5639475,8.8761635,0.27846304
mp-972808,SiO2,1.8816335,6.710941,-1.7713025,14.312904,0.16721816,2.3049676,4.7049117,-0.49359205,9.250587,0.2631163
mp-690,P4S5,0.7622177,6.5193224,-3.0296707,14.400425,0.1527519,3.5598547,4.6039877,-0.01988377,9.906182,0.24781808
mp-776081,K2O,13.420258,7.1643014,-2.0475883,13.918187,0.182518,3.2881029,4.7136335,-0.17262566,9.543202,0.25243258
mp-554573,SiO2,1.709668,5.605257,-2.8382308,14.344964,0.16479063,2.1865537,4.811157,0.0002540853,9.382334,0.27004904
mp-510421,CrO3,2.6023002,7.0184393,-1.3016574,14.035355,0.17208499,4.4288807,4.966138,0.100362614,9.262067,0.23917957
mp-1880,SbF3,6.6466618,6.3493404,-1.9270905,13.996533,0.17449374,2.8311288,4.414649,-0.16090712,9.473423,0.28929877
mp-28099,SBr,1.9152517,5.349136,-0.9788785,13.792399,0.17504524,3.3129165,4.379102,-0.16130465,9.565149,0.2959079
mp-1175,SrS3,13.751307,6.2703667,-1.8735163,13.367327,0.17753683,5.6573315,4.764325,0.057300515,9.570199,0.27716157
mp-27988,IF7,0.52536327,6.7389913,-2.2810903,14.971331,0.16122057,1.9773968,4.557989,-0.06226336,9.90611,0.24248123
mp-570589,SeBr,1.666647,5.9339733,-1.1817846,14.049036,0.17029673,4.6463156,4.40491,0.024254518,9.729134,0.25369868
mp-27726,SO2,3.0646152,6.2369676,-2.4237406,14.941635,0.16279012,2.171792,3.94429,-0.10990519,9.524754,0.23548366
mp-685145,BN,1.5539479,5.9891357,-2.0904853,14.533847,0.18328561,4.4509153,4.9317417,-0.6819177,9.83687,0.27129185
mp-13868,PdF4,0.7195385,6.520814,-1.7778969,14.455583,0.18547481,5.499206,5.027685,-0.18181324,9.291629,0.25840294
mp-15339,Sr3As4,7.2384048,6.662785,-1.3493211,14.615575,0.17422548,11.667393,5.0270314,0.11364906,9.74961,0.26882043
mp-14288,Sr3P4,7.221794,5.6776276,-1.4395039,13.693986,0.18156293,9.454406,5.1849265,0.22976622,9.513875,0.24219757
mp-14289,Ba3P4,9.676091,7.515001,-2.4374928,13.798775,0.17036967,9.754175,5.111145,0.31328118,9.9067335,0.24564579
mp-28096,SCl,0.5980306,6.865903,-2.3340912,13.78048,0.16448872,2.6208968,5.536112,0.5386821,9.159945,0.22778557
mp-27253,Au2O3,1.1026461,5.4161987,-1.6725079,14.461766,0.17116797,9.3585,4.742542,-0.09684978,9.727979,0.2653648
mp-2452,P2O5,2.3801188,5.944213,-2.6471264,13.623585,0.16948304,2.4767268,4.6939445,0.25803068,9.537485,0.24758174
mp-546190,Ag2O3,1.5386963,6.0044265,-0.88126844,13.940864,0.1557486,14.686282,4.613285,-0.07293417,9.166649,0.25633526
mp-542613,GeS2,2.2596347,5.081539,-2.1216836,14.295084,0.16556422,4.7206206,4.6630154,0.21802562,9.605019,0.23287944
mp-569272,Cs2Se,5.3774004,6.9636393,-2.19144,14.448813,0.17471115,3.6829104,4.3937435,-0.15272099,9.229084,0.26406872
mp-760432,Cu2O3,1.2893628,5.6577826,-1.5334362,13.672275,0.19291045,23.197145,20.721462,4.78339,39.93898,0.07956733
mp-8943,PtF4,0.6996389,5.04617,-1.9671079,14.369629,0.15392137,4.5199423,4.0210285,-0.23300314,9.631652,0.22813287
mp-22464,NaO3,2.7211223,5.771408,-1.1113223,14.135198,0.16389969,2.3533087,5.0834446,-2.9756517,13.141722,0.19228317
mp-1954,P3N5,4.901767,5.654253,-2.5042856,13.717709,0.16332692,5.1542673,4.7601404,-0.19501463,9.199533,0.2657665
mp-684609,HCl,0.0043848865,6.4651814,-1.8863213,14.010988,0.16640374,1.8300614,4.7458563,0.18892811,9.867927,0.24127653
mp-555251,SiO2,1.3706105,6.5579576,-1.9710063,14.073954,0.18222803,2.0109403,4.8380804,0.032292582,9.382104,0.23216917
mp-10426,Nb2O5,13.829677,5.866318,-1.7216215,14.269515,0.15858646,7.05736,4.7039566,-0.3931027,9.799724,0.25561005
mp-1217269,TeSe2,5.0593214,6.243272,-1.671225,14.07087,0.16628203,17.515938,20.898405,3.8168764,38.971653,0.07874531
mp-556553,SiO2,2.2670286,6.1602945,-2.499327,14.263449,0.1750548,2.4400055,4.934375,0.012911522,9.520806,0.2426209
mp-551905,OsO4,0.16610803,6.3765907,-1.7331736,14.360593,0.17673653,2.4783618,5.503436,-0.32587928,9.208457,0.26037884
mp-557134,SiO2,1.5133569,4.4587555,-2.5076885,13.439722,0.16769548,2.2366035,4.7856045,-0.15505193,9.138138,0.24928471
mp-632403,CdCl2,4.878638,5.9575653,-1.8945765,14.661863,0.17592692,3.1327045,4.3411107,0.24396192,10.125353,0.2787485
mp-634410,NaN3,41.88496,21.04426,-0.37908566,42.52777,0.066454574,2.70527,4.7043324,0.24052916,9.407131,0.24821107
mp-600038,SiO2,1.1542329,5.5947256,-2.796129,13.863618,0.18215668,1.8495181,4.499178,0.56825644,9.77144,0.24404956
mp-639463,SiO2,1.5284196,5.986898,-2.004279,13.527279,0.17287278,2.0123713,4.4420824,-0.1635472,9.44948,0.26366538
mp-754658,TeO3,5.5204926,5.079464,-2.2924275,15.2078705,0.17861481,4.280458,5.2555623,-0.1551412,9.525761,0.28056327
mp-568848,GaCl2,209.36586,79.301834,-1.9307921,157.1817,0.022342157,3.2265065,4.392975,-0.27701122,9.018413,0.2619917
mp-17524,GeAs2,0.7908211,6.260663,-2.6103132,13.576409,0.15896304,13.120653,4.76343,0.29031822,9.705796,0.26966694
mp-9996,SiP2,0.5981428,6.910023,-2.0742924,14.333935,0.1806534,7.3668413,5.5651116,-0.16480742,9.755557,0.26770455
mp-978553,SiAs2,0.6586286,5.1269875,-1.541653,13.719438,0.1628197,11.687338,5.4732685,-0.052201007,9.828995,0.25313354
mp-8361,CsTe,4.3538165,6.2557063,-1.7025619,13.8513155,0.17643051,5.1844554,5.0926247,-0.072159626,9.899633,0.24271517
mp-764949,MnF3,3.452659,5.604884,-2.5373209,13.682011,0.17119814,3.496051,3.7154603,-2.5316553,12.012358,0.17994744
mp-557465,SiO2,2.1548498,5.202154,-1.4401146,13.791545,0.16154094,2.3629217,4.4706955,-0.11720625,9.321596,0.2733414
mp-2136,Sb2O3,78.34906,83.43979,0.1479735,156.32347,0.019279705,5.0069594,5.0614862,0.34368128,9.4006,0.27179885
mp-22874,PBr5,11.985405,6.645465,-1.5833592,14.089605,0.18304059,5.1435056,4.8391953,-0.11556236,9.579266,0.2654358
mp-696805,H2S,1.4327191,6.6816125,-1.9890112,14.122055,0.16570519,2.7478383,4.527191,0.18858293,9.91417,0.26340094
mp-720,TlF,17.103678,24.663597,1.5643262,43.7112,0.07391957,3.801457,4.4646354,-0.5402905,9.948272,0.25311574
mp-1522,FeS2,6.4246516,22.768986,3.2170749,42.96614,0.070238926,21.059868,21.623753,3.055779,40.14916,0.07656909
mp-2008,FeAs2,18.318535,21.578548,1.7346528,42.332405,0.07600133,30.613531,21.029484,3.566308,40.866226,0.0783563
mp-19795,InS,6.389736,7.1813,-1.873656,13.934497,0.18705262,8.774264,4.703202,0.40484518,10.044292,0.2612401
mp-1413,P2Ru,12.15601,22.150692,-0.26866418,44.77557,0.07737783,19.857277,19.66319,2.0624328,40.52059,0.076960474
mp-1285,PtO2,1.1021764,6.056153,-1.5708766,14.419358,0.17746261,21.335066,22.32663,3.5734987,39.95047,0.07517335
mp-20027,FeP2,14.517191,26.11557,1.0506985,46.409008,0.074444085,23.048285,21.85841,4.4891505,41.740376,0.0809313
mp-22888,CaBr2,4.5213614,6.596815,-2.8132074,14.637356,0.18625253,3.130366,5.4446917,-0.27103797,9.58446,0.25931764
mp-267,Te2Ru,8.066004,6.877021,-1.1746691,14.470596,0.16213262,20.93088,21.672329,1.6100278,39.817867,0.08379444
mp-2319,P2Os,12.214574,24.956741,2.600319,45.56109,0.07087409,18.21272,20.109276,3.9784927,42.25838,0.074865215
mp-2455,As2Os,13.68241,26.281427,-0.5990736,43.719585,0.06891695,20.885027,20.136608,-1.3096343,37.269855,0.07729298
mp-2695,Sb2Os,13.658705,20.42163,0.44854608,45.57919,0.06986304,21.894888,23.257765,1.5932596,39.61201,0.082438715
mp-760,FeSe2,10.133355,22.658714,2.3564332,44.800564,0.06999917,26.701044,24.59145,3.217323,39.94155,0.083623074
mp-766,As2Ru,14.22059,25.809736,-0.105687484,43.722378,0.0662778,23.544134,23.608143,2.2103877,39.071285,0.08261847
mp-1397432,Cr2O5,5.909293,6.55254,-1.9252379,14.111449,0.15625213,6.0432105,5.3391576,-2.4156435,11.660255,0.18777613
mp-30106,AsCl5,0.5287076,5.9565463,-2.3321235,14.414915,0.17043282,2.5403855,5.478489,-0.5050175,8.890493,0.24335273
mp-1539317,Ta2O5,46.51329,26.269566,1.7566168,44.50869,0.07877021,5.2786274,4.7749453,0.30951676,9.671941,0.3007791
mp-23312,MoBr3,0.72220373,5.6716776,-1.8229455,13.219507,0.16021849,4.5080304,4.4156,-3.5779488,11.478016,0.19254047
mp-25279,V2O5,8.7839,7.107909,-2.4097593,14.409948,0.16284436,4.88348,4.443734,0.049368013,9.704808,0.27212125
mp-37036,Bi2O3,9.921749,6.9425077,-1.1952735,14.754172,0.16685036,6.225851,5.5210333,0.4270385,9.41741,0.2583612
mp-557653,SiO2,2.6162736,5.8783007,-2.1441257,14.344951,0.15511796,2.735153,4.828759,-0.09727429,9.151572,0.24347077
mp-16608,Si3Os2,38.86652,78.01094,-2.6929376,156.97559,0.021080997,18.948084,22.236544,2.8203962,40.689545,0.07828241
mp-16610,Ge3Os2,42.61966,23.082724,0.39697418,44.528362,0.07050125,23.12631,21.042244,3.273432,41.893818,0.0766893
mp-22192,Si3Ru2,48.31546,74.479485,5.661194,151.44269,0.022039397,20.441652,22.919851,1.6850675,39.380283,0.08131848
mp-23711,MgH2,6.9840145,6.409316,-2.0930827,14.392078,0.17112513,4.054021,4.7373447,-0.20190148,9.692876,0.2666453
mp-17173,Rh2S3,2.0250645,4.5608797,-1.5126551,14.870084,0.1739405,25.081882,20.114485,2.7590344,40.9987,0.07681556
mp-571642,CaCl2,4.349685,6.4023027,-1.8155036,14.035631,0.16682939,2.7868252,4.42815,-0.22533588,9.9503355,0.28835377
mp-556034,CO2,0.19345607,6.1823263,-2.7507799,13.934009,0.16458221,1.8830122,4.4858484,-0.1637497,9.70654,0.2453869
mp-556585,MnF2,5.2970386,6.0918655,-2.1089723,14.818748,0.17270328,2.3757963,4.513076,-2.5263114,11.777011,0.18452358
mp-560203,SiO2,2.32505,5.698135,-2.563836,14.575404,0.15974489,2.5163567,4.724498,-0.32168716,9.272642,0.27972883
mp-7709,ZnF2,5.8224087,4.604251,-1.6040264,14.158678,0.16530313,2.5533745,5.1763296,0.44457555,9.447973,0.25081462
mp-1321,CdSb,10.830225,5.756898,-2.3368654,14.108553,0.16592985,27.828375,21.26744,2.3083997,39.634903,0.083544366
mp-27267,ReP4,6.135929,6.9947042,-2.5278034,14.731381,0.16543098,18.32519,19.927607,1.33015,37.34848,0.074390806
mp-2418,PdSe2,0.98796296,6.9295893,-2.7957802,14.158413,0.17049694,13.417906,4.5663457,-0.70478475,9.693581,0.23901246
mp-2125,TeO2,12.221243,6.4345875,-1.5457858,14.5737,0.1595686,5.049838,4.8072453,0.4460057,9.1097,0.2809813
mp-23207,ClO2,0.8438558,6.6850867,-1.7260857,14.8932295,0.17009279,3.1059012,5.2518644,0.20786668,9.411346,0.25392494
mp-13682,PdS2,0.63727623,6.1077957,-2.5279145,14.314088,0.15882953,10.900245,5.0438557,0.22808525,9.761006,0.26878405
mp-557266,HgO2,4.930606,5.3788004,-1.5145993,15.093001,0.17254683,6.368696,5.1363616,-0.114381135,9.346951,0.24838349
mp-7372,ZnAs,8.074929,21.537867,-0.42775032,45.549538,0.062030002,21.33669,24.19733,5.0122747,41.886242,0.07968856
mp-1106,Sr2Si,15.288137,23.061863,0.998548,43.392033,0.07121351,16.874714,21.290115,4.202117,39.513615,0.08261126
mp-1244,SrGe2,8.232013,18.793413,1.3349222,45.71776,0.06290952,17.504763,22.950142,2.0125327,39.986286,0.08665705
mp-1224,HgO,4.0781565,6.390065,-1.7112869,15.239388,0.16618943,5.548883,4.4384117,0.059693992,9.573896,0.25078368
mp-1477,BaSi2,7.4494934,5.8268948,-1.7084407,13.894874,0.16236924,12.343036,4.604045,-0.007247568,9.659609,0.25859207
mp-19326,MnO2,7.1792097,5.7130814,-1.8736995,13.910237,0.15577903,10.137124,5.1267495,-2.902164,11.895597,0.19210345
mp-1875,TeF6,0.6012263,6.536309,-1.6432657,14.224092,0.15063363,1.8645247,5.0347548,0.056455486,9.5974455,0.27377048
mp-2095,Rb2Te3,10.949631,6.3820295,-3.041477,13.492146,0.17580596,7.943292,5.526436,0.2176254,9.622185,0.23696938
mp-2139,BaGe2,7.916511,7.3285675,-1.9694544,13.743331,0.20583852,14.80033,21.56083,3.1259696,39.215096,0.08179541
mp-22855,HgCl2,2.059246,6.0214796,-1.7774148,14.420141,0.16708304,3.076131,4.1136513,-29.662209,48.000336,0.040376928
mp-2231,SnS,28.127491,23.959843,-0.13520454,43.125263,0.072562665,19.930277,22.009892,2.4413235,39.44654,0.07953918
mp-2242,GeS,16.13174,19.467735,0.6674074,45.379883,0.06951137,18.135986,19.22063,2.9631643,37.591766,0.07249916
mp-2160,Sb2Se3,47.763294,81.18297,-1.6593804,155.94312,0.020276614,15.76282,11.545799,-30.052372,54.43178,0.04014924
mp-22876,CsI3,4.4134436,5.7521534,-1.2918341,13.735549,0.17208587,3.8431935,5.0053434,-0.25020918,9.192703,0.2606611
mp-22908,BiCl3,56.530872,72.27229,2.9347672,150.96532,0.019762235,3.9293811,4.9840364,0.2494747,9.650362,0.3184189
mp-23237,BiF3,37.64997,20.118153,1.3811765,43.11344,0.076083794,3.5410497,4.7707176,0.15541594,9.911677,0.2550516
mp-23164,Bi2Se3,47.690845,83.692665,-0.9892903,160.55139,0.020130236,16.28823,22.549747,2.4623327,39.84649,0.08098776
mp-23230,PCl3,0.45742515,6.301918,-1.9063387,14.3998575,0.18567012,2.3147871,4.421624,0.07169378,9.766954,0.2563907
mp-23291,PbCl2,29.839045,24.186808,2.7459571,45.71162,0.07106301,4.7129655,4.6791954,0.20513101,9.781745,0.2606782
mp-22872,SbCl3,4.720155,6.5579615,-2.4362822,14.456201,0.16282351,2.9524581,4.195983,-0.5036768,9.785707,0.24981548
mp-22856,Bi2S3,51.175377,21.917103,-0.6497144,43.254757,0.06293667,12.461815,7.481988,-26.897766,50.620857,0.03753375
mp-25280,V2O5,7.66702,6.426473,-1.8844984,14.35803,0.18253629,4.5239153,4.831292,0.014215665,9.530715,0.27523458
mp-2416,YF3,9.576988,6.3439283,-0.9589165,13.325082,0.1857359,2.6544392,4.434657,-0.04916172,9.872317,0.25871763
mp-2576,Sr2Ge,14.835494,22.382149,0.99851483,44.836563,0.064391725,18.900547,19.543732,3.016563,40.82297,0.07972796
mp-23713,CaH2,7.131021,5.9715824,-2.023241,15.052867,0.18845287,4.452752,4.3186636,-0.20144178,9.553239,0.24458605
mp-2517,Ca2Si,13.653056,5.880664,-2.4621403,13.671529,0.15733793,15.762767,4.3355236,-0.41913995,9.498006,0.267567
mp-2632,TlF3,12.085131,5.9622874,-2.7536643,14.357527,0.1573934,3.8857734,5.105187,0.12255984,9.475651,0.24562539
mp-23714,SrH2,8.164942,4.2925034,-2.641914,15.196127,0.17294404,4.0760107,4.5928164,0.04768768,9.784755,0.23073335
mp-23715,BaH2,7.4646454,6.370845,-2.620405,14.330353,0.1602765,4.2617407,4.8187017,-0.008364209,9.375778,0.25327083
mp-28029,TcP3,11.781729,21.19415,1.4018124,43.820187,0.07252833,20.699165,20.2841,5.016429,40.05824,0.07741787
mp-28328,RbI3,5.8092184,6.161209,-1.2697651,14.65676,0.16764773,4.1140366,4.329236,0.16216724,9.480904,0.23799692
mp-27655,Te2I,22.367064,22.58953,0.6289693,43.734474,0.06463601,12.149525,4.835966,0.037251357,10.093475,0.2747436
mp-27641,CsBr3,4.8389754,6.263812,-1.9759798,12.950956,0.17374592,3.2189224,4.528825,0.07485749,9.526255,0.28545812
mp-2809,Sb2S3,45.14807,23.001358,0.618784,41.27095,0.07407923,11.211396,4.898258,-0.089297906,9.754942,0.2616258
mp-27257,PBr3,0.4331487,7.461996,-1.8949844,13.531835,0.16246852,2.593813,4.887415,0.41799623,9.957574,0.25918642
mp-27648,Te2Br,19.382734,23.51175,1.0174177,44.6051,0.06955086,10.690771,4.9768996,-0.24587755,9.259191,0.25489807
mp-2833,IrS2,1.700891,5.404374,-1.5229326,13.634696,0.16837612,16.558067,21.453,2.027163,41.156704,0.077632286
mp-304,Ca2Ge,13.346134,6.5476084,-1.9007792,13.440611,0.16400318,16.557339,21.532265,2.2917075,39.09333,0.085526474
mp-365,MgB4,12.9314575,22.957043,-0.9049065,40.383312,0.06493155,11.608285,19.935034,2.7182863,40.815727,0.07822269
mp-540703,Cs2S,8.436281,5.520378,-2.4281876,14.03545,0.17376323,3.9204948,4.657501,-0.42736152,9.509536,0.2657391
mp-556767,ClF3,1.2824913,6.1514864,-2.681207,14.567102,0.17443748,2.2361896,4.555822,0.06802156,9.691115,0.27931526
mp-568971,Ag2Se,4.4965262,5.668681,-1.6684198,14.075805,0.17063853,10.9825535,5.581918,-0.5587509,9.597584,0.26810026
mp-568284,SrI2,4.0158153,5.7140975,-1.9777105,13.887703,0.16783527,3.6489542,4.801572,-0.037109282,9.113456,0.23118488
mp-569152,SnCl2,50.45054,23.997478,1.5403556,44.27875,0.07580894,4.3690634,5.6105714,-0.3597261,10.050367,0.2455448
mp-567744,SrBr2,3.7894843,6.5324054,-2.0216906,14.023346,0.17723438,3.0815237,5.1944523,-0.3592964,9.474007,0.25513595
mp-573763,Cs2Te,6.0883455,5.684928,-1.5546538,13.669029,0.1754624,4.0860147,4.6893525,0.3330943,9.637961,0.26657414
mp-647343,PBr7,9.609996,5.6582355,-1.5694183,14.603665,0.1661663,4.877316,4.6987486,-0.026277859,9.49637,0.2516182
mp-7289,K2Te3,7.6658735,5.3342733,-2.5142102,14.1561165,0.16457422,8.796858,5.1543245,-0.19419901,9.533837,0.23984621
mp-700,GeSe,16.230312,17.798397,1.4005556,44.31071,0.06359728,23.296528,22.16609,2.3038535,39.317894,0.07520982
mp-691,SnSe,34.2611,84.97344,1.2953265,158.08966,0.02092088,26.42108,21.219767,4.160614,40.517227,0.07624683
mp-759097,VF3,4.111148,5.341951,-1.6245556,14.832605,0.17545812,3.1370769,3.952179,-2.5141828,12.127876,0.19448347
mp-754741,ZrO2,10.542764,6.536422,-1.422094,14.398065,0.17523922,4.7805543,4.9188643,-0.29823336,9.412416,0.26625687
mp-776470,Hf3N4,39.667282,23.231695,0.22551282,44.912865,0.072376505,9.723035,4.824647,-0.24875888,9.461367,0.26421702
mp-978,Sr2Sn,12.207898,21.200405,2.0514078,42.873444,0.0771397,19.135439,20.2513,2.6213715,40.40025,0.07010452
mp-1008492,BrCl,19.1356,6.078969,-3.1735764,13.593861,0.16994514,4.030104,4.6361256,-0.2765474,9.641862,0.28116342
mp-1043432,Mo2O5,4.249303,5.49,-1.7016277,14.4504795,0.15537526,3.704708,5.227604,-3.115977,11.783161,0.18797117
mp-23202,InI,34.868443,22.562466,0.70187414,43.43754,0.069410585,8.458253,4.596937,-0.25375625,9.754571,0.2357568
mp-22870,InBr,41.597702,22.523947,0.5135958,44.236485,0.06702188,6.842529,5.0478544,0.019403799,10.061899,0.258931
mp-27639,IBr,5.04803,6.168463,-2.4037158,13.532336,0.18237242,4.546863,5.4777517,-0.08650908,10.074784,0.24954459
mp-27979,LaI3,4.134135,4.80913,-1.7772893,14.300164,0.16783905,4.545519,4.936355,-0.39285615,10.056505,0.26404765
mp-27488,Ta3N5,37.645485,20.210743,0.62165797,43.042957,0.06782575,10.8303585,21.878883,2.6875334,38.40633,0.082426466
mp-560527,SiO2,1.4153463,6.131213,-2.1722255,13.577589,0.17888731,1.9545575,4.6795535,-0.5181808,9.892193,0.27427527
mp-571555,InCl,54.738724,77.47453,-4.734677,151.84381,0.020769196,5.783627,4.5084305,0.023599166,9.560724,0.25000754
mp-600004,SiO2,1.6012197,6.917774,-2.6344957,13.946145,0.15771697,2.013538,4.2894773,-0.75376207,9.559103,0.24481264
mp-17123,Si2Os,15.956143,21.073456,0.42299,43.333584,0.07913283,17.133139,21.994621,0.9417327,41.98033,0.08879544
mp-1714,FeSi2,20.317448,20.618116,1.9880986,42.82159,0.070250355,24.635244,22.754955,2.6897416,40.016987,0.08031794
mp-2672,K2O2,3.7771733,5.5376043,-1.8336599,14.260631,0.16753007,2.5359468,4.8209767,-0.42082408,9.578129,0.26472142
mp-569815,Si2Ru,17.898603,23.975515,0.30874768,44.107647,0.075214766,20.119791,20.718906,3.937237,39.860085,0.07566378
mp-559313,SiO2,1.6237091,6.0055504,-1.8302481,14.384935,0.15694249,2.0410862,4.6238823,0.14438577,9.560883,0.26487204
mp-557719,PbS,121.07727,70.002335,6.48571,155.32336,0.020282213,4.5040007,4.6280775,-0.29195914,9.420949,0.25969285
mp-545820,SnO,9.761392,5.8997808,-1.8865042,13.548622,0.16777726,7.041596,4.5792084,-0.025341542,9.401588,0.26091763
mp-656887,Ni3O4,4.193221,6.0953245,-1.7680479,14.887093,0.16165121,6.1066127,4.1591687,-3.2906413,11.933157,0.15703493
mp-571035,OsCl4,0.90433985,5.3451715,-1.5210657,14.009281,0.17460632,4.1942334,4.4256845,-2.363103,11.657404,0.18534546
mp-15556,Rb2As3,3.574204,5.3630137,-2.545122,14.36604,0.16784169,5.525453,4.4467688,0.012982611,9.476712,0.24333672
mp-2079,Rb2P3,3.598083,6.5628543,-2.1669676,14.6017475,0.18525283,4.5507774,5.1639147,-0.028885849,9.77502,0.24060297
mp-8262,K2P3,3.6827013,6.3063593,-1.7947824,14.469435,0.1670849,4.7961435,4.0625353,0.16543433,9.537737,0.26345062
mp-31243,BaAs2,9.543785,6.6236877,-1.9490488,14.188921,0.16715895,15.120242,13.533882,-33.30296,50.1044,0.043039598
mp-38511,Ag2S,8.177818,6.4047213,-2.8427768,13.741677,0.15551387,18.31357,20.427029,3.2152178,41.24726,0.08096455
mp-673245,CuI,1.6743975,4.802308,-1.7754238,14.14929,0.18440227,6.3553395,4.4590716,-0.13405368,9.22169,0.24647914
mp-759972,VF4,6.8022137,6.845008,-1.6259483,15.033853,0.16677587,2.435491,4.574889,-2.4620335,12.392834,0.17538436
mp-684798,Ag2Te,25.223795,21.405193,2.1799757,44.74147,0.075065985,23.203611,20.284374,2.6309803,40.541668,0.08394804
mp-1105821,Y2Se3,10.617299,6.059681,-1.9315982,15.237518,0.17473899,7.0456896,4.9577007,0.029933644,9.537986,0.26828426
mp-1189791,Y2Te3,10.615561,6.989403,-2.1993856,14.06904,0.17077543,9.327654,5.285266,0.2829149,9.874134,0.2359834
mp-1205354,Sc2Se3,15.885103,22.660427,-0.29948226,44.82175,0.071000114,9.67333,4.7519207,-0.072970875,9.581948,0.25459218
mp-569857,K2P3,4.160574,5.4362974,-1.5313226,14.341297,0.15461287,4.7392287,5.3518004,0.036850918,9.530124,0.23545952
mp-401,Sc2S3,14.7693615,5.985891,-2.1126668,14.469983,0.15992974,7.9926486,4.2476735,0.20169888,9.150944,0.26637936
mp-568208,IrCl3,0.41382945,6.1469917,-2.1154199,14.28547,0.17624108,4.7684145,4.133297,0.15892555,9.724762,0.24306424
mp-2131,SrN6,3.880784,6.854805,-1.7932453,13.745641,0.15765397,2.8890421,4.677868,-0.10520816,9.051362,0.26603356
mp-676,CaN6,5.048192,7.493726,-1.497269,13.495543,0.16668846,3.0764031,5.4575768,-0.25633335,9.9841585,0.2673604
mp-29266,CsS,2.8587277,6.5069475,-1.3706917,13.57909,0.17329244,2.99749,4.892119,-0.2157572,9.690002,0.25517306
mp-558071,RbS,2.492411,5.8179293,-1.770547,14.437037,0.17050697,2.8362358,5.4325294,0.29330948,9.4793625,0.24744739
mp-7895,Rb2O2,3.6705906,5.677592,-2.6639266,14.016359,0.17334004,2.6580067,4.71574,0.12698765,9.58994,0.2581416
mp-7896,Cs2O2,4.775991,6.0976157,-2.3031502,13.996112,0.1609608,3.085712,5.247751,0.038795277,9.649355,0.24243414
mp-1602,SiS2,0.8753044,6.327757,-1.1437522,14.296591,0.1750715,3.1401877,4.2413616,0.19381425,10.242724,0.26610285
mp-30139,BeBr2,0.7178471,6.568918,-1.748029,14.131589,0.17365357,2.514525,4.873975,-0.6282303,9.404835,0.27295342
mp-23267,BeCl2,0.7891925,6.179349,-1.3055437,14.355672,0.15236999,2.3071578,4.993309,-0.119197324,9.673449,0.2553091
mp-568264,SiSe2,0.96994275,6.4159594,-1.3015952,14.63343,0.17536846,3.8461924,4.648663,-0.21269962,9.828519,0.24093674
mp-768203,BeH2,1.2788755,5.808531,-2.6873696,14.400979,0.17532264,3.2712655,4.79979,-0.31463733,9.685166,0.24015132
mp-570886,BeI2,0.7775936,5.4338055,-1.3581464,14.930483,0.16285935,3.1927183,4.7431335,-0.3510096,9.368642,0.27333468
mp-1041584,SnO2,7.917362,6.382367,-1.9286903,14.654774,0.16656306,4.7428327,5.0770416,-0.30128145,9.557843,0.24916528
mp-600000,SiO2,1.389115,6.661891,-2.0143676,13.964683,0.16552673,1.9389454,4.6458373,0.36384004,9.618026,0.25126535
mp-721582,H2S,1.1597036,5.9553456,-2.5918007,13.967923,0.16000244,2.5989583,4.18032,-0.44574162,9.281995,0.24952787
mp-27821,Ag3P11,0.7290237,6.969598,-2.5006611,14.872392,0.17112347,11.495816,4.831003,-0.18321311,9.031431,0.26655126
mp-557881,SiO2,1.3209114,6.37551,-2.9365215,13.803988,0.17850092,1.9289647,4.8714876,0.26718086,10.0620165,0.25060892
mp-600059,SiO2,1.5100446,5.811112,-2.7750492,14.710449,0.16392998,2.0699413,4.2547398,0.16579396,9.678793,0.26449272
mp-554151,SiO2,1.5869235,5.953315,-2.1873035,13.740681,0.16859186,2.1488616,4.170446,-0.45887953,9.588401,0.2703451
mp-1400906,CoO2,3.5655818,5.5911093,-1.5331016,14.314278,0.17132343,14.003746,4.4741845,-2.9728317,11.851746,0.16349147
mp-19395,MnO2,5.4969535,6.1028895,-1.1831295,14.737038,0.17304204,8.659589,4.1486287,-4.009783,11.888775,0.16553536
mp-2371,Ga2Te5,8.648011,5.8265123,-1.3842869,14.249489,0.15569827,13.855464,21.209213,3.4715195,39.705467,0.08031854
mp-27743,BiF5,3.4910278,5.210502,-3.1274562,14.108162,0.17897484,2.4666765,4.9686146,0.049451783,9.434942,0.2806241
mp-27205,TlCl2,10.660167,5.6943355,-2.1336536,15.106719,0.15821977,3.5118082,5.507757,-0.104387425,9.318802,0.2651352
mp-11674,Al2Se3,3.4295251,6.0000725,-2.0967004,13.800899,0.16629694,5.9251614,4.572464,0.15056954,9.636678,0.27352467
mp-32616,Ga2S3,3.9266503,6.339286,-1.1770394,14.008659,0.16099581,6.058393,4.1358976,-0.14257106,9.874471,0.2655211
mp-539,Ga2S3,4.3590903,5.9624906,-1.8140132,14.582366,0.16264558,5.8711452,4.851552,-0.5408902,9.172209,0.26800466
mp-22869,ClO3,10.295209,6.5116744,-1.9478406,13.985035,0.19642593,4.1377926,4.660063,-0.010939375,10.211153,0.2577516
mp-1340,Ga2Se3,4.091761,6.4308624,-2.3159268,14.025938,0.16975416,7.9962993,4.315587,0.3092877,9.428134,0.23282585
mp-555235,SiO2,1.7343184,5.543409,-2.044051,14.463128,0.154685,2.1668036,4.5275984,-0.16986784,9.613205,0.25267288
mp-38970,Ga2Te3,4.0545506,6.8190904,-1.8409593,14.1235485,0.16111986,11.672566,5.0466948,-0.008611011,9.451835,0.2664238
mp-344,BN,2.1777792,6.5155845,-1.7296902,13.989682,0.17354898,4.6631527,4.5926666,-0.41111547,9.413814,0.22767058
mp-555147,SiO2,2.2711205,5.643749,-1.6386138,14.877556,0.16551502,2.4709845,5.3440514,0.16402346,9.426041,0.24399953
mp-582549,In2Te5,37.731346,78.43022,4.7813416,158.56749,0.022676814,12.099968,4.8099976,0.08928645,9.727471,0.25517887
mp-684704,H2O,1.5338035,5.889325,-2.5588956,14.616668,0.16879907,1.72502,5.7988567,-0.004001501,10.023264,0.24654262
mp-555434,As2O5,6.3399076,6.3124743,-2.2591755,13.887796,0.17915027,3.8194706,4.559285,-0.47214398,9.4163,0.26689333
mp-2782,ZnP2,1.1218839,5.7407646,-2.125731,14.613642,0.16329426,9.8425045,4.4661326,-0.67316854,9.835913,0.25328597
mp-6945,SiO2,1.7981029,6.668806,-1.6955323,13.361812,0.14510226,2.238733,8.14345,-28.274172,50.06713,0.037363686
mp-557,TeO2,20.717484,24.10766,2.2359457,44.048958,0.066430636,6.2723937,4.2144766,-0.12808901,9.316156,0.2524584
mp-28015,H2O2,1.5871271,5.126022,-2.0299358,13.475892,0.16175526,2.3643548,4.8897724,-0.18550928,9.445678,0.26960015
mp-7623,MgAs4,3.5542114,6.171457,-2.2910042,14.414791,0.17091857,13.868272,5.9034224,-27.392382,50.129166,0.035399113
mp-696735,H2O,1.5771883,5.932559,-1.8494179,13.523482,0.16872095,2.0387516,5.0533037,0.15918352,9.158416,0.23719211
mp-7457,SnF2,11.882671,4.61713,-2.5523143,13.413789,0.15980697,3.3198156,4.6323314,0.044383235,9.349419,0.25569028
mp-7812,GeO2,2.7993908,5.995985,-1.9623994,14.665016,0.17668642,2.9058895,4.114435,-0.1605212,9.725913,0.23839064
mp-11025,ZnP2,1.0967716,5.3360157,-1.6971651,14.894877,0.16720402,9.834143,4.3490686,-0.30038032,9.329167,0.24817245
mp-7029,SiO2,1.7794956,6.8159513,-1.9656346,14.118339,0.16347338,2.2262444,4.7204742,0.9531025,9.467145,0.2694204
mp-559872,SiO2,2.1167934,7.390379,-1.2309018,14.524023,0.16152307,2.3433275,4.479496,0.24406274,9.740823,0.24618945
mp-2739,TeO2,18.755325,21.558304,0.91674596,44.707256,0.07218196,5.621335,4.764488,-0.26205763,9.921244,0.24770409
mp-704718,Pt3I8,1.0339882,6.475116,-1.8688263,13.789694,0.17661221,8.8003,5.2627125,-0.22964358,9.61098,0.25699714
mp-618991,Cu2S,6.0828524,5.800774,-2.1827674,14.775354,0.20040128,13.054125,4.847253,-0.39262187,9.65135,0.27003866
mp-913,CdP2,2.0368326,6.171795,-1.6055923,13.880771,0.17078586,9.715114,4.552896,-0.09424448,9.539357,0.2700279
mp-471,CdAs2,7.0539703,6.4051466,-1.8640727,14.1348295,0.15968955,15.188876,22.216522,3.0763912,41.91001,0.08368149
mp-1040512,Nb3SiO10,25.642174,23.731623,2.012594,43.847897,0.07713432,13.493105,3.765592,-3.2333796,12.904696,0.18544206
mp-1041642,Mg(SbO2)2,10.214888,6.8435144,-1.4287748,13.759331,0.15479188,4.7953043,4.417736,0.18030792,9.835058,0.2758188
mp-1041662,Te(WO4)2,12.027448,5.5522957,-1.838475,14.314234,0.15442355,4.35297,4.8902383,0.005711815,9.325729,0.25974646
mp-1219132,Re2MoSe4,0.43100554,6.0353503,-1.7433956,14.685074,0.18519798,13.298216,4.249903,0.49877557,9.755739,0.25290564
mp-1295909,Mn2V2O7,8.85648,6.5834064,-2.2904575,15.085587,0.18312474,6.7328415,4.3962164,-2.826862,11.928129,0.18171039
mp-1390750,Cr4OF11,16.173815,22.793518,-1.2041645,44.69808,0.071707696,61.68268,123.81669,-22.461487,286.69403,0.010609237
mp-14983,Si4P4Ru,3.2663445,5.4411306,-1.7262101,14.141986,0.16843757,15.162828,21.995928,2.433245,40.289787,0.08679776
mp-28189,FeSeCl7,3.4841125,6.047241,-1.9931959,14.125467,0.16829716,3.5334318,4.683213,-2.9439473,12.222367,0.1856029
mp-29157,Si3P2Pt,2.0787778,6.97636,-2.4043498,13.969019,0.17447679,18.992949,19.219496,3.6644216,40.515392,0.088231236
mp-33319,Pr3NF6,62.93311,74.56315,2.9107292,153.17883,0.023554515,3.619187,4.873273,0.13831507,9.597541,0.2613821
mp-33932,NbHO3,24.89791,21.603157,2.374577,43.688446,0.07370302,5.1592526,4.421399,0.1739515,9.16886,0.24125677
mp-35822,Li4SiO4,5.8400326,5.3782516,-1.861949,14.176255,0.17759304,2.6965592,4.744134,0.012606688,9.517868,0.26827076
mp-35683,NaPF3,3.1815665,5.860254,-2.0722604,14.00748,0.18247856,1.9573597,4.1024194,-2.4870396,12.224988,0.19267873
mp-35795,BiPbF5,24.40527,20.700613,1.4218451,43.211113,0.06934852,3.3736787,4.5861716,-0.015540892,9.453334,0.24770135
mp-34982,Ag3AuS2,4.09275,7.150787,-2.2447557,14.278089,0.1621163,10.140485,4.34865,-0.10442866,9.715699,0.26060784
mp-36577,Sr(AsS2)2,12.443616,6.0924826,-1.8874402,14.92345,0.17862378,6.045051,4.7124596,0.3128344,9.1717825,0.23814024
mp-34375,Li7OsO6,7.9494295,5.5658984,-2.374569,13.444128,0.16472194,4.067606,5.1319075,-2.3079412,13.1173115,0.18068087
mp-37430,Na4S2O5,12.920614,6.178108,-2.0350707,13.552086,0.17628348,2.7300742,4.517809,0.5297243,9.67052,0.27281284
mp-37436,Li7SbO6,7.267872,5.7098475,-2.601995,13.7319765,0.15697208,3.210966,4.054623,-0.19362403,9.195051,0.25021246
mp-37839,Li7RuO6,9.275803,6.7877874,-1.6014934,14.082764,0.16182537,4.7032137,4.2548914,-2.6402154,12.330384,0.16609879
mp-38487,Li7BiO6,7.6874566,6.699643,-2.0071414,13.648531,0.18086328,3.7105875,4.6854873,0.057822756,9.383895,0.25276223
mp-540997,FeTeCl7,2.6904032,6.5044956,-1.9305797,14.106133,0.15780456,3.3739877,4.6345034,-2.6575124,12.104384,0.17157187
mp-540998,FeTeBr7,4.2087336,4.932376,-2.82699,13.850767,0.18144034,4.380183,5.508403,-2.4318116,11.988748,0.18367045
mp-554002,Al(HO)3,3.3547282,6.4625864,-2.531885,13.731044,0.15582277,2.628233,4.824366,-0.041788317,9.831249,0.26084718
mp-562987,VCuO3,2.691001,6.3684173,-2.6005995,15.241035,0.16539297,7.4862823,4.6210403,0.0014162279,9.376186,0.25615597
mp-625112,H8PtO6,36.639824,24.26683,1.593092,44.9782,0.0686255,3.938877,4.6679735,0.3050384,9.446726,0.2651686
mp-625171,H7ClO3,11.46523,4.5859814,-2.290725,13.112373,0.16623726,2.3261,5.120166,-0.29692218,9.135398,0.2557416
mp-625094,Cd(HO)2,4.7428985,6.369468,-2.374785,14.495345,0.1743794,3.4706123,4.743313,-0.109680556,9.541815,0.2604774
mp-625576,Mo(HO2)2,5.9833846,7.0573974,-1.6066318,14.739126,0.17755516,3.469356,4.472083,-0.25410396,9.968836,0.27238658
mp-625075,AlHO2,8.304399,5.441533,-2.346584,13.885663,0.16648151,2.8296,4.3927236,-0.15490419,9.542198,0.24413525
mp-625455,NaH9O5,4.0972495,6.681187,-0.7764849,14.651454,0.17800494,2.026238,4.7889395,-0.007935239,9.706906,0.24392037
mp-625501,NaH9O5,3.4753163,5.365181,-2.3663976,14.001313,0.17027128,2.044078,5.1566763,-0.5218063,9.722793,0.25820023
mp-625199,ScHO2,11.014182,6.193103,-2.4159331,14.544573,0.15781407,3.6650681,4.848851,0.10565336,10.170043,0.24071407
mp-625318,Al(HO)3,3.3512008,5.3446913,-2.1622307,14.440093,0.17262983,2.6165864,4.1832876,0.20949063,9.691719,0.26592726
mp-625113,H8PtO6,5.3443627,5.3836613,-1.8898166,13.954437,0.16978046,4.027344,5.0872984,0.45371312,9.602266,0.26191887
mp-625671,Mn(HO)2,5.1786056,6.3814015,-1.8495749,14.159535,0.1645253,3.0773656,5.160842,-3.045904,11.966308,0.16435237
mp-625583,H7BrO3,9.297048,6.370859,-1.5944648,13.488275,0.17181072,2.4933386,5.018811,-0.44861582,9.726027,0.2556908
mp-625993,Te(HO)6,2.776154,6.262974,-2.5002239,13.737726,0.1795099,2.6267722,4.996589,-0.81682855,9.893913,0.26805806
mp-626165,NaH9O5,6.1056695,7.1268415,-2.1314447,14.853879,0.17874578,2.0524273,4.906061,0.00014334486,9.77746,0.25637788
mp-626229,H4SO5,3.95599,6.3390236,-1.704517,14.629266,0.1586921,2.253194,4.1701727,-0.07429954,9.6585245,0.24713293
mp-626012,Te(HO)6,2.6705396,6.4131584,-1.7317165,14.815,0.15686464,2.6050582,4.7662587,-0.052783847,9.76494,0.2613185
mp-626435,Al(HO)3,7.8265367,6.1653013,-1.8883057,14.414234,0.15865745,2.624239,4.752885,0.07681674,9.124804,0.24628876
mp-626566,Ti3H2O7,28.673037,19.602245,0.26404732,45.228626,0.064770296,4.5931845,4.242309,0.27735063,9.241309,0.2676719
mp-626500,Al(HO)3,3.8850257,6.439329,-2.5196717,14.00707,0.191225,2.5712705,5.177561,-0.17162098,9.857369,0.24539523
mp-626554,NaH9O5,4.4448147,5.7728004,-1.5579654,14.912304,0.16177975,2.0564687,4.356633,0.14448045,9.42067,0.2501771
mp-626543,H3NO,3.2410557,6.6614723,-2.338967,14.512059,0.16971126,1.8303372,4.830919,-0.22437201,9.629205,0.23872355
mp-626755,SrH4O3,7.6674066,6.422657,-1.3574965,13.434059,0.161121,2.7671213,5.142393,-0.027555393,9.772813,0.28113937
mp-626799,ReH3O5,4.1778984,7.073229,-2.298128,14.722136,0.15806143,2.7340987,4.7648664,-0.015655793,9.649917,0.25771812
mp-626750,SrH4O3,6.3344593,5.5180426,-2.7148454,14.647255,0.16653833,2.5838048,4.923425,-0.42938974,9.541508,0.24130824
mp-626800,ReH3O5,2.6726904,5.8374796,-2.2998729,13.609888,0.16272673,2.8290832,5.4953527,0.114213526,9.238472,0.2732828
mp-626835,H8PtO6,3.71482,5.696109,-1.1714845,14.755195,0.16537336,3.6737187,4.655033,0.45461506,9.757144,0.26499736
mp-632480,Ag3SI,12.442572,6.1033535,-1.7628914,13.427778,0.15957132,8.428427,4.570533,0.1102366,9.432726,0.2503091
mp-635393,Ca2PI,7.4192586,6.2052255,-1.8968753,14.537914,0.18237576,5.8263593,4.422751,-0.22706641,9.419383,0.23450102
mp-675418,BH6N,6.851251,7.4296236,-2.440085,14.404975,0.17273325,2.2884738,4.403636,-0.104502514,9.831583,0.2470059
mp-675634,KBi2F7,49.45756,83.25534,5.3088813,157.4549,0.022008795,2.8596683,4.4456406,-0.26999727,9.470575,0.26166448
mp-675682,Al11NO15,6.2179995,6.033473,-1.2300591,13.8903885,0.16272548,3.2800918,4.841552,-0.7944864,9.528736,0.2481469
mp-675625,KNO3,3.2011466,6.95934,-2.2636197,15.709925,0.16657239,2.048381,5.0950804,-0.2798343,9.638184,0.24618228
mp-676002,Ba2PrF7,17.2943,24.244564,0.25497943,44.02538,0.072585545,2.4361503,4.746282,-0.1396698,9.503071,0.26359263
mp-675821,Y3TaO7,27.120657,22.739916,3.327868,44.579727,0.06256332,4.425115,4.00457,0.23048261,9.432093,0.25198165
mp-676049,KBF4,2.3270347,6.6301184,-1.640792,13.357148,0.17691353,1.6502776,4.03953,-0.18124284,9.31257,0.25060305
mp-676400,TlNO2,166.36584,83.51071,5.2051945,156.6885,0.020576755,3.7262685,4.3950934,-0.25459313,9.555086,0.27877745
mp-676723,Li2SO4,3.8059938,6.177123,-1.673818,14.793966,0.18557365,2.309869,4.5293674,-0.116993725,9.110242,0.25491506
mp-676799,Ag8GeTe6,16.380371,21.897533,-0.60176206,44.063225,0.0670444,21.510845,19.047634,3.1319199,39.375652,0.08073682
mp-685969,Ag8GeTe6,10.765705,26.900997,-0.40510482,44.087547,0.078016795,49.90601,19.178556,0.79972255,40.12575,0.06935463
mp-689140,PbWO4,22.621548,25.516653,-0.119116336,44.635532,0.07251057,4.701768,5.152522,0.21388008,9.739763,0.2555055
mp-686129,Li5TiN3,4.15321,5.8510733,-2.1100924,13.791426,0.16949542,5.5788956,4.806491,-0.17869711,9.336253,0.2597313
mp-686208,Li5SiN3,4.953494,5.69743,-1.9408251,14.34168,0.16587704,4.547218,4.3121333,-0.013387134,9.904293,0.2758035
mp-686744,Li6NCl3,8.319633,6.3999166,-2.142486,14.061089,0.158634,3.3456008,4.8157954,-0.011998399,9.615133,0.2680682
mp-696736,RbBe2F5,3.0173526,6.3733788,-2.3491838,13.834681,0.16807199,1.8345847,4.494911,0.24118836,9.741832,0.24726062
mp-697853,Ba3WO6,15.992057,21.89994,1.3250635,43.3789,0.07465799,4.1899047,4.726202,-0.037352905,9.580845,0.28120258
mp-705676,K4MoO8,10.8665085,6.5559855,-2.3934724,15.035481,0.16673166,3.2350073,5.127329,-0.116272606,10.188191,0.24597156
mp-752461,Mn6O5F7,6.8749366,6.93567,-2.3499014,15.019335,0.17654812,9.141412,5.4384074,-20.342403,32.309097,0.06448365
mp-753316,Li2AgF5,5.058494,6.513522,-2.2975345,13.4882965,0.1868445,3.8469493,4.9921627,-0.10591475,9.081058,0.24325049
mp-753197,HfTiO4,36.344406,21.535778,-2.7442966,45.008812,0.07061814,5.905737,4.6899624,0.37178496,9.768264,0.2614117
mp-753251,Li5(CoO3)2,4.0496163,7.0835485,-2.0262785,13.752617,0.16330339,4.1407623,3.4071522,-3.2765484,12.196413,0.18942498
mp-753845,LiCuO2,7.195283,5.6224203,-2.129148,14.170212,0.16433339,6.0205216,5.108692,-0.28002897,9.87949,0.24825113
mp-753141,Li5Cr2O8,4.84934,6.7124357,-1.859057,13.764273,0.16514382,3.5036397,4.7417803,-3.7759805,12.065936,0.17069471
mp-754833,Hf2N2O,33.741833,23.059969,1.7100413,42.79244,0.06659568,8.357508,4.7252245,-0.3136718,9.04974,0.22789958
mp-755080,Mn6O7F5,10.079348,22.07816,1.8858907,43.3141,0.06716179,12.317078,8.675713,-19.890234,34.180824,0.0653374
mp-756006,LiSbS,2.3787909,77.16245,-0.71400535,151.87265,0.024531974,37.94438,21.159071,2.8378642,41.36471,0.07620817
mp-756873,Li2CrO4,3.7074978,6.2013407,-1.9259897,13.290831,0.15883067,3.0260904,4.995784,0.046500817,9.923896,0.25114182
mp-757971,Li7Cr2O8,7.1622515,5.1244144,-3.0726361,13.233209,0.19467966,3.8462236,4.4549294,-2.582973,12.182417,0.18163648
mp-762268,Li3V2O6,33.59786,23.007656,0.54477435,44.329964,0.06732779,5.406985,5.2546034,-3.2897992,12.9566145,0.19170024
mp-763464,Zr4MnO9,22.453064,22.71426,2.0038252,46.26914,0.06648289,5.228956,5.165036,-0.15960388,9.581101,0.24863893
mp-763609,Li4Mn5O10,6.0313272,5.1832457,-1.7602957,14.832688,0.17264305,5.6173277,5.890316,-2.6676655,11.870713,0.16241613
mp-763985,Cr4OF11,3.1570761,6.4820366,-1.9455229,13.469777,0.18053596,3.4756303,2.934167,-3.083725,11.914449,0.1710337
mp-765508,V3(O2F)2,7.659872,6.15965,-3.3861427,13.729227,0.17025672,5.947559,4.831602,-2.5784702,11.842223,0.19389747
mp-765618,Mn6O7F5,7.9371347,6.842035,-2.0730867,14.192167,0.1595363,12.255806,6.642038,-17.697813,31.179897,0.059580155
mp-774922,Ti3TeO8,7.4354596,6.4710927,-1.9222114,14.179544,0.16770528,3.8980985,16.139,-35.33519,49.247112,0.036416385
mp-779457,Ge2N2O,5.1690383,6.4982567,-1.8734571,13.241927,0.16836433,4.503046,4.8264866,-0.06693275,9.834859,0.2511764
mp-780702,Mn6O5F7,7.0674133,5.8396254,-1.8085828,14.089944,0.16344231,10.577624,4.238677,-3.6857743,11.782276,0.18368056
mp-9198,Fe(SiP)4,3.8256874,6.3683777,-2.7923508,13.414009,0.16252503,16.982742,22.763823,3.7680707,40.24427,0.08495462
mp-996984,AgClO2,1.0570358,6.8094816,-2.5663435,13.343862,0.17093776,2.685434,3.78506,-2.7036524,12.047986,0.18278831
mp-989625,SrWN3,9.855498,5.8476634,-1.9875877,14.643047,0.1770714,8.140197,5.048048,-0.008292465,9.298286,0.23665982
mp-998298,CsSnF3,15.796458,6.1245623,-1.7371404,13.022435,0.17525877,2.821652,4.592947,-0.15425324,9.605237,0.25443107
mp-998193,RbSnF3,21.150345,26.423935,1.2663461,43.67793,0.07189949,2.7015123,5.124477,0.2868838,9.59826,0.2516065
mp-998712,TlGeF3,9.149507,5.236407,-2.1217992,14.281129,0.15322402,3.0350883,4.1211724,0.30671147,9.62878,0.22513033
mp-1101340,SrCaI4,2.1373837,6.2524157,-1.9939357,14.249057,0.16184932,3.127292,4.131934,-0.20962887,9.526631,0.260325
mp-37458,Na2HF4,3.021084,6.125083,-2.01039,14.309877,0.16156079,2.0564742,4.42848,-3.0164025,11.6673565,0.16521057
mp-37498,Li5NCl2,4.8357987,4.897295,-1.7490551,14.786143,0.1526156,3.4932141,4.7923536,-0.11668306,9.429548,0.25332603
mp-755527,MnSbO4,3.734494,5.800997,-2.4301848,14.597959,0.16781229,4.510904,4.878421,-0.36276495,9.237888,0.26323926
mp-754974,CrSbO4,4.4216585,5.7916117,-1.9011436,14.605357,0.18108805,4.2231,4.820592,-3.194872,11.993712,0.17757556
mp-754540,CaPbI4,5.3663435,5.573226,-1.6118344,14.027312,0.16821988,4.3515706,4.527235,0.3630605,9.342948,0.2515509
mp-1029652,Y3Si6N11,8.903239,6.045917,-2.401638,13.751863,0.16702445,5.2070465,4.7967668,-0.04467769,9.412478,0.26990137
mp-1019893,La3Si6N11,9.547059,5.997696,-1.8463541,13.74359,0.16103661,5.4890065,5.3748827,0.13377506,9.115524,0.2561682
mp-510519,Rb2V3O8,5.5018277,6.837488,-2.4873917,14.498028,0.17107628,3.352969,3.7337487,-3.290401,12.062967,0.16223973
mp-16787,K2V3O8,8.343851,6.961055,-1.8859046,14.604865,0.1752998,3.395357,5.156088,-2.6154056,12.266517,0.17411326
mp-16995,Sm3Si6N11,8.682128,6.596374,-1.8510886,14.466598,0.15448995,5.3303304,4.5540648,-0.11495565,9.600571,0.25327492
mp-1222351,LiFeF6,3.147176,6.895084,-2.5788734,14.526907,0.15741228,2.9043987,4.595105,-3.197475,11.69809,0.19610617
mp-35687,Be(CN)2,0.48932806,6.534938,-2.256873,14.217816,0.15799603,2.4088435,4.7253075,0.042570774,9.355448,0.26389718
mp-557403,LiFe2F6,4.96101,5.655512,-1.7394723,15.039184,0.17818871,2.4914682,5.037937,-3.915056,12.064047,0.17122011
mp-36940,Mg(CN)2,1.035828,6.28257,-1.9177723,14.109245,0.16425633,1.8668071,4.85437,-0.18669051,10.035342,0.26967913
mp-35751,Zn(CN)2,0.7826983,6.0898724,-2.0809567,13.893015,0.15684761,2.2178793,5.1302333,-0.0791082,9.273932,0.25140274
mp-27810,Ba(GeAs)2,8.965414,6.7256002,-1.7857134,13.75141,0.18254218,14.665284,4.5211253,-0.07538392,9.326292,0.25676224
mp-27809,Ba(GeP)2,9.229719,22.460854,1.5037116,45.54811,0.07729757,12.7867155,4.482271,-0.10542586,9.872567,0.26987898
mp-29136,Sr6Cu3N5,9.812171,5.927218,-1.5813009,14.544613,0.17807977,7.3368444,4.218707,-0.1057156,9.616988,0.24664721
mp-1009828,BaSiC,3.0789468,5.275796,-2.998012,13.327406,0.19002026,6.8600245,4.705061,0.25150242,9.305266,0.25639102
mp-1008927,LiFeAs,19.768644,22.35452,0.85506314,45.921906,0.06182304,37.498,22.695621,1.7736484,39.644554,0.08465785
mp-1228030,Ba4Bi2O,19.553587,24.85265,1.8259199,46.05196,0.08120949,10.520144,4.7128553,-0.51019853,9.433733,0.27201268
mp-1228809,AlReSi,20.658737,23.74206,-0.13206981,44.997585,0.071064554,18.38328,19.734522,2.31977,41.3703,0.08169836
mp-559724,Ta4S9Br8,0.6794759,6.334029,-2.4348996,14.040896,0.1705155,3.6988244,5.0713677,-0.40214425,9.451286,0.25956076
mp-35152,Sr2H5Rh,6.6626935,6.302818,-2.4221408,15.47346,0.17200452,8.016493,4.7098784,-0.43640435,9.965221,0.24662162
mp-644385,HCN,1.0826598,5.9690595,-1.0444099,15.038122,0.196684,1.9508381,3.8577938,-0.027229717,9.660274,0.26080135
mp-616573,Cs2V5O13,3.7901785,6.0572777,-1.3125856,14.206427,0.16983823,3.5844038,4.212082,-3.704348,11.169241,0.16763093
mp-34932,CaHN,12.405099,6.4063296,-1.6998293,14.442881,0.17477548,4.5750103,5.2620506,-0.19080925,9.423724,0.23816171
mp-563025,Na6PbO5,15.719054,21.555046,0.021329783,43.609528,0.07072647,3.7904007,4.734979,-0.33711413,9.644886,0.25192004
mp-771411,Sr3GeO5,16.481453,22.103352,-1.329234,43.732445,0.07212269,3.6561453,4.443324,-0.112751245,10.155106,0.23934695
mp-1190809,Li8TeN2,10.1470585,5.7621984,-1.9451542,13.96469,0.16709179,6.27311,4.2929783,-0.5128315,9.721349,0.25540867
mp-12804,SmAlSi,4.9732757,20.614029,3.0660453,44.222538,0.07188484,83.94824,132.81693,-21.648064,268.13565,0.011952297
mp-28423,Ga2TeSe2,2.854184,7.003766,-2.3224967,14.401514,0.17858289,6.846392,4.940402,0.034031462,9.905937,0.24928217
mp-27255,Ga2TeS2,3.2477076,6.0632677,-2.6272743,13.813058,0.1559825,6.315843,3.859809,-0.14145014,9.51254,0.26630908
mp-752463,NbNO,102.997055,81.18993,-6.3918586,148.40701,0.02159946,9.337701,5.4078875,0.4387282,9.394283,0.2580766
mp-755190,TaVO4,35.959656,80.00293,6.4832964,158.19734,0.020273982,6.0208526,5.1148458,-2.9357307,11.669626,0.18281026
mp-758053,NbCrO4,68.760765,88.49925,-2.3773444,162.08772,0.02027453,6.5617056,4.03408,-2.9187312,12.342271,0.17826
mp-755244,LiVF4,4.020428,7.1294217,-1.9538275,13.716144,0.17511974,2.4805894,4.067258,-3.2996476,13.00841,0.19013819
mp-761341,TiVO4,52.949913,22.508648,0.8165606,44.53859,0.07458444,8.935115,4.564312,0.02399197,9.717758,0.25189862
mp-756638,NbRhO4,35.807884,21.925652,1.7094637,43.210693,0.06747518,10.873595,4.8133316,0.40365264,9.749581,0.23807092
mp-760402,TaRhO4,18.08937,21.491135,0.46685636,43.35403,0.06990181,9.31246,4.3125906,-0.16839696,9.858046,0.28937125
mp-760396,TaAlO4,29.35676,19.674301,2.6823406,42.800297,0.071917005,4.709476,4.5419245,0.16620816,9.438545,0.2647187
mp-973793,Li8SeN2,14.463561,6.443973,-1.9913706,13.628994,0.17629181,5.731212,5.2456713,0.22588344,9.246142,0.25064763
mp-761390,TaFeO4,38.31556,19.922108,1.0264096,45.76122,0.06519044,6.036028,4.504793,0.026930846,9.227687,0.24479598
mp-753467,TaCrO4,22.730577,24.825264,-0.13291988,45.05114,0.06913437,5.7655168,4.454343,-3.0461128,11.669014,0.17459647
mp-761281,FeSbO4,10.349584,5.7874947,-1.6832583,13.499193,0.16959652,5.378572,4.471449,-3.0792103,11.286257,0.18937717
mp-1079050,LaAsO3,103.63247,77.62482,-9.999462,154.12552,0.019930897,4.8911686,5.3562193,0.40047255,9.6698265,0.27892134
mp-1102545,HfTl2Se3,20.128021,20.279873,2.9301937,43.22381,0.075333215,9.49452,4.4083676,-0.22190265,10.271563,0.28970823
mp-1102830,ZrTl2S3,22.557438,21.244362,2.3783498,45.336494,0.06927157,8.611906,5.334653,0.54956067,9.590107,0.25076416
mp-1105535,Ba2P7Br,7.172922,6.0311546,-1.7617551,14.140029,0.17574932,6.4911222,4.9182386,0.45017704,9.496565,0.27189153
mp-1188687,Ba2P7I,6.748258,5.755224,-2.394192,14.175003,0.17175427,6.7055707,4.434075,-0.19893356,10.171136,0.25740516
mp-11902,Ba2GeSe4,57.185413,83.28848,4.194989,159.08083,0.020027574,5.8813643,4.63391,-0.054538045,9.129491,0.26301682
mp-14447,Ba2SiSe4,14.120355,25.43668,-0.787725,44.455193,0.07582583,5.4815736,5.3333135,0.0074153002,9.612443,0.25479555
mp-1397370,MgCrO2,7.0975657,6.8207445,-2.9553673,13.809206,0.17769206,4.1845565,4.668927,-3.4050262,12.304147,0.17059095
mp-20716,PbSeO3,27.175932,26.709904,1.4310287,44.49531,0.06546242,4.580948,4.689509,0.26355818,9.463169,0.25934714
mp-22506,Cs6InAs3,8.5816345,6.7786837,-2.1976645,13.775192,0.16493137,7.5482545,4.5217896,-0.4033516,9.422989,0.2657156
mp-23022,KClO3,2.9806976,6.2414083,-2.340154,13.785844,0.1714415,2.212847,5.242226,0.22852372,9.057619,0.24869584
mp-23495,K2ZnBr4,3.356458,7.220954,-2.3829305,13.33075,0.18337587,2.772286,4.354249,0.1789994,9.683913,0.22698613
mp-24341,CsBeH3,2.7921145,5.43023,-1.6692291,14.3172245,0.17143811,2.247885,5.0624094,-0.08864343,9.667486,0.22401038
mp-24428,KH2N,10.727947,6.3574295,-1.770836,13.631739,0.15529282,2.6443527,5.3980765,-0.22311416,9.471239,0.24517937
mp-27517,Rb2CoI4,12.513807,5.976125,-3.2831185,13.741369,0.18324064,3.6585312,5.3315706,-2.8047051,12.200253,0.17374638
mp-27369,RbGeCl3,5.6554017,6.490692,-2.3019803,13.766156,0.17676777,2.7978895,4.9874525,-0.2755537,9.457473,0.27213252
mp-28347,K3Al2As3,6.050594,5.86917,-1.5551457,13.421107,0.15551162,6.7053447,5.2806864,0.1605791,9.834164,0.2687683
mp-28967,Ba(PdS2)2,7.1189694,6.2267356,-2.188421,13.58068,0.1702702,9.929365,5.1187487,-0.11808089,9.460131,0.24609838
mp-29376,Na5InS4,6.433235,6.0693893,-1.7056844,15.565906,0.15351722,4.0168934,4.0096292,0.049745765,9.7128525,0.23059376
mp-29849,Ag3SnP7,1.27463,5.8153543,-2.5930347,13.986358,0.17769234,16.136051,21.921257,1.5249256,41.429253,0.076847
mp-29337,Tl3BS3,14.985242,6.0143585,-2.070683,14.362411,0.18769972,6.8798804,5.1825895,-0.015267739,10.14371,0.2608782
mp-3439,SbPO4,13.623393,5.3777027,-2.1075277,14.779092,0.1605214,3.5719116,4.753373,0.47450942,9.7189045,0.25832173
mp-4691,Ag2CO3,7.4159718,6.5582895,-1.5915306,14.053861,0.16723819,4.334902,4.5562234,-0.1216873,10.077892,0.27201286
mp-3395,SrSeO3,25.718935,21.626625,1.6794462,42.951893,0.070062056,3.3913581,5.3106465,-0.54316413,9.907027,0.2495054
mp-557163,TaPbF7,22.029861,23.85005,1.2017683,42.87634,0.070509404,2.9194844,4.5592012,-0.13790019,9.160941,0.24822621
mp-556582,Cu(IO3)2,6.74193,6.273104,-2.7992318,13.675394,0.16987446,5.546488,4.8669605,-3.7970035,11.505271,0.18139364
mp-545482,PdSeO3,1.6779618,5.6898527,-1.5461143,14.303105,0.16106734,5.123834,4.4484463,0.052395515,9.711869,0.26007444
mp-555119,SrTaF7,7.230797,5.929904,-1.8752229,14.1395645,0.16057289,2.446787,4.400073,0.31626397,9.524645,0.24534547
mp-5431,BaTeO3,15.666439,5.8077893,-2.0119107,14.654899,0.15755814,3.8206127,4.9310865,-0.2160345,9.868421,0.24022289
mp-569812,BaN3Cl,5.3557286,6.1353083,-1.8479959,13.993202,0.16534683,3.1474771,5.043623,-0.259429,9.705511,0.26513696
mp-568987,Na2BeH4,23.724213,24.351524,1.8808177,45.444546,0.071096025,2.6877027,4.5113506,0.09834418,9.681893,0.26068014
mp-567318,TlSbSe2,106.51227,81.34137,2.3260465,158.87871,0.020258307,16.699982,21.769382,3.089469,40.955784,0.08377429
mp-626151,YHO2,60.113266,79.936806,4.3399563,157.97278,0.018513646,3.7271647,4.8014755,0.11624127,9.650061,0.25831437
mp-634676,KHS,3.7553954,5.9184647,-2.530143,14.375849,0.17490278,2.8007426,5.1916447,-0.29358065,9.253642,0.26174054
mp-643043,RbHO,6.6386886,5.4305773,-2.7322257,14.234436,0.15293412,2.429626,4.636533,0.09280409,9.563824,0.27034283
mp-634657,NaHS,5.4817905,5.5967026,-2.606457,13.991235,0.17557351,3.2803977,4.837177,0.16846828,9.214393,0.25631014
mp-626726,BaH4O3,7.8619175,5.9472427,-2.3398864,13.72698,0.16678417,2.704271,4.559661,0.13168626,9.665957,0.26934955
mp-696804,RbHS,4.1736474,4.790479,-1.2326597,14.114619,0.17204498,2.7383118,4.6480656,0.04455114,10.039211,0.28624222
mp-6989,BaSeO3,7.8572392,6.351672,-1.7565479,13.951734,0.17898272,3.2974906,5.6521688,0.13303222,9.34,0.28072816
mp-7492,LaBO3,15.207538,5.427628,-2.453977,13.841869,0.16738012,3.683845,4.7874403,-0.27344608,9.230465,0.25845787
mp-9697,Cs6GaSb3,7.150149,6.9660788,-2.0365143,14.655947,0.16565612,7.761931,4.9143715,-0.10818203,9.564558,0.2590034
mp-998743,TlGeCl3,90.19746,84.49606,5.9736176,154.39586,0.019531751,3.567241,4.501829,0.11595793,9.588705,0.24147795
mp-998612,KGeBr3,3.5595834,6.2669873,-1.7325404,14.276348,0.1766418,3.3100717,4.448762,-0.467973,9.362757,0.26434788
mp-4779,Li2B4O7,3.3364165,6.322752,-2.4775746,13.816004,0.16958858,2.5410144,4.333551,-0.37068558,9.4908,0.26207817
mp-570256,Ag2HgI4,3.705575,6.7713413,-2.9585717,13.967394,0.17305863,5.366712,4.721564,-0.31101567,9.558824,0.265466
mp-568598,Cu2HgI4,3.424015,6.9364805,-2.9857855,14.030754,0.17821713,8.592203,4.73417,0.11384905,9.395525,0.24573965
mp-568032,Cd(InSe2)2,4.0818424,6.4796257,-2.3230739,14.089608,0.1607184,7.6734967,4.5028853,0.35528976,9.238494,0.25649685
mp-861184,Li2WS4,0.8189684,6.2888336,-1.3885001,14.133587,0.18333969,3.2370913,5.0098004,0.09492783,9.469731,0.2604066
mp-8976,Cu2WS4,9.533258,6.930141,-1.8306844,13.890624,0.17725268,7.341541,4.8074045,-0.71030104,9.534431,0.2560164
mp-758876,Li2MnF4,2.8578625,6.6188,-2.5389252,14.373721,0.1824579,1.9476833,4.8014574,-3.7132478,11.9624605,0.17995478
mp-1212660,GaCuBr4,2.0784285,5.9839773,-1.5241426,14.684065,0.16538456,3.8509183,4.899914,0.10717208,9.638289,0.23581877
mp-1102536,AlCuBr4,1.8455627,6.1249895,-1.8967056,14.233283,0.17379022,3.4067178,4.0797544,-0.27420786,9.447574,0.25523025
mp-29362,GaCuCl4,2.1532357,5.226099,-1.8452898,13.550611,0.16659386,3.3052964,5.563324,-0.0027007055,9.1618,0.24205104
mp-28020,AlCuCl4,1.9154336,6.4397926,-2.222633,14.266073,0.16295095,2.9593837,5.5264177,0.20578317,9.522454,0.25663555
mp-12904,HoAgTe2,8.877566,6.056731,-2.007372,14.293581,0.18776722,11.247041,4.856807,0.3740574,10.226606,0.24497734
mp-27824,PICl6,3.4349349,5.910735,-2.7259283,13.672559,0.16233188,3.092986,4.8346663,0.3828178,9.880696,0.262033
mp-12902,ErAgTe2,8.823755,23.819454,1.989947,42.25953,0.063343346,11.225693,4.7828817,-0.31574994,9.983814,0.2638824
mp-12903,YAgTe2,7.463023,4.816552,-1.702765,14.0192795,0.16235347,11.611906,4.7485313,-0.51603985,9.226285,0.25858614
mp-4024,DyAgTe2,8.956677,5.557516,-2.2847373,14.278987,0.15534665,11.262916,4.416194,-0.49990284,8.853197,0.27217427
mp-3551,TbAgTe2,9.011678,6.120649,-2.29092,14.964598,0.17721793,11.275751,4.891428,-0.27872095,9.511434,0.2523834
mp-35327,Al(CN)3,0.9128786,5.2079463,-1.7873571,14.231968,0.16236824,2.214804,5.4017105,0.1925495,9.391646,0.24406472
mp-556422,NbCl3O,1.7439555,6.9196863,-1.765541,13.931308,0.16830651,3.4552817,4.5122614,0.21279217,9.387523,0.27038616
mp-4674,BNF8,2.0951633,6.158143,-1.9208503,14.33237,0.17350456,1.8759003,5.0167046,0.23709257,9.633811,0.2593225
mp-606393,NbBr3O,1.9584908,5.910774,-2.1307817,14.260913,0.17511795,4.4676785,5.0333424,-0.22570308,9.351843,0.25752476
mp-21823,Mn(PbO2)2,13.225897,6.3882437,-1.590093,14.206391,0.18039021,7.486573,6.468369,-20.712683,32.549652,0.05846545
mp-24118,H10SO8,13.067848,6.1178427,-2.0899823,14.261028,0.17326087,2.1197798,4.6894155,0.0877893,9.05153,0.24926187
mp-28090,Si2H2S3,0.45571804,6.5848866,-1.6308597,14.397016,0.16436066,3.1662745,4.46148,0.17343615,9.673886,0.2370782
mp-28475,H2Pb3O4,3.612046,5.158989,-2.0822067,14.025101,0.16895808,4.433802,5.048511,-0.34860918,9.877596,0.27201736
mp-4937,SNF,0.86000973,6.0278583,-2.1433923,14.38007,0.15671095,2.5141363,4.1362414,-0.20822784,9.619883,0.25575224
mp-28782,Na3PS4,7.0010448,6.491831,-2.1836648,14.004048,0.17491578,4.079644,5.5568132,-0.59736663,9.831966,0.2517481
mp-28768,Na4SnSe4,4.800954,6.602687,-2.865156,13.9571295,0.16376244,4.834302,4.879053,-0.19213086,9.385662,0.26419958
mp-4223,Na3PO4,5.1188455,5.5916634,-2.1479259,14.342919,0.17435673,2.3511147,5.234908,0.029873446,9.7344675,0.24140726
mp-28676,S2O5F2,0.7553118,6.119109,-2.0773878,14.41661,0.16421309,1.9950808,4.621267,-0.15619206,9.480808,0.2670438
mp-29628,Na4SnS4,4.8124857,7.0627766,-2.0778859,14.991915,0.17493756,4.0860167,4.986361,0.07608323,9.572729,0.24795566
mp-768440,Li3VS4,31.847467,22.656612,-1.3320515,45.28017,0.07587734,6.808555,4.2352815,0.28758466,9.173412,0.23220669
mp-1007823,GaBN2,5.692858,6.1484737,-1.7720498,15.285454,0.17029773,5.4778504,22.59851,1.9573995,39.110443,0.083999485
mp-1008528,B2AsP,0.102767974,6.0203204,-2.0070665,14.331268,0.17205594,9.55912,22.443176,1.2065057,40.34566,0.084386356
mp-1008556,AlGaN2,4.373338,6.402809,-2.491425,13.940481,0.16029438,5.2214,5.1200247,-0.11446924,9.538372,0.25444362
mp-1017534,ZnCdSe2,3.7857962,6.702823,-1.5063766,14.607617,0.17005312,7.5929246,4.466449,-0.09782689,9.236666,0.2684223
mp-1008523,BC2N,0.30151767,6.0764856,-2.226349,14.452495,0.16203064,6.310447,24.750458,2.6030693,39.742516,0.08843775
mp-569055,CsLi2I3,3.5569754,5.8425803,-1.0329801,14.398688,0.17738587,3.1837785,4.6544523,-0.5318046,9.473741,0.25373682
mp-753156,La2Th2O7,17.547476,6.399765,-2.5171568,13.956714,0.17015338,4.605481,4.5626826,0.4379292,9.392184,0.24779552
mp-755380,Ce2Dy2O7,19.102165,5.1628046,-2.0855615,14.030649,0.16034938,5.8702397,5.5818124,0.17613737,9.79942,0.2866007
mp-971712,ZnCdS2,3.8424883,5.7091656,-2.583789,14.405969,0.18422346,6.0273576,4.8700647,0.33128422,10.161668,0.25220177
mp-568556,Mg2B24C,2.3830686,6.1175966,-1.2388701,13.891723,0.17712174,8.098836,19.539448,3.7519734,41.329536,0.07434046
mp-28130,Nb(PS4)2,1.4258676,6.095386,-2.2388406,13.855578,0.17915387,5.0732203,4.7352147,0.050662685,9.465497,0.2660101
mp-30311,Zn3(PS4)2,3.6777718,5.3660936,-2.482726,13.874164,0.16516905,5.537308,5.1616488,0.41411555,9.737317,0.25714868
mp-773864,TiSnO4,136.8553,73.26197,5.647393,161.71587,0.018565299,5.427854,4.5271597,0.4912306,9.697708,0.2520028
mp-755390,NbFeO4,73.746994,75.57557,0.9075186,155.09677,0.02067476,6.2302794,5.370597,-0.26463935,9.607777,0.26701507
mp-775296,TiMnO4,18.475765,5.5015764,-1.4864448,14.501047,0.17680983,9.391061,5.090445,-0.26831612,9.928832,0.26970905
mp-754908,NbCrO4,62.220577,82.08577,11.938663,154.94615,0.021793716,6.111284,4.2891016,-2.3985174,12.384503,0.16570266
mp-755493,CrSbO4,5.8584785,5.919401,-2.4654267,13.731905,0.16143876,4.830774,4.448572,-3.0686877,12.205348,0.17045766
mp-1029784,Rb2CN2,6.001179,7.122382,-2.0235126,13.581089,0.1673576,2.7624543,4.716493,-0.2450072,9.235086,0.25245625
mp-1029349,Y4Se3N2,7.8463335,5.558542,-2.9074636,13.947663,0.16423194,7.102856,5.3901725,-0.0018058481,9.265666,0.25315234
mp-10408,K2CN2,4.6053157,5.8742676,-2.2498612,13.430035,0.18517147,2.6744726,5.15382,-0.27425215,9.017314,0.24436304
mp-1077942,Rb2TeSe4,9.212873,5.4973507,-2.5077214,14.174892,0.15973829,7.475807,5.2829056,-0.57758933,9.825195,0.2367798
mp-1101885,Na2PS3,3.5325038,6.017053,-2.64316,14.155734,0.17756757,3.866272,5.134903,-0.25575545,9.312125,0.23975924
mp-1102254,Cs2GeSe3,5.6222744,6.083353,-2.526868,13.973204,0.19037084,3.9419813,4.4710116,0.10991211,9.576653,0.29376143
mp-1103379,Cs2SnSe3,5.4123125,6.1218033,-1.6310654,13.784869,0.17058863,4.0066853,4.8540773,-0.01493617,9.853023,0.25992048
mp-1104024,Cs2GeSe4,3.9987752,6.0600195,-2.3621533,13.951026,0.16686249,4.218652,4.7362604,0.145927,9.876689,0.27496156
mp-1103520,Cs2SiS3,5.095605,6.1471767,-2.2174401,14.477354,0.18266767,3.3441005,4.551523,0.2876035,9.3429,0.25482678
mp-1104183,Mn(BiSe2)2,42.168987,20.688223,2.533059,44.426384,0.074902214,17.919395,3.8079987,-2.9804645,11.664646,0.1725772
mp-11639,Rb2GeS3,5.1438737,6.1998343,-1.7319461,14.256908,0.17050566,3.471323,4.6899724,-0.3991869,9.231765,0.24536979
mp-1189018,Na5Hf2F13,5.087594,6.920157,-2.156817,14.406639,0.17803235,2.0546286,4.581437,-0.94496524,9.326226,0.24153396
mp-12016,Rb2SiS3,4.776422,5.9321556,-1.0358905,14.135928,0.1846748,3.2990835,5.2037163,-0.15194505,9.986409,0.24628142
mp-1206230,RbTlO,6.0860844,5.6935687,-1.5110928,14.685435,0.16208129,4.8682537,5.2630463,-0.4373439,9.084209,0.26026422
mp-1210180,Na5IO6,10.475521,5.1405487,-1.2709852,13.849216,0.16939615,2.9306066,4.97603,0.28564855,9.456246,0.25176463
mp-1209214,RbHg5Cl11,15.211407,7.033144,-2.268455,14.253914,0.1701215,2.9849224,4.1784687,-0.04751976,9.658922,0.258417
mp-1210267,Na2ZrS3,14.444252,21.993704,2.5800352,45.177216,0.07274482,6.137463,5.3488626,0.24149606,10.038011,0.27417308
mp-1210700,Mn(SbSe2)2,30.46982,23.149126,2.5221372,42.936085,0.07022614,15.556897,4.8358855,-3.2245512,11.40535,0.17040478
mp-12178,KCr5S8,8.190804,5.538044,-1.5969353,13.629429,0.176346,12.13298,4.921591,-3.129528,11.530966,0.17105082
mp-1219343,ScCuSe2,9.61983,6.0483723,-2.50425,14.143054,0.15848814,11.713012,5.348443,-0.11467173,9.661054,0.24621055
mp-1222442,Li5AuO4,4.1818886,4.707238,-1.9257833,14.746819,0.16941261,3.8878758,5.5972266,0.06564245,9.730547,0.25656518
mp-13743,K3GaO3,6.7488174,5.853951,-1.8493636,14.114146,0.19030812,2.9023237,5.312994,0.16206951,9.869629,0.2584121
mp-1284741,Ca2V3O8,20.520327,24.082535,2.7551134,43.68467,0.07367039,5.16191,4.5150805,-3.377127,12.831834,0.19002244
mp-13744,Rb3GaO3,7.700093,5.604645,-1.3443301,14.2023115,0.18121642,3.0652611,5.0770874,-0.2337614,9.849295,0.2581953
mp-1246909,Y4S3N2,9.112952,7.065033,-2.37105,14.086216,0.15109663,6.476347,4.8849983,-0.40555456,9.292036,0.24542502
mp-13336,RbSc5Te8,14.156666,20.878126,1.8944169,43.351326,0.065374196,10.740741,4.225885,-0.134336,9.356761,0.22941361
mp-14435,K3GeSe3,5.6048875,6.249152,-1.6020648,14.395073,0.16744697,4.366496,4.636426,-0.17406395,9.718493,0.25403687
mp-14434,K3GeS3,5.9466677,6.2075043,-1.6015733,13.730652,0.18813598,3.7640998,5.4211235,0.20969307,9.618855,0.27074185
mp-1403705,Mn3Zn2O8,8.181464,6.331232,-2.219448,14.880394,0.17294745,7.121183,4.480213,-3.417585,12.562843,0.17952853
mp-13829,TlCu3S2,29.41851,20.377518,2.2378905,42.131676,0.064039566,12.477329,4.5454645,0.25853097,9.275932,0.26136228
mp-1397126,Ca2Ti3O8,74.16647,78.74185,3.400489,152.6668,0.022324195,4.8703923,4.6301,-0.07277825,9.822104,0.27600825
mp-1542042,CsHg5Cl11,21.572927,22.678753,3.1338801,47.42174,0.071679294,2.9044938,4.9033785,-0.16891962,9.825866,0.26408827
mp-14951,Rb3AlO3,7.537917,5.6643777,-1.6770974,14.876967,0.17737944,2.9100323,4.3984046,0.12051767,9.196184,0.24918312
mp-1542758,SrMoO3,15.782724,21.964746,2.8602765,42.301704,0.072350204,6.0000825,4.6316466,-2.49689,11.817074,0.1620791
mp-20461,BaPbO3,24.349985,22.634249,2.7199347,44.445583,0.07005098,8.877413,4.516522,0.15918796,8.943598,0.24124739
mp-19149,NaNiO2,4.1592164,6.3107295,-2.487856,14.421374,0.16666226,7.029371,4.7472386,-2.810347,12.017089,0.20013422
mp-19212,Rb2MoO4,5.4446344,5.750785,-1.8910736,14.418926,0.15557954,2.6294556,4.4818716,0.03772896,9.919905,0.25181028
mp-22945,TeRhCl,3.4860086,6.3424215,-1.7124647,13.997474,0.16117553,9.85649,4.1554317,-0.39128286,10.079584,0.26480487
mp-18864,Rb2WO4,5.3468213,5.8580766,-2.093908,14.748287,0.20237334,2.5641344,4.4553404,0.11172134,9.626217,0.26881132
mp-19280,NaCr3O8,3.9209538,5.6856728,-1.7697637,14.842908,0.1738522,4.1813383,4.7838616,-2.0174963,12.210429,0.16995136
mp-18988,Li2MnO3,11.639579,5.5642815,-1.5897546,14.218841,0.16603945,5.554033,4.505921,-2.848918,12.7852955,0.16981159
mp-18870,Mn3Cd2O8,7.338334,6.2399573,-1.7302843,14.595311,0.18786949,7.009088,4.986259,-3.5634685,12.324938,0.17154695
mp-18914,K2MoO4,6.9261403,6.8840723,-1.7677544,13.694167,0.1891929,2.6272447,4.1058545,0.04150333,10.168911,0.2621592
mp-22373,CrPb2O5,46.734867,74.89986,1.6233932,150.12624,0.018997615,5.0739493,3.9157348,-0.1706756,10.057652,0.22327201
mp-18957,NaMnO2,7.371182,7.144182,-2.1299796,14.710068,0.19922753,4.4649205,4.632406,-2.9747453,12.442233,0.19063582
mp-18780,K2WO4,6.759264,6.198247,-2.4415808,14.47211,0.17798027,2.5584335,4.765026,0.12015441,9.402519,0.24614044
mp-19335,KCr3O8,4.0293403,5.6132617,-2.6018767,13.710222,0.16820516,3.8517234,3.8647995,-2.5172758,12.292761,0.18320271
mp-21497,Pb2SO5,236.45584,271.86444,-86.254135,655.8295,0.004005961,3.9324346,4.834598,0.17392056,9.362152,0.23952779
mp-18740,V2Cd2O7,9.1683035,5.6503572,-1.4056113,14.299978,0.1790624,4.57172,4.6789646,-0.1283009,9.274681,0.2831228
mp-18893,Ca2Mn3O8,7.725071,6.690113,-2.2167952,14.299811,0.15049769,5.765056,4.3129845,-2.6148021,11.975945,0.17208992
mp-23474,AgBi3S5,196.76097,353.82495,-43.975895,699.73926,0.0043316768,14.3653755,7.1363964,-31.779621,49.065117,0.037347663
mp-27300,RbAuBr3,7.006839,6.542819,-2.3999422,13.928301,0.17450719,6.4779153,4.8269305,0.05860953,9.523211,0.28168195
mp-27480,Sn2OF2,14.33359,6.1115937,-1.7621514,13.71187,0.17436574,4.3450174,3.9094186,-0.7140781,9.245701,0.24618034
mp-27362,Nb(SCl)2,1.0949742,6.7245927,-2.3663251,14.327328,0.17433634,4.635961,4.3181314,0.20051798,9.804463,0.25706607
mp-28075,K2Ti2O5,7.832815,6.3540707,-2.0377975,13.404444,0.17623092,3.550609,4.844398,0.0620649,9.483504,0.26003832
mp-28580,Y2NCl3,4.2198906,5.3604584,-2.7016933,14.849371,0.17526086,3.6441813,4.877914,-0.2686651,9.610403,0.251586
mp-27624,CaV2O6,7.2389255,6.207181,-2.7481225,13.464259,0.17952037,3.8662808,5.1223817,0.33635643,9.817577,0.25153938
mp-27716,KTlO,5.7805605,6.151716,-1.8374467,14.102844,0.1674611,4.9706087,4.563156,-0.366496,9.817679,0.23478182
mp-28163,K2PdF4,3.7960594,6.3641653,-2.156281,14.0989685,0.16494265,2.2924407,4.226158,-0.3642637,9.874737,0.27816913
mp-28671,ZrTe2Br5,8.32006,6.54982,-2.2670536,14.17883,0.17029989,4.6637363,4.876785,0.17864035,9.483425,0.25288287
mp-28712,Si2Hg6O7,7.0281124,6.692771,-1.3378673,14.357923,0.16297817,5.550762,4.9901924,-0.17368105,9.218364,0.28724477
mp-3033,RbTaO3,13.786531,5.158004,-2.5130832,13.727467,0.18523176,3.6964319,5.112631,-0.19110255,9.654472,0.264677
mp-29027,TaI2O,13.413737,6.0570717,-1.8203391,13.968806,0.18823868,5.9845095,5.9083033,0.0020041699,9.476449,0.24347636
mp-30240,Ca2CoO3,2.2288158,6.091461,-2.3953445,13.483954,0.15835533,3.1074996,4.4541755,-2.4663093,12.053329,0.18178712
mp-29364,Li5SbO5,8.5374,6.2773857,-1.4070252,14.329507,0.17357345,3.263622,5.076228,-0.241473,10.025123,0.23164983
mp-29590,Sn2OF5,10.420004,5.8891373,-1.4949311,13.978467,0.18425973,3.0929115,4.5785637,0.10403203,9.424704,0.27996653
mp-29082,Ba5CrN5,11.528606,22.859627,0.34951574,45.783913,0.071159,14.812948,20.332294,5.1568203,38.497807,0.08485511
mp-29455,Ga4GeO8,7.350177,7.36417,-1.7703707,14.136392,0.15924902,3.9614115,4.536777,-0.26265857,9.699819,0.25810972
mp-30547,RbCr3O8,3.8499792,5.321202,-2.5855274,14.47888,0.16939513,3.764758,3.097564,-2.7503705,11.983662,0.18708728
mp-33746,SrCO3,7.301784,5.507005,-1.7218419,14.145298,0.16951986,2.6921885,4.383071,0.47697458,10.251291,0.27126774
mp-34326,Li6Br3N,9.309343,5.6343756,-1.6679577,13.8617525,0.17942473,3.4744928,4.716401,0.088264,9.38649,0.25871456
mp-4541,NaCuO2,3.3526635,6.18703,-1.5617986,14.185822,0.19017409,5.7924476,5.2906103,0.015327469,9.595571,0.26391137
mp-5061,Li5ReO6,17.518879,7.024871,-1.8178356,14.155478,0.15910389,4.5010743,4.433585,0.4187683,9.671939,0.27658933
mp-504570,K3FeO3,6.7824154,6.599084,-1.8033917,13.436271,0.16552599,3.0660982,3.6760902,-2.7908206,11.954618,0.16614653
mp-540569,CsCr5S8,5.6008325,5.5632915,-1.9354826,13.671864,0.16583826,12.066044,4.6615286,-3.7395284,11.724249,0.17403188
mp-5328,CdPS3,5.1583786,5.0869026,-1.8788526,13.734826,0.15522562,5.210467,4.849566,-0.59850866,9.725176,0.23404899
mp-542096,CrPS4,1.5930744,5.624922,-1.729885,14.032264,0.16734673,6.325664,4.867791,-2.704366,11.883668,0.18924123
mp-541989,Na2CN2,3.985368,6.4284763,-1.6207491,14.239238,0.1571584,2.7053213,4.4612703,-0.056112427,9.429471,0.24270205
mp-541772,Bi4RuBr2,7.059801,5.2111464,-2.0123184,14.081666,0.16529803,10.15177,4.8853006,-0.12303527,10.200195,0.25758708
mp-543045,Tl2CO3,10.167082,6.138693,-1.6326951,14.87222,0.17602676,3.9837613,4.966466,-0.5063343,9.8244295,0.24948245
mp-5449,Na2Ti6O13,39.588917,24.63926,-0.84605414,44.364414,0.06720848,5.305844,4.5418653,-0.67549276,9.810734,0.2779755
mp-546035,Cr3CuO8,8.262808,24.6142,2.7963476,44.878296,0.06672579,10.266514,4.145669,-2.5403028,12.304488,0.19925722
mp-5470,AgPS3,3.842342,5.202963,-1.9342815,14.0765085,0.1744892,5.337529,4.898128,-0.0138555765,9.843809,0.26619518
mp-546111,Cr3AgO8,4.170081,7.0494637,-1.1707138,13.498369,0.1648588,5.522047,4.1941485,-2.8275242,12.247732,0.18980348
mp-550622,V2CdO6,7.344947,6.757535,-2.240551,14.748459,0.17348003,4.4645824,4.571875,-0.17261896,9.821517,0.25738484
mp-555272,Na5Zr2F13,5.416867,5.4791174,-2.0448515,14.216123,0.1786844,2.1119158,4.769306,0.01913954,9.550415,0.28240922
mp-554921,Hg(BiS2)2,437.82828,311.5374,-113.66156,698.4353,0.0041523334,10.028242,4.8224916,-0.5508973,9.401443,0.2492808
mp-558430,BaB2F8,5.5835156,5.6091976,-1.9795555,14.4140215,0.17568289,2.0143397,5.03456,-0.23966138,10.209284,0.2488738
mp-556365,KCrF3,5.614278,6.3199987,-1.0089351,14.537369,0.15819916,2.38417,4.7293034,-3.789302,11.41074,0.18297616
mp-556550,Li2NiO3,9.987221,6.5240536,-1.8340722,13.408197,0.15693727,7.165976,4.5446653,-0.05264786,9.748603,0.23786333
mp-561902,CsAg3S2,7.836058,6.8617077,-1.3808314,13.909631,0.17752184,6.916914,4.4225597,0.45511404,9.349709,0.23950869
mp-568666,RbAuI3,8.532695,5.8527174,-2.140045,13.658467,0.15472138,6.3144827,5.5952053,-0.48819125,9.706397,0.24051917
mp-5652,Y2Si2O7,6.013244,6.2622066,-2.2533593,14.02461,0.18397583,3.2391758,4.7709446,-0.055634413,9.690262,0.2472301
mp-559760,ScIO,15.022074,24.361403,0.806989,44.7988,0.07338129,4.6385136,4.571377,-0.6438538,9.7379465,0.27407798
mp-561672,Cs4IrO4,7.2888107,5.032111,-1.851552,14.238493,0.1709094,3.8927186,4.8257346,-3.3181999,12.388553,0.17057486
mp-574169,TiGeTe6,23.509464,21.091599,2.38783,42.34281,0.069963716,25.564692,21.095856,2.9495492,40.798847,0.08366043
mp-616544,RbCr3S5,5.4913526,6.8602743,-1.8151984,14.163725,0.15622935,10.677714,4.1860476,-2.9560392,12.139027,0.19582546
mp-637251,Cs2SiSe4,3.805495,6.9571304,-1.2792494,14.718755,0.17578772,4.010608,4.833843,-0.5458801,8.882089,0.2634694
mp-676020,BaCO3,8.112764,6.5307837,-1.5833082,13.162431,0.15985242,2.7146752,4.6468067,0.07611842,9.586436,0.2568603
mp-675778,NaY2F7,8.114436,7.6515484,-1.7583095,14.671092,0.16824754,2.269181,4.5862703,0.40753165,9.703839,0.24163674
mp-675651,MgPS3,2.674096,5.5026546,-1.6005548,13.835519,0.19081423,4.3955693,4.562136,-0.05386048,9.566176,0.26545036
mp-7219,Na2ZrSe3,17.143295,22.034794,-0.5647291,45.601612,0.0675667,7.4709244,4.6744394,-0.018188149,9.665829,0.24802132
mp-752965,Li2V3O6,11.708307,22.677979,0.7465777,43.756096,0.08164869,5.484412,4.4605083,-0.334747,9.439808,0.24278355
mp-752508,Cs2WO4,5.204812,5.392457,-1.7202768,13.94332,0.18331192,2.6764014,4.770115,-0.42678067,10.037135,0.25699416
mp-753670,CaPbI4,5.169339,6.40726,-1.6080006,14.114515,0.15940657,4.0119567,5.174773,-0.11493632,9.545386,0.29107976
mp-754394,Mn3OF5,6.37003,5.795144,-2.4628196,14.091359,0.17005803,6.3853183,4.758109,-18.459082,30.354666,0.057941884
mp-753802,Sc2Ti2O7,12.282898,5.9933243,-3.0646062,14.887728,0.18400763,4.658673,4.8521357,-0.04209764,9.419221,0.25119948
mp-754326,NaAgO2,4.0898957,5.735384,-1.8508391,13.3708935,0.1736067,6.078987,5.4268475,0.14239734,9.407866,0.27112952
mp-754944,TaFeO4,12.641679,6.729929,-1.274421,14.942628,0.17083439,5.011055,4.3573275,-2.9372296,11.662174,0.19988404
mp-755559,LiNbO3,16.54826,21.885368,4.587632,46.963814,0.067023955,4.490402,4.398053,0.3841673,10.242333,0.24821877
mp-755013,Li5TaO5,19.180336,22.137661,1.1587278,46.798916,0.06406542,3.6198766,5.242285,0.33114856,9.658735,0.24674374
mp-756951,LiSbO3,6.4270034,5.9802504,-1.9627022,14.481173,0.16681355,3.467167,3.8277245,-0.035451263,9.654602,0.25150278
mp-760400,Na5BiO5,9.694349,6.3927493,-2.209913,14.492558,0.16075863,4.0734005,4.4649224,0.31653526,9.073272,0.2708045
mp-760492,Na4PtO4,3.9734766,6.1106997,-1.9149407,13.835558,0.15065567,5.052773,4.69385,-0.2852721,10.033177,0.25179267
mp-760483,Li2PdO3,12.259395,6.4286537,-2.4890463,13.800633,0.16537268,6.8772902,5.130151,0.1598124,9.353482,0.24926394
mp-7601,NbGaO4,11.7554455,6.4314184,-2.600309,13.858855,0.19940612,4.6235795,4.8598166,0.32064703,9.699303,0.2518152
mp-7657,K3SiTe3,4.7998476,6.3666487,-2.1131024,14.038391,0.16492987,4.817519,4.2258234,0.2332097,9.454743,0.25010175
mp-768240,BaY2F8,8.955773,6.097685,-1.2203687,14.366507,0.16878718,2.537494,4.197729,0.008270997,9.765062,0.25619528
mp-770932,LiSbO3,4.9811497,6.200906,-2.1243448,13.909877,0.16003805,3.45851,4.9615803,-0.075207576,9.829431,0.27010038
mp-774235,LiCr3O4,12.086124,6.3544006,-1.7784647,13.828915,0.17783724,5.189578,3.3357198,-3.4662275,12.725676,0.17483917
mp-779287,La2HgO4,11.106918,5.9216423,-1.556151,14.069716,0.16370988,4.665721,4.9647617,0.30696982,9.6497135,0.25014398
mp-8613,MnPS3,4.4992228,6.1627226,-0.77301675,14.021901,0.16936128,5.7241755,4.1846232,-2.9349093,12.364052,0.16458486
mp-8429,K4IrO4,4.828438,5.8681874,-2.347194,14.172522,0.1778336,3.3448079,5.3616123,-2.2658024,11.401693,0.20249218
mp-8253,Na5ReO6,12.145325,7.161476,-1.9623654,15.30814,0.18450925,3.6682746,4.7502985,0.29506811,9.949951,0.26056945
mp-9794,Rb2GeSe3,5.48756,5.9976344,-2.7042458,14.673225,0.19000466,4.0019774,5.1691694,-0.21890986,9.496404,0.26368216
mp-989616,CaWN3,10.483736,5.891813,-2.0063033,14.575938,0.15870899,8.8214445,4.4800625,-0.3651971,9.16137,0.25204974
mp-989643,LaCoN3,10.238543,5.5314436,-1.9378611,14.617378,0.17123096,12.743884,5.224187,-0.093404114,9.600736,0.24590237
mp-9158,LiCuO2,8.790516,6.4028006,-1.3225218,14.850254,0.17896722,8.218928,4.479715,0.3386741,9.28173,0.26660934
mp-9146,CdHgO2,3.7701943,5.804386,-3.51412,14.98832,0.1633154,5.8073635,4.659871,0.11672988,9.59663,0.25256258
mp-989638,CaTcN3,6.3282747,7.5857763,-1.4813648,14.77073,0.1782895,12.283255,4.5638885,0.11816638,9.768212,0.2447629
mp-989635,CaMoN3,13.668391,20.197292,0.3963875,44.053913,0.071930155,10.153965,5.297597,0.13310203,9.138092,0.25755882
mp-9157,K3AlO3,6.3288713,6.2271504,-1.9470133,14.043233,0.17212753,2.7237947,5.135525,0.23856238,9.017666,0.26733214
mp-997086,SrAgO2,8.436417,5.024428,-2.6774755,13.815563,0.17809281,12.107169,5.5321856,-0.45178333,9.616658,0.25614533
mp-997089,NaAuO2,4.028379,7.7659,-2.1117072,13.419554,0.17502931,4.7790804,4.9534664,0.003267695,9.549023,0.2585311
mp-996995,MnAgO2,4.027371,6.0718822,-2.514157,15.204073,0.1708732,8.309815,4.1611185,-3.4190536,11.905003,0.21109168
mp-3667,P2S2O3,0.6010582,6.7810564,-2.2322247,14.224328,0.17105447,2.533084,4.4074845,-0.037644073,9.58632,0.24248321
mp-1025377,Cd(AgI2)2,2.3511124,5.075011,-1.6608052,14.460394,0.18654114,4.492664,4.789421,-0.25831792,9.81609,0.254051
mp-1025340,Cu2WSe4,0.33227742,7.0176034,-2.3284073,13.60767,0.16529487,6.208783,10.817046,-28.438332,52.995277,0.04157703
mp-1025315,Mn(AlTe2)2,2.3863175,5.799495,-2.0094693,14.284167,0.1473393,8.171596,4.195822,-2.977723,12.602017,0.18614742
mp-1147776,K3VSe4,3.1881952,6.162543,-1.8166243,14.003435,0.19766614,3.4630833,4.602393,-0.06307942,9.379541,0.25428906
mp-14175,K3NbO8,18.854633,22.505882,-0.34700856,43.500267,0.080356345,2.7110152,4.843174,-0.102052525,10.100669,0.24929808
mp-19052,K3VO4,3.745355,7.247626,-1.6833925,13.925746,0.17615314,2.5538864,4.8664227,0.047166094,9.224846,0.26709366
mp-19140,K3MnO4,38.761242,21.095846,0.6178646,45.282486,0.06560312,2.8568404,4.3726525,0.38990808,9.174611,0.2549362
mp-29091,Ti(CuS)4,0.94934344,5.486437,-2.4234493,13.936384,0.17214891,9.826652,4.3556185,0.27912608,9.978687,0.24789359
mp-18876,K3CrO8,9.280542,5.1524024,-1.8317641,14.799797,0.16800787,2.8844452,3.850997,-3.2582917,12.317399,0.16545908
mp-27888,Zr3GeO8,20.109648,23.380894,2.218431,45.210106,0.07286911,5.310265,3.646803,0.07496165,9.221661,0.26420137
mp-23353,Cu2HgI4,3.2397823,6.2260847,-1.8933718,14.091998,0.17501265,7.2576056,4.897799,0.0017861289,9.389127,0.2841868
mp-19414,K3CrO4,32.52863,24.58233,3.0300364,42.11095,0.08850227,2.7369044,4.489588,-3.503089,12.511043,0.17255488
mp-22993,AgClO4,5.053427,6.2624817,-1.1701193,14.034686,0.19116473,2.8173335,4.724643,0.26975626,9.837819,0.25271395
mp-19412,VAg3O4,6.2346425,6.755308,-1.4749492,13.848448,0.17876154,5.341155,5.187057,0.47772795,9.276965,0.25776494
mp-34169,Zn(InSe2)2,3.8072891,5.274417,-2.6568024,14.419135,0.1646521,7.6918454,4.223276,-0.15259716,9.731946,0.2642986
mp-34467,Zn(GaS2)2,3.4617913,6.013406,-1.7392862,13.394631,0.16526787,6.0410447,4.7444515,-0.13868153,9.302366,0.27053437
mp-35777,Mg(InTe2)2,3.163396,6.3629303,-1.6063979,14.817772,0.1720504,9.147701,4.9035687,-0.25870132,9.24537,0.23588032
mp-4690,K3TaO8,15.906157,5.753579,-1.6351552,14.74216,0.1678299,2.6273212,4.9744487,0.22242707,9.3303585,0.27349424
mp-510657,VCu3O4,8.157883,5.859141,-1.7131401,13.577436,0.16038767,11.45494,4.4787054,0.07488425,9.647227,0.2433584
mp-35539,Zn2GeSe4,3.154518,5.9013906,-2.3373406,14.824253,0.17055763,7.6230583,4.608592,0.45361498,9.631601,0.2674302
mp-38103,NaClO4,3.75798,4.9425683,-2.3658116,13.8578615,0.17467612,2.2030396,4.548606,0.035668742,9.330206,0.23893562
mp-5461,Rb3TaO8,8.68045,5.3340163,-1.7634571,15.15876,0.17150584,2.6385844,3.7886145,-0.0317888,9.941025,0.23967166
mp-546007,La2MoO6,11.827412,7.1390176,-1.8300126,14.322728,0.17584215,4.137799,4.7499166,-0.13359185,9.819737,0.27904525
mp-561942,Cs3TaO8,6.9201074,6.179842,-1.3821014,14.734027,0.17609097,2.7941241,4.7127285,-0.7579941,9.661432,0.25222462
mp-551740,Li4CO4,3.4167044,6.7687206,-2.376293,14.298431,0.16732164,2.3984697,5.1168394,0.2606116,9.253555,0.24720074
mp-557373,Cu2WS4,0.32458547,6.3436575,-1.5177696,14.418619,0.17524551,6.0244603,4.036481,0.18030591,8.820334,0.2463172
mp-753195,Li2WS4,0.8887921,6.677644,-2.4323337,13.958225,0.16558713,3.5072281,5.25737,0.2050029,9.9883795,0.23774564
mp-8311,Si3NiP4,2.9013743,7.24512,-1.8939869,14.356336,0.1740997,18.6551,19.937294,2.4624245,40.817543,0.08525702
mp-752917,Na3VO4,2.8516757,5.9437103,-2.3906605,13.644201,0.16834533,2.6497238,4.904175,0.11083109,9.587822,0.27385926
mp-760415,Li3SbS4,2.4370017,5.4751606,-2.0410795,14.330983,0.17753215,4.511998,4.530368,0.03751253,9.104391,0.2668031
mp-568661,Cd(InSe2)2,3.907199,5.5583105,-2.2259698,14.017438,0.168699,7.7563777,4.7891026,-0.351592,9.464543,0.25079253
mp-675748,Zn2GeS4,3.2134616,6.369186,-2.5586915,14.741651,0.17134526,5.9200335,4.339501,-0.24965395,9.517979,0.24987957
mp-675577,Mn(InTe2)2,3.2094471,5.7289343,-2.6791272,13.425799,0.16422129,10.234535,4.226576,-3.0020056,11.332993,0.1728455
mp-9808,Rb3NbO8,9.080773,6.5068607,-1.9091632,13.888783,0.17453367,2.7149806,4.5605397,-0.31321555,9.490341,0.27009252
mp-861182,Li4TiS4,2.9895177,6.403107,-2.306824,13.718487,0.16660872,4.0427175,4.525027,0.46710002,8.918609,0.2606668
mp-1009084,BeSnAs2,1.9228828,6.812891,-2.0692246,14.230572,0.18332556,13.428254,22.767975,3.0141182,41.30569,0.09231246
mp-1009085,BeSiP2,1.1562409,6.679704,-1.465434,14.45931,0.15531692,9.474666,4.815094,-0.3837985,9.397037,0.24540448
mp-1009088,BeGeAs2,1.1360922,5.5126524,-1.2955375,14.537491,0.16822535,13.091826,5.192108,-0.35415998,9.210046,0.26256612
mp-1094098,NaGaTe2,3.3882241,5.2120857,-1.9376103,14.685436,0.1775028,6.7064986,4.24907,0.17048809,9.296492,0.23406981
mp-1009087,BeSiAs2,0.9197555,6.0084133,-2.0867987,13.735488,0.18247934,10.901283,5.0192623,0.02521352,9.511619,0.2595022
mp-10572,NaPN2,5.893589,7.400974,-2.352295,14.4562235,0.1566924,4.021331,4.059116,-0.33601448,8.937806,0.25231552
mp-1029312,RbVN2,39.629494,76.70931,5.2456036,154.0103,0.019845383,15.284669,20.00229,3.832182,40.636147,0.08090674
mp-1013527,BeGeP2,1.2629642,7.688592,-2.6317673,13.922827,0.17169859,10.623756,5.0634093,0.27956125,9.443126,0.24417265
mp-1016197,MgSiAs2,2.2282996,5.6946964,-2.655736,14.618029,0.16297804,10.170424,4.7754602,0.29262727,10.009444,0.24780238
mp-14092,AlAgTe2,2.12461,5.5749784,-2.014496,14.62332,0.15874387,8.828757,4.5243683,-0.18164504,9.359447,0.28453028
mp-12954,CuBS2,1.2986188,6.1582756,-1.7173823,15.266263,0.15890634,8.347243,5.2845984,-0.04130242,10.153742,0.24781296
mp-14091,AlAgSe2,2.6557224,6.0959787,-2.280822,13.736418,0.1676629,7.04521,5.34667,0.36276928,10.081888,0.24993758
mp-15704,BeSiN2,3.9600658,6.8690653,-1.8608483,14.304144,0.16604063,4.574231,4.97873,-0.12722221,9.631096,0.26675004
mp-22811,InCuSe2,3.3906815,6.369994,-2.0602603,13.988364,0.16064334,16.481443,17.286472,2.3709779,40.329765,0.07804965
mp-14232,LiBO2,5.228381,7.6185036,-1.9374524,13.924717,0.15573584,2.9283476,5.099959,0.17457938,9.55248,0.24978165
mp-20782,LiInTe2,2.914759,5.628529,-2.1188815,14.349151,0.18236394,7.207551,4.6881847,-0.35030153,9.765087,0.2500341
mp-22736,InCuS2,195.0826,83.099945,2.7556467,149.30594,0.019741658,,4.6705284,0.096845336,9.535376,0.25987256
mp-15701,MgSiN2,4.5497923,5.8130813,-1.6255772,13.630822,0.1685195,4.4733,4.6695714,0.042280316,9.653268,0.27092257
mp-20554,InAgSe2,3.5123463,5.5222607,-2.9909282,14.43181,0.17464532,10.145817,4.275173,-0.033996437,9.659068,0.27757305
mp-22386,InAgTe2,5.6003017,77.2527,1.4525256,153.87108,0.019834805,207.03581,131.70277,-22.02214,275.70535,0.011287791
mp-19833,InAgS2,3.753287,6.16584,-2.374273,15.321002,0.18649343,9.329895,5.276621,0.025879782,9.66325,0.25098935
mp-15703,BeCN2,2.355606,6.627564,-1.9729737,13.768883,0.15832224,4.792906,23.490921,2.9330554,38.94996,0.085388504
mp-20187,LiInSe2,3.2139797,5.3366604,-2.0787437,14.71145,0.17078418,5.9246254,4.9945426,0.23366402,9.445823,0.25829768
mp-22261,InCuTe2,2.6060433,21.75489,2.3223922,44.875473,0.06763371,15.849004,21.720798,3.3875265,40.584488,0.08520284
mp-3078,CdSiAs2,2.8717506,6.3749657,-1.6894101,14.10155,0.17125338,17.146206,21.299322,2.8004677,39.29868,0.083374724
mp-29826,ZnCN2,3.354177,6.934065,-2.028703,14.152248,0.18377969,3.5568712,5.093324,0.124959685,9.741662,0.25460237
mp-2961,MgSiP2,2.9785771,6.298067,-2.1673493,13.744954,0.19177662,8.619465,4.883664,-0.0025730971,10.15094,0.25091857
mp-33569,Sr(LaSe2)2,13.081032,6.3088512,-2.097634,14.276317,0.15839523,8.318868,4.990322,0.106363185,9.742697,0.24694787
mp-34376,Tb2CdS4,37.73951,21.775127,-0.29905397,41.99098,0.07520875,8.448246,4.6576486,-0.2498232,9.633056,0.2408969
mp-34508,Sr(SmS2)2,14.505986,22.948689,1.5013433,42.248783,0.075121045,7.510596,4.4017477,-0.02360186,9.7115345,0.26627687
mp-34011,Ca(HoS2)2,15.790012,21.84284,0.68358845,45.542004,0.07474663,7.5852504,4.7956333,-0.09583327,9.748071,0.25651097
mp-34185,Ca(PrS2)2,14.277777,6.025177,-2.6981997,13.493408,0.16637543,7.689931,4.852278,-0.037638158,9.459437,0.25594965
mp-33606,Ba(PrSe2)2,14.943728,21.955944,0.1602467,44.422462,0.06778815,8.821406,5.026968,-0.11896819,9.325591,0.26848027
mp-34293,CsTaN2,10.694425,5.964788,-2.0054452,14.425815,0.18723331,6.2422094,4.8009534,0.29640093,9.559434,0.2426926
mp-34459,Ba(NdS2)2,17.346739,5.373882,-2.0949728,14.565627,0.15604699,7.5550117,4.476754,-0.32247376,9.8687315,0.27178812
mp-34116,Tm2MgS4,17.232779,24.906525,0.7624303,44.685703,0.06466044,7.529815,5.063898,-0.31470403,10.27344,0.24872072
mp-35876,Ca(NdS2)2,14.188738,6.223075,-2.0385902,14.680288,0.1448959,7.7169952,4.9807153,0.1369056,10.019502,0.25722754
mp-3595,ZnSiAs2,1.7629051,5.645094,-1.7257035,14.458435,0.16656233,13.5239,4.602184,0.18403435,9.481674,0.26626146
mp-36007,Ba(NdSe2)2,15.717438,21.88659,0.5697241,42.736713,0.073051974,8.862058,4.530365,-0.38950545,9.486404,0.2531961
mp-34903,MgGeP2,2.4276302,6.3812733,-1.6129272,14.508852,0.18183784,9.61485,5.389536,0.30787084,9.420253,0.24997503
mp-35269,Ca4Sb2S,30.93279,21.100721,1.908745,43.54208,0.07131405,9.370382,4.7147903,0.11727264,9.99084,0.26267484
mp-36912,Pr2CdS4,18.739573,21.818195,-1.2333324,43.600327,0.06767911,8.58751,4.9058495,-0.6449617,9.782325,0.26510444
mp-3524,LiPN2,5.1298227,6.3002357,-1.7895426,13.995006,0.16905184,4.2376842,4.895097,0.13938627,9.476743,0.2570336
mp-36100,Ca(SmS2)2,14.201176,24.881748,2.1650755,46.92504,0.07482314,7.7199736,5.2720127,-0.05676572,9.172458,0.2551514
mp-3668,CdGeP2,2.6776338,6.1954746,-1.6166997,14.347998,0.17787182,13.439709,5.0908055,-0.48608366,9.993713,0.25951496
mp-35746,Sr(YS2)2,17.561947,23.332272,0.33260772,43.286797,0.07328325,7.3649106,4.327118,-0.20219839,9.418491,0.2526515
mp-36358,Ca(GdS2)2,14.694007,5.214929,-1.9511986,13.618755,0.16464548,8.083175,7.0677357,-21.627115,31.886534,0.05843263
mp-38240,Sr(PrS2)2,13.461579,6.062826,-1.2629192,13.8384285,0.1647162,7.4907665,4.6330667,-0.25711012,9.384813,0.2598939
mp-3839,GaCuTe2,2.240237,20.989027,-0.85491586,43.515816,0.07127238,38.379124,20.762527,3.1957812,40.585697,0.07423143
mp-38125,Sm2CdSe4,586.64075,336.43384,-61.623055,638.6032,0.00488661,10.716685,5.1537695,0.02404904,10.130707,0.23910847
mp-4008,ZnGeAs2,1.800631,5.6280613,-2.0119724,14.89031,0.1766995,17.781105,20.736832,4.4951077,40.215897,0.07780254
mp-38728,Sr(ErS2)2,19.49042,20.909866,2.4328773,43.217064,0.07065065,7.3107505,4.958085,-0.047369324,9.699944,0.25337222
mp-37183,Sr(GdS2)2,15.779446,6.565917,-1.965262,14.413291,0.1731705,7.843211,3.355587,-19.517878,32.379414,0.05213953
mp-38327,Ca(TbS2)2,14.917898,22.974401,1.9378878,43.0733,0.07814272,7.664793,4.4092436,-0.037180327,9.353539,0.28554842
mp-38971,Eu(YS2)2,15.62646,22.139343,-1.0435951,43.439503,0.07595889,11.248926,4.531579,-2.6446671,12.178311,0.17590159
mp-4175,ZnSnP2,2.4879222,6.0401855,-2.5158343,14.177531,0.17326525,13.089606,4.4342155,0.050439067,9.45187,0.26857796
mp-4756,ZnSnSb2,1.4485062,6.022173,-1.5786693,13.6505,0.15120003,22.312933,21.839714,1.7342747,39.528973,0.08059287
mp-4524,ZnGeP2,1.4519105,6.389676,-1.4035816,14.4369335,0.1735326,12.278802,4.2956457,0.006569804,9.678386,0.2555918
mp-5238,GaCuS2,2.178815,6.336691,-1.842054,14.731952,0.16240849,8.7760935,4.2760763,-0.10634113,9.5490265,0.24134904
mp-4899,GaAgTe2,1.9640288,6.336594,-1.3932834,14.933886,0.18075883,19.602716,20.329735,4.3312964,40.783924,0.07373019
mp-4666,CdSiP2,2.7005544,5.763359,-2.638756,15.224325,0.18497229,10.819161,4.7821903,-0.17283231,9.673353,0.24904078
mp-5213,CdSnP2,3.1653676,6.10723,-3.3007884,14.183659,0.16185686,22.494251,18.745594,1.6770488,40.222553,0.082016975
mp-5048,LiGaTe2,2.804948,5.7389174,-2.7505078,13.459811,0.1757652,7.473455,4.8468695,-0.28139937,9.529994,0.2483187
mp-4586,LiAlTe2,2.237039,6.892521,-1.8303329,13.989225,0.18220085,6.14464,5.063697,-0.0009101718,9.665776,0.23252827
mp-4763,ZnSiP2,1.8894018,5.380131,-2.585924,13.50247,0.17138281,10.529483,4.461563,-0.0049724597,9.430418,0.24771908
mp-4840,GaCuSe2,8.306135,373.90192,-88.40418,680.77783,0.0043436135,203.8168,119.20977,-20.73052,291.1905,0.011151356
mp-4979,AlCuS2,2.0585668,6.2484865,-2.1723835,14.183562,0.16177884,6.618124,4.6624513,-0.17163011,9.48352,0.2533435
mp-5342,GaAgS2,2.43717,4.570981,-1.9809581,13.556107,0.17223506,7.7559476,4.459026,0.056782402,9.617177,0.2347762
mp-556163,Zn2SiO4,5.913183,6.001321,-2.3688083,14.370449,0.17244986,3.4284832,6.263236,-0.08400747,9.937039,0.26024902
mp-5782,AlAgS2,2.6727827,6.13972,-2.804531,14.471434,0.15928473,5.763539,3.953493,-0.23589939,9.412943,0.27145523
mp-540900,B2PdO4,2.3245432,6.4451814,-2.340583,14.358337,0.17014247,4.7323246,4.5022516,-0.10771333,9.822978,0.24610826
mp-5518,GaAgSe2,2.8472939,5.2296352,-1.6944542,13.802139,0.17441837,22.827654,23.791199,2.600667,40.381695,0.07605631
mp-550433,BeZnO2,5.381895,6.158437,-2.0183764,14.067492,0.15721561,3.8572206,4.998904,-0.22537713,10.082569,0.25310376
mp-675511,Sm2PbS4,31.357513,24.242838,-0.15787849,43.159863,0.069850035,9.736474,4.897837,-0.106863484,9.447917,0.23682547
mp-675645,Tb2PbS4,33.92387,24.435661,-0.22482298,43.73899,0.06712493,9.687501,4.9036207,0.10045313,9.432073,0.23719543
mp-675620,Nd2PbS4,30.759914,22.670956,-0.3361316,42.435986,0.0728475,9.749804,5.4355507,-0.17196849,9.348645,0.27314687
mp-758604,LiAgF2,8.220756,5.3906245,-1.6114738,14.405699,0.19257475,2.723947,4.497508,-0.12700364,9.630409,0.2644876
mp-7801,CaGeN2,10.132793,7.596147,-1.5729991,15.469503,0.16348688,5.618927,4.3952875,-0.123461336,9.580337,0.24155803
mp-8016,AlCuSe2,1.742529,5.7410426,-1.6138086,13.534763,0.17748383,8.378547,4.705002,0.18142274,9.543187,0.28140706
mp-8017,AlCuTe2,1.6465876,5.940428,-1.7898712,12.87558,0.15235206,10.0522375,4.8898287,-0.52570385,9.686918,0.28223455
mp-1025201,Rb2PdCl4,2.6212418,7.8028803,-2.2594738,13.929716,0.16867977,2.5760057,5.0787253,0.26188788,9.366759,0.27290642
mp-1048327,CaSnF4,51.96194,22.648424,0.8993768,44.428265,0.069704056,3.0044982,5.153759,-0.54094255,9.858793,0.24627733
mp-1078085,Cs2PdCl4,2.7026134,6.63103,-1.9579118,13.346486,0.15256867,2.5422537,4.292485,0.12047156,9.377746,0.25971156
mp-1223447,KLaF4,6.4248996,6.1607533,-3.2384436,13.284398,0.17263672,2.2879536,4.575855,-0.13146843,9.392541,0.25526124
mp-1539446,Cs2PtCl4,2.8667684,6.420841,-1.7583491,14.46934,0.15660986,2.5493312,5.1268487,0.05983266,9.710214,0.25236875
mp-27138,K2PdBr4,13.908475,6.460388,-1.8826264,14.002386,0.17431712,3.7849693,4.804085,0.3772394,9.485175,0.25310266
mp-21145,SrFeO2,0.0,6.0842476,-1.8980093,14.250748,0.1673047,5.1373453,4.8445463,-2.8332236,11.984704,0.18777749
mp-28650,CsBr2F,2.4563823,6.6937537,-2.1396003,13.723598,0.17323968,3.4981441,4.978678,-0.18372773,9.915674,0.2538988
mp-1539038,AlTl2F5,22.133213,18.685524,2.3227568,42.33283,0.07119312,2.6386604,4.7594905,0.15036754,9.8825655,0.28497022
mp-22956,K2PdCl4,11.809135,22.581608,2.9146535,45.64586,0.07031743,3.3469741,4.4703236,-0.025591118,9.985773,0.2656742
mp-29889,Tl2PdCl4,12.78968,24.833992,1.5779495,44.642517,0.07227669,4.3904157,5.151402,-0.014983984,9.354071,0.2537846
mp-27243,K2PtBr4,12.006271,6.826251,-2.7470648,14.026308,0.16683555,3.71333,4.663185,-0.4769412,9.355781,0.2823559
mp-22934,K2PtCl4,10.275477,6.0075464,-1.700509,14.113551,0.18502757,3.3362978,4.29874,-0.16648671,9.80573,0.25714338
mp-30315,Ca3BN3,12.669596,6.0571957,-3.1483212,13.673477,0.1757169,5.3887014,4.7328725,-0.4063346,9.557634,0.25609007
mp-555014,Rb2MnF5,8.09465,6.6585093,-1.3053266,14.847079,0.16992393,2.2930458,4.067342,-3.7282765,11.93674,0.17105137
mp-34380,HoTaO4,13.23554,5.07259,-1.5445782,13.96751,0.1675186,6.1666346,4.950632,0.0051468797,9.554758,0.25278696
mp-555223,Cs2MnF5,6.247473,6.207862,-1.5055658,13.737375,0.14815795,2.4332464,4.410118,-2.7419357,11.998285,0.18651521
mp-5606,AlTlF4,94.20616,74.71347,3.9791484,155.87657,0.020151963,2.7054079,4.6060123,-0.095011875,9.554441,0.26594612
mp-5347,KAlF4,8.660278,5.865852,-1.2167892,13.795176,0.18588237,1.9359529,4.695943,-0.296261,9.172588,0.26435998
mp-5479,RbAlF4,5.568684,5.9250975,-1.8906066,14.231496,0.1711178,2.0286572,4.7771997,0.21113355,9.797437,0.24442117
mp-753287,CaCdO2,13.7003975,5.9522753,-2.7074726,14.132721,0.18095273,5.505702,5.1600537,0.30035397,9.411024,0.24146356
mp-767409,Li5SbS,9.326377,6.0516663,-2.538635,14.180204,0.16168018,6.607849,4.932373,-0.024855224,9.8163,0.26600996
mp-9486,K2AlF5,4.253648,5.066871,-2.1489408,14.121746,0.16654736,1.8230735,4.503254,0.17895325,9.873062,0.26067457
mp-863749,Rb2Hf2O5,12.0513315,6.168974,-1.7018762,14.1824045,0.17691392,3.8135579,3.9188666,-0.011990348,9.229805,0.26931545
mp-866311,Bi3BrO4,32.173477,25.613148,2.580191,46.786926,0.05894134,6.5170064,4.701334,-0.11948594,9.309277,0.26863247
mp-29169,Cd(AuF4)2,2.3766873,5.869855,-2.444062,13.354748,0.1846805,2.7921448,4.4134054,-0.037187632,9.5269985,0.2568045
mp-29170,Hg(AuF4)2,2.7361445,6.0444202,-2.4508767,13.928922,0.15060456,3.1348844,5.266823,-0.7104737,9.636919,0.2611117
mp-28505,Ba(AlTe2)2,3.7829537,6.0503364,-2.5372012,13.79762,0.1713176,6.7347045,4.50525,-0.3245038,9.472434,0.2592057
mp-571085,Ga2BiSe4,8.814461,5.8370605,-2.5281994,14.184165,0.16198145,8.201005,4.8746204,-0.058624905,9.426917,0.28343788
mp-571623,Al2BiSe4,7.8618107,6.5985975,-2.2787867,14.3747425,0.18259458,7.30947,3.6984968,0.22078997,9.584023,0.24745159
mp-557737,Al2BiS4,7.4695354,5.7726936,-1.8701546,14.55421,0.1494266,6.0363812,4.960577,0.010386541,9.153894,0.2695655
mp-12244,Cs3TiF7,11.788151,6.2648706,-2.0140247,13.847011,0.1791176,2.3378782,4.8202124,0.25414893,9.731623,0.27532658
mp-1539667,CsPbCl3,45.61408,21.494251,1.724535,43.342125,0.06255376,3.6201942,5.0928745,-0.07163692,8.953578,0.26475134
mp-29138,KAuSe2,0.28791553,7.377202,-2.2461786,14.24828,0.18360683,9.729523,4.1955214,-0.12302258,9.37596,0.25097725
mp-2910,KAlF4,6.92071,5.785279,-1.4829051,14.692789,0.15651114,1.963973,4.4265356,-0.048065513,9.981445,0.27262747
mp-4675,NaTaO3,7.409987,6.199577,-1.3505416,13.869234,0.16166009,5.568346,4.8627014,-0.15823883,9.515175,0.2672623
mp-4419,NaNbO3,12.304279,5.138569,-1.7689866,14.1197815,0.17703542,7.075014,4.905075,-0.13906652,9.331351,0.25790086
mp-5259,RbAlF4,5.231023,5.7024775,-0.9411502,14.284522,0.18565479,2.042891,4.8474503,0.061243307,10.170108,0.2557311
mp-616378,CsSnI3,,6.0622396,-2.2493646,13.960651,0.16608228,8.04318,4.6644573,-0.55961514,9.6272,0.27814347
mp-614724,Cs3CrF7,9.480892,5.8256273,-1.9085075,13.593319,0.18498583,2.4018412,4.303933,-3.5171163,12.043353,0.17189983
mp-643006,Cs3H5Pd,12.356778,6.234165,-2.438183,14.792248,0.18020324,3.297929,5.059322,-0.30801392,9.546153,0.24430515
mp-27938,Tl6SI4,13.675689,23.780357,-2.0087907,43.47548,0.06775615,6.032207,5.182788,0.18289056,9.539433,0.26179737
mp-28517,Tl6SeI4,15.05996,4.9113626,-1.5338525,14.376576,0.16610071,6.381222,5.2369785,0.03906907,9.570363,0.25840914
mp-754648,Li2MnF6,4.0647388,6.5916224,-2.5259619,14.672257,0.17315689,2.3468852,4.9997997,-3.2778146,12.350175,0.19415142
mp-10086,YSF,11.743996,5.767249,-1.6271404,14.088131,0.17511582,5.819761,4.3979115,0.21644804,9.750904,0.28058615
mp-1018737,KMgP,5.549117,5.1703377,-1.8974984,14.0222,0.16178608,6.0406594,4.7981625,0.056299,9.483453,0.25529012
mp-1019089,KMgAs,5.4627743,5.7765017,-2.7279234,13.896857,0.17111413,6.8805585,5.253096,-0.06426948,9.527503,0.25110078
mp-1019105,KMgBi,5.3939095,5.1438193,-2.6667254,13.970451,0.19561917,10.360723,4.7989464,-0.004125765,9.223567,0.2547894
mp-1029396,SrHfN2,18.28794,19.832571,1.315041,43.827564,0.07346873,6.6156173,4.5236163,-0.17310633,9.842053,0.2283932
mp-1029275,SrZrN2,25.704594,21.925314,1.0591453,41.821064,0.08337383,7.1815715,5.1701775,0.11125352,9.428055,0.275522
mp-10322,BaHfN2,22.692207,21.422821,1.0390033,45.479797,0.0729213,7.2691493,5.1218224,-0.58061266,9.277963,0.25615945
mp-10219,YOF,14.7688465,6.279782,-1.8933489,14.075791,0.16423216,3.3754897,4.6564217,-0.25054204,9.571282,0.24976645
mp-1078191,Ba2TeO,12.878524,6.130006,-1.4215454,13.348006,0.16338128,5.3611116,4.3146005,0.24575178,9.397591,0.25470683
mp-1078366,Bi2S2O,159.34055,75.39455,5.8513904,160.26573,0.020655952,14.484661,20.610168,2.6441898,40.81285,0.08773563
mp-1103397,BaSnF4,33.058514,24.387585,-1.036102,46.813004,0.073921055,3.0086873,4.6394567,-0.33792982,9.475443,0.2496682
mp-13820,Cd3SiO5,15.290737,22.67665,1.0613298,44.87484,0.06844255,4.4946513,4.6329756,0.21609156,9.515194,0.26085365
mp-13097,NaZnAs,10.450573,24.133327,1.6885536,42.87396,0.07742486,18.106287,20.654305,2.2721481,38.44413,0.08364266
mp-16236,KAgSe,11.167697,6.1446733,-2.5093098,14.191344,0.17963651,7.07832,5.1668606,-0.6052988,9.856171,0.26104623
mp-20528,KCoO2,6.039329,6.546961,-2.1264977,14.351128,0.18302394,4.124767,3.5315468,-3.0386071,11.829601,0.177032
mp-23046,SrIF,4.372567,6.7371244,-2.0012789,15.353711,0.17402641,3.3600538,4.542842,0.44761935,9.814747,0.2442248
mp-22987,BiIO,41.99358,80.788284,4.235301,162.72656,0.024464006,6.6451488,5.0764866,-0.0047911657,9.352136,0.2399163
mp-23024,SrBrF,6.928088,6.7639647,-1.8320874,15.266437,0.18364331,3.1757822,4.9104733,0.32106522,9.510826,0.26352882
mp-22964,PbClF,62.866516,72.77876,1.9336689,154.17142,0.0214623,4.520783,4.8737264,-0.01545625,9.195414,0.23110177
mp-22951,BaIF,6.804744,6.518604,-1.6702571,14.636285,0.16676316,3.6492276,4.856756,0.35983545,9.18459,0.23886587
mp-23008,PbBrF,67.944756,82.787544,0.29790926,157.74219,0.021575997,5.209622,4.6105423,-0.26243964,9.523605,0.2687554
mp-23025,LaClO,14.028885,5.7470856,-1.4545984,13.384072,0.15469988,4.2857156,4.642309,-0.02134021,9.233658,0.26725653
mp-22957,SrClF,6.965457,6.1777554,-1.9717847,13.130013,0.155029,2.8622177,5.038619,-0.2614146,9.6772585,0.23618507
mp-22939,BiClO,43.29359,21.928204,0.060606387,44.69429,0.07070667,5.660657,4.311515,0.054788284,10.049326,0.22436209
mp-23050,GdClO,14.35447,6.3908596,-2.2965453,14.605005,0.16628821,4.5502205,4.3481503,-3.1284723,11.726742,0.16900602
mp-23023,LaBrO,9.941503,6.9816732,-2.6047688,14.2926,0.16621414,4.1445284,4.4451637,0.21832983,9.578299,0.24346341
mp-23856,LiHO,2.957022,5.45228,-1.4574717,14.681219,0.18241277,2.2406013,4.47388,0.038304817,9.143712,0.27946717
mp-23860,SrHCl,6.2512007,5.648825,-2.3045108,13.660699,0.15785506,3.5090477,4.9869413,-0.6595979,9.4538555,0.27274883
mp-23861,BaHCl,5.998281,5.6673813,-2.807651,13.9464,0.16130717,3.5591502,4.8368893,-0.24729683,9.663964,0.23931341
mp-23432,BaClF,6.628976,5.053994,-2.0997465,14.066037,0.17046927,2.8910484,4.0996666,-0.1945993,9.700434,0.24947123
mp-23859,CaHCl,7.1839566,6.108389,-2.266521,13.960084,0.17640913,3.7662373,4.994717,-0.04726301,9.392334,0.24529132
mp-23072,BiBrO,40.869465,21.481339,2.4790647,43.91601,0.06384259,5.9047565,4.830081,-0.84436387,9.443621,0.2489504
mp-23675,H4BrN,3.1230378,7.6206665,-1.969143,13.606461,0.17795838,2.7870371,5.0026155,-0.29736796,9.936946,0.28130242
mp-23070,BaBrF,6.483238,7.0012474,-1.0804034,14.281244,0.16095054,3.1790116,5.498918,0.08519744,9.257625,0.24841508
mp-23074,BiOF,11.994618,5.7322016,-2.1608827,14.06584,0.18032655,4.922472,4.976722,0.011763086,9.4228,0.27472267
mp-24204,CaHI,3.7245274,5.6399164,-2.983304,14.367545,0.18263814,4.100648,4.7237253,-0.12190589,9.765448,0.25692034
mp-24205,SrHI,3.497983,6.1911106,-1.7934581,13.92106,0.1438361,3.8717318,4.8127003,0.20019817,9.730335,0.24052854
mp-23862,BaHI,6.2134356,3.9020197,-2.3750613,14.463071,0.16030106,4.440678,4.722213,0.10302431,9.917215,0.2587003
mp-27546,CaClF,8.986266,6.103303,-1.8423717,13.825215,0.15471219,3.018509,4.459399,-0.32898465,9.423685,0.27000624
mp-27689,PH4Br,10.547189,5.7837114,-2.684142,14.080619,0.16320047,3.8733344,3.9152796,0.34353516,10.10891,0.22078784
mp-24422,CaHBr,3.7099013,5.4348707,-1.7551218,14.339294,0.15518,3.451709,5.200104,-0.06480903,9.977808,0.27130643
mp-24423,SrHBr,6.383847,5.7390223,-1.3994353,14.429055,0.18348368,3.861576,5.272237,-0.20099019,9.421329,0.24060471
mp-24424,BaHBr,6.069452,7.1829195,-2.0323865,13.72519,0.15742126,3.8930151,4.8647833,0.14182833,9.471198,0.25169614
mp-27985,YClO,17.991732,24.040833,0.10899823,43.935684,0.07353428,4.2571306,4.134216,-0.06640296,9.654308,0.26198217
mp-29842,CsReF8,4.1792693,5.9314404,-1.8435699,14.629257,0.16665146,2.3768682,4.410963,0.0493745,9.436419,0.25737035
mp-3104,BaZrN2,25.71088,23.807497,2.5069287,46.312767,0.07080708,7.7367992,4.998985,-0.00071039144,9.420323,0.2514724
mp-30993,LaIO,8.291092,6.005479,-2.3760426,15.220112,0.16678043,4.4689555,5.2725267,-0.09753453,9.528361,0.2355453
mp-4495,KLiTe,4.364198,6.151847,-2.4297001,13.853226,0.18235594,4.4947305,5.1290064,-0.31026822,9.258775,0.23791608
mp-4824,NaZnP,9.245244,6.0875454,-2.0533938,14.429313,0.16640528,9.450218,4.723917,-0.2571208,9.498048,0.2635645
mp-5339,CsNaTe,4.8915424,5.5377383,-2.6327074,14.178069,0.17143983,4.3177667,4.4935656,0.3118799,9.78677,0.25686523
mp-567558,CsAgCl2,6.999981,6.0459805,-2.2828038,14.009863,0.16079322,3.0702477,4.796729,0.16929382,9.650214,0.24374613
mp-5394,LaSF,13.2657,6.9332,-2.3299022,14.647716,0.17362273,5.5524626,4.925105,0.36781952,9.680507,0.26442212
mp-5962,NaMgAs,10.253045,6.810816,-1.6727086,14.811046,0.15385109,8.305145,4.943783,0.34182674,9.643835,0.23952483
mp-7089,KMgSb,5.149145,5.35917,-2.242335,14.924505,0.17644587,7.819595,5.1584377,0.24489729,9.528082,0.22804947
mp-6948,KNaO,12.569479,4.928584,-1.9227774,14.4536,0.17969012,3.2286043,5.0681987,-0.3460991,9.606725,0.24148501
mp-7090,NaMgSb,8.606503,6.7596703,-1.9643946,13.362918,0.19423206,9.499655,4.0673733,0.055643756,9.407061,0.26370534
mp-7434,NaCuTe,6.0455713,5.701991,-1.8444647,14.598848,0.16704655,9.441403,4.361165,-0.03578911,9.140705,0.27167353
mp-643062,H4IN,3.4816911,5.6367784,-2.063204,14.634629,0.17025943,3.326666,4.4342456,-0.30603707,9.496705,0.24685727
mp-7100,LaOF,12.63131,6.0471478,-2.2816336,13.832495,0.17475222,3.550819,4.7022104,-0.046827525,9.253026,0.2563029
mp-6973,CsNaS,5.8593035,6.35808,-1.6466371,14.9504385,0.16150694,3.8438084,5.2475348,0.19069155,9.890546,0.2645699
mp-753594,BiOF,9.652919,6.614647,-1.3034362,14.49541,0.18914883,5.090527,5.378111,0.37080878,9.904572,0.23372643
mp-753712,YIO,8.636409,6.662054,-2.9578867,15.512981,0.16808626,4.303953,5.435445,0.0907733,9.283206,0.24820708
mp-768906,YBrO,12.498085,6.0951786,-2.0959134,13.454001,0.15374504,3.9644983,4.616067,-0.00076465914,9.798152,0.25336775
mp-773137,KCaBi,7.420214,6.2495837,-1.508103,14.202179,0.17955732,7.329725,5.028875,0.02214284,9.627414,0.23546335
mp-8452,NaLiS,6.2684526,5.3705325,-2.825511,13.780119,0.16814181,3.920891,5.0644503,0.107264504,9.540289,0.2545843
mp-8430,KLiS,5.020763,5.972526,-1.8038474,12.811569,0.17515393,3.6581028,4.148923,0.17958419,9.645499,0.24429561
mp-8453,RbNaO,12.34993,6.3960495,-2.3688393,13.936356,0.17028935,3.45443,5.1501493,-0.27503482,9.264749,0.23822603
mp-8658,CsNaSe,5.5545206,6.192561,-2.5876918,13.774247,0.15495199,4.0939145,4.334919,0.0014573983,9.279785,0.2486715
mp-8751,RbLiS,5.1411486,5.077957,-2.699473,13.82545,0.14835122,3.7654002,5.062701,0.048892472,9.215633,0.26137534
mp-8756,KLiSe,4.815258,6.948271,-1.8201432,13.808176,0.16600882,4.0345726,5.1554794,0.19130147,9.445596,0.26494837
mp-8799,RbNaS,5.624402,6.790194,-1.798918,14.433327,0.16959515,3.590219,5.3009853,-0.3803587,9.545196,0.24548456
mp-9846,RbCaSb,6.1885705,7.0616636,-1.4160441,13.494266,0.18333587,6.178738,5.507879,-0.20384294,9.685388,0.24472947
mp-9250,RbLiSe,4.877915,5.3380637,-0.9599874,13.692871,0.16034435,4.096665,5.0832996,-0.092758074,9.790333,0.26308244
mp-9517,SrTiN2,21.46329,23.091171,2.6237826,43.260674,0.069063134,8.737033,4.360775,0.16585982,9.970518,0.24607965
mp-9562,LiBeAs,6.889682,6.180603,-1.9724677,13.890136,0.17552198,9.230857,4.8478165,-0.27635527,9.128337,0.2735442
mp-9845,RbCaAs,7.5046287,6.062952,-1.8553499,13.943438,0.16357292,5.9449267,3.8017595,0.17475697,9.312608,0.24611641
mp-984107,K3IO5,10.024788,5.605668,-1.3896639,13.524224,0.16915965,2.7082214,5.1288943,0.23874855,9.15724,0.26218635
mp-989191,SbOF,0.456578,6.288544,-1.9816215,14.329578,0.19602804,5.7050457,4.659215,-0.07950814,9.849175,0.28855732
mp-989178,ScOF,10.386229,6.5990567,-2.066791,14.447912,0.18837702,3.9224265,4.6596136,-0.40725434,9.400323,0.2600994
mp-989190,ScBrO,64.10724,87.222946,0.08779202,155.19734,0.020776464,4.697138,4.554319,-0.18494824,9.488052,0.2543679
mp-989189,SbBrO,5.1241727,5.500375,-1.148747,14.816323,0.1698246,6.6863217,5.105564,-0.14557217,9.518436,0.24159174
mp-989197,GeClF,13.914078,7.5274405,-1.7668242,13.447952,0.17266458,5.6812544,4.50841,0.16748211,9.412445,0.2617643
mp-9915,LiBeP,6.965924,5.5599985,-2.462572,14.90521,0.17611247,8.274662,5.253729,-0.47640198,9.271261,0.23284769
mp-989194,SnBrCl,20.26197,22.599957,1.1101475,45.340775,0.07077287,5.9411287,4.383436,0.245425,9.563175,0.26223412
mp-989195,ScClO,977.4249,230.10487,-59.357677,649.83295,0.0040148236,4.245054,5.107965,-0.41443622,9.740944,0.2719042
mp-989196,SbClO,6.1254883,5.331584,-2.2686324,14.332586,0.1643645,6.1451893,4.7577553,-0.34345722,9.102194,0.2607659
mp-989193,SnBrF,7.870301,5.951765,-1.5013667,13.88424,0.15300687,5.930815,5.5379305,-0.5701454,9.01898,0.23648934
mp-989192,SnClF,129.23299,75.64435,2.6388397,149.20601,0.020648198,5.1912007,4.4642677,-0.15094015,9.664122,0.25036255
mp-23498,NbSeBr3,1.4726365,6.2124386,-1.9117129,14.039824,0.18478607,4.459428,4.658911,-0.28429344,9.431049,0.24884129
mp-18875,MgWO4,9.731187,5.824173,-1.9091952,14.238732,0.17759632,4.2740054,5.051823,0.067079276,10.073795,0.25756526
mp-21179,NiWO4,9.835233,6.170552,-2.0841115,14.356274,0.18159226,5.1696687,5.5614877,-2.7169547,12.323408,0.16883086
mp-19387,CdWO4,10.310212,6.8488617,-1.5448933,14.090729,0.1743659,4.8267574,4.9172163,0.03367361,9.433756,0.27713454
mp-18918,ZnWO4,14.278956,5.8561935,-1.9477022,14.621693,0.17494495,5.131571,5.0386314,-0.31726855,9.639414,0.24682271
mp-19421,FeWO4,8.795225,5.722213,-2.3028755,14.401649,0.16150385,5.4607224,5.0523586,-3.3016756,12.210961,0.1896958
mp-27345,Na3BiO4,8.307756,6.253751,-1.9054796,14.754306,0.18841434,4.1775675,5.046545,0.22317055,9.965971,0.26342553
mp-28038,NbTeBr3,2.2963846,6.2616606,-1.6760694,13.909096,0.1593168,5.204632,5.2260885,0.13103063,9.4496355,0.26640266
mp-5769,Li3SbO4,10.230113,5.9501762,-1.516708,13.097759,0.1750422,3.5088954,5.191633,-0.06463669,9.280584,0.24652149
mp-570270,NbSeCl3,1.5283384,4.9665036,-1.7644643,13.471837,0.17810348,3.863116,4.996624,-0.26201043,9.644131,0.24114922
mp-5377,YTaO4,13.082873,7.0017405,-2.228388,13.704974,0.1533263,4.6294365,4.9052505,0.024907956,9.274884,0.23493281
mp-540924,NbTeI3,2.5059342,6.1264095,-2.2384758,13.607247,0.168553,6.7706633,5.028551,0.31668034,9.477832,0.27240476
mp-553961,ScNbO4,23.109478,22.426207,2.49898,43.45094,0.07011003,5.546751,4.4378943,-0.09304146,9.241997,0.2470986
mp-558781,ScTaO4,19.950909,21.685616,-0.15701637,43.63384,0.072394066,5.0872664,4.3041687,0.06594462,9.457107,0.24852838
mp-7461,Hg2SO4,11.550238,6.531815,-1.4686143,12.981737,0.17868601,3.9081204,3.963597,0.46681327,9.872975,0.2846701
mp-7404,Na3SbO4,8.728235,6.0247607,-2.553391,13.864305,0.1709107,3.2653275,4.5376873,0.010490995,9.430923,0.25221655
mp-676300,Sc3NbO7,59.02888,83.395515,-0.45702976,161.15515,0.021110753,5.907086,5.2665005,0.28913724,9.884071,0.24487567
mp-8979,TaInO4,13.592106,5.806091,-2.3867505,14.616234,0.17601876,4.900334,4.521996,0.03146416,9.806393,0.24957028
mp-774702,Li3BiO4,14.065278,5.1165543,-1.9353373,14.039684,0.16753003,4.532851,4.3990574,-0.2895373,9.672099,0.26160046
mp-765573,Li4Zr3O8,24.83954,21.322803,3.8212628,43.855564,0.0762096,4.314704,4.396231,-0.0547292,9.920311,0.24299349
mp-9576,KSbSe2,15.876148,20.568071,1.3520353,42.827534,0.06524879,6.320935,4.6392975,0.20026416,9.645335,0.24583645
mp-777418,Li2FeF4,5.283183,5.6771092,-1.8200907,14.288254,0.17034599,2.1288464,4.2976494,-3.4189522,11.510139,0.18167885
mp-23947,Cs3MgH5,7.575411,7.030098,-1.9700408,15.229136,0.1696087,3.0394936,4.64752,-0.105801895,9.571797,0.24729055
mp-29359,Na2PdCl4,2.7895226,5.8343415,-1.369715,14.044368,0.15502825,2.9840949,4.9225187,-0.47904813,9.699701,0.26836243
mp-23948,Rb3MgH5,6.311896,6.2480254,-2.067774,13.287411,0.14817871,2.8152134,4.9236603,-0.09776718,9.611226,0.249658
mp-569383,Ca5(CoN2)2,10.173567,6.5752916,-2.4459891,14.742687,0.16067168,10.058982,4.9376,-2.4437418,12.541177,0.18954395
mp-758688,Li2CuF4,3.5603013,6.116477,-3.4527783,14.297,0.18602431,2.3348095,4.482215,-3.1230156,12.163887,0.18870239
mp-675525,InGaSe2,32.694736,22.421623,-0.9476505,42.17582,0.07143845,12.837377,4.8447943,0.05986033,9.863974,0.26492098
mp-778602,Ba3GeO5,16.456564,5.0620003,-1.5388672,14.350082,0.18406564,3.855331,5.2247853,0.41255122,9.724539,0.23948544
mp-1029347,KPtN,1.8171508,5.1807995,-1.687926,14.019282,0.18192519,6.657898,4.8106217,-0.033136703,9.344696,0.23075606
mp-676023,NaY3F10,16.609224,21.069868,0.8597385,44.38154,0.07726713,2.662337,4.8368235,0.22985777,9.407196,0.2465182
mp-29754,SrLiN,6.7010837,4.870935,-1.2794194,13.848392,0.16910216,6.780333,5.090618,0.42323476,9.581875,0.26541802
mp-7571,KNbF6,6.177987,6.253994,-1.9831568,13.577131,0.16930377,2.0887094,5.225648,0.18940654,9.344921,0.23846126
mp-997394,NbAgF6,12.200485,5.1244726,-1.8540863,14.321806,0.2020977,2.6882524,5.4204874,-0.33700174,10.035875,0.24367629
mp-29993,TaAgF6,10.388147,6.202906,-2.6334794,13.950021,0.16640037,2.479797,4.966992,0.27307597,10.13098,0.28184015
mp-557724,KBiF6,5.3719025,7.0508976,-2.5326738,14.459284,0.16581172,2.0863402,5.2103834,-0.3902825,9.685003,0.23210959
mp-1540904,KTaF6,5.6482253,5.924553,-1.339339,14.3280945,0.1577869,2.011579,4.548071,-0.2587574,9.394823,0.26251557
mp-30959,LiHS,2.0749803,5.4716806,-2.7578213,14.125128,0.18262392,3.0795212,4.8361855,-0.22035119,10.023974,0.24584532
mp-29089,Sr2GeN2,9.398267,23.057274,1.2108991,44.319603,0.06996883,34.7912,24.185154,2.6817274,40.2331,0.0766528
mp-1105187,CuPS3,2.259634,6.884391,-3.164237,14.719244,0.16144131,6.830763,4.9384313,0.3028738,9.284355,0.28087243
mp-1210598,Mn2TeO6,7.254106,5.9573708,-2.244371,14.775484,0.16109008,8.272811,3.6240847,-2.4083874,12.855057,0.1904589
mp-13985,Li2PdF6,3.6074228,5.837016,-1.5578622,14.346273,0.15320425,2.9657204,4.9877853,0.07188985,9.814482,0.26351738
mp-13986,Li2PtF6,3.2899082,6.5486946,-2.0474246,14.1932955,0.18072584,2.6524565,4.5198097,0.09611223,9.449957,0.23982486
mp-19894,Cr2WO6,9.809425,6.8798704,-2.251127,13.514284,0.17480415,6.1333747,5.20026,0.42419046,9.637073,0.24908021
mp-19970,Li3CuO3,10.007938,6.6990185,-0.9544253,14.859565,0.15605079,5.27841,4.668414,-0.037661314,9.601414,0.24324942
mp-20312,V2WO6,22.181465,24.503788,1.5841614,42.47367,0.067721136,6.865781,4.5902443,-3.5507233,11.986484,0.16814563
mp-28365,Na3AuO2,4.193123,6.528755,-2.4541557,14.544991,0.17790747,3.3179054,4.8804502,-0.65435445,9.800433,0.24633287
mp-28824,Na3CoO2,4.4788237,6.428761,-2.2875147,14.942271,0.17184585,3.6305575,4.600341,0.13801657,9.459593,0.2605792
mp-27463,Na5Fe3F14,10.063482,6.7079716,-1.5862584,14.073088,0.18556513,2.172216,10.72057,-20.622477,33.169838,0.050815772
mp-28931,Ga2TeO6,9.365605,7.020502,-1.9276123,14.162817,0.15997845,4.666076,4.272272,-0.00077293115,9.28502,0.24703896
mp-22439,Li2MoF6,4.7946563,6.848142,-1.787431,14.412822,0.16260025,2.3958023,4.3344545,-2.907563,11.961911,0.17958163
mp-3188,Zn(SbO3)2,8.18288,7.232694,-1.0870752,14.356583,0.16658254,4.8773484,4.190753,-0.7287388,9.842958,0.25920284
mp-32308,Ta2NiO6,26.714834,22.720448,0.14779988,45.884056,0.07705146,5.5528436,4.2317333,-2.843092,12.603084,0.19225137
mp-505271,Ni(SbO3)2,6.3562884,6.3249784,-1.9703482,14.098932,0.1729103,4.6863256,4.5577264,0.09355465,10.065272,0.23399237
mp-3653,Mg(SbO3)2,6.696466,5.764144,-2.0754118,14.012533,0.18402801,4.2645006,4.6394653,0.27418196,9.641872,0.26752743
mp-643010,Cs2H4Pt,3.73643,5.7985272,-2.4185324,13.823159,0.17045528,2.8750236,4.7224536,-0.3272002,9.587331,0.24979608
mp-642735,Rb2H4Pt,3.2713883,5.732445,-1.3817084,14.018693,0.18317011,2.7839491,4.8284717,0.18718314,9.64007,0.26333034
mp-753861,Li2VF6,5.591261,6.6378765,-1.978799,13.744385,0.17291254,2.4918883,3.953497,-3.5343935,11.836175,0.16955884
mp-644494,Rb2H4Pd,3.4195707,7.3993673,-2.3573651,13.927555,0.17954019,2.7658443,4.7333593,-0.8279807,9.52312,0.27029607
mp-7471,Li3AuO3,7.735762,7.065035,-2.7732196,13.41136,0.17322046,4.412113,4.8411303,0.37354216,9.189627,0.24282232
mp-755401,Na3CuO2,4.2184377,5.5401955,-1.7574815,13.663147,0.19179937,3.366665,4.494886,-0.16663638,9.593596,0.2611091
mp-753785,NbOF3,3.1987057,4.807892,-1.6300364,14.557978,0.1815637,3.197276,4.6461935,-0.35803813,9.564594,0.24556051
mp-753736,Ta2MnO6,24.378935,23.64215,3.47096,43.08274,0.0743912,5.7982087,3.9875088,-3.5882483,11.771803,0.17851336
mp-752397,Ba2SrI6,4.975464,6.2430835,-2.0970426,14.723606,0.15805684,3.2156887,4.7760124,0.16073638,10.264266,0.23624212
mp-766838,Nb2NiO6,58.419838,71.7487,4.609349,165.47473,0.020037506,6.7312884,4.917191,-0.114113316,9.258811,0.2649171
mp-763481,Nb2CoO6,85.1012,76.65633,-4.3635235,144.44766,0.023809541,7.75574,4.396694,0.18975522,9.735973,0.24194169
mp-7603,Li2TiF6,6.407091,6.0317154,-2.5018222,13.415113,0.16998605,2.4405732,4.6643467,0.45032844,10.328186,0.24174964
mp-8081,Na2SnF6,2.8356369,7.1775284,-1.6390654,14.008815,0.1704296,1.938202,4.653645,0.09059192,9.686372,0.25762847
mp-974713,K2H4Pt,3.2647207,6.1322594,-2.04054,14.330321,0.18000552,2.8331392,4.869724,0.1066954,9.379932,0.25995266
mp-9650,MgTa2O6,28.599638,24.61053,1.0461686,44.405823,0.06545868,5.133909,5.848198,-0.16497055,10.151191,0.21864504
mp-7791,Li2GeF6,4.4450164,5.3737383,-2.859705,14.484866,0.17216142,2.097223,4.4263744,-0.06320825,9.134292,0.23722269
mp-1029498,Li6CrN4,3.4894626,6.1620893,-1.9278357,13.728356,0.17507467,5.571152,4.30591,-0.047171347,9.467681,0.24524999
mp-1029656,Na6WN4,8.599784,7.139204,-1.4646908,14.193094,0.16390261,4.383286,4.278709,0.07143906,9.500646,0.25349265
mp-1029826,Li6OsN4,8.637578,76.310104,-4.1498876,152.59795,0.020701285,258.30826,138.55765,-13.995994,274.89697,0.010785197
mp-1029542,Na6MoN4,6.8635507,6.3951464,-1.7040466,14.245294,0.17800461,4.6722407,4.304684,0.42830548,9.08903,0.26782814
mp-28855,Cd4OF6,6.5394454,6.765916,-2.2122965,14.237706,0.15910426,3.1195266,5.0844984,-0.19329579,9.604166,0.23738514
mp-14495,Li6ZnO4,5.6861396,5.214056,-2.1562223,14.616186,0.17836076,3.186181,5.048418,-0.4647054,9.597643,0.25516707
mp-27355,Pb2OF2,17.813091,6.880495,-3.0566478,13.938457,0.17824182,3.9884033,4.4340553,-0.4845877,9.565755,0.24937329
mp-18925,Li6CoO4,5.643168,5.5338492,-2.2637358,15.531449,0.18876697,3.3403928,4.2129955,-3.6339378,11.615384,0.17374596
mp-3503,Li6WN4,4.6998982,5.7207637,-2.7118695,13.88461,0.15508348,4.8067355,4.8308887,0.007725861,9.640642,0.26089957
mp-37722,KBH4,2.9764876,6.9944277,-1.9949892,14.083649,0.16567686,2.2801638,4.3509054,0.045943893,9.162707,0.22522084
mp-38725,NaBH4,5.94708,6.238361,-2.0857267,14.095104,0.17762798,2.511353,4.806159,0.077820964,9.483173,0.23846999
mp-756490,Li6MnS4,3.6412785,5.3785944,-2.0176497,14.366588,0.16230711,4.3160706,5.0461416,-3.2323356,11.745212,0.21552983
mp-984550,CsGaH4,3.9434197,6.0802345,-2.961708,14.802467,0.1706094,2.5221243,4.0729,0.43593928,9.765839,0.2477179
mp-780217,Li7CuO4,10.167681,6.134563,-2.4865994,14.631346,0.18101718,3.5325363,4.591421,-0.29598212,9.407087,0.25077596
mp-772552,Li6CrO4,6.1566267,6.2676344,-1.5173492,14.229954,0.1641433,3.5992742,5.1432667,-0.02848171,9.462881,0.25031617
mp-8804,Li6MoN4,5.0697656,6.8350143,-2.143805,14.179991,0.18275417,5.094069,4.0293937,-0.22892264,9.495994,0.2659619
mp-1025185,Cs2CaCl4,7.3742537,5.4608006,-1.6605619,14.261391,0.15575862,2.516719,6.071632,0.451045,9.733764,0.26435408
mp-1025267,Cs2CaBr4,8.68275,5.886235,-1.5041519,14.425226,0.16078776,2.7288017,4.4830074,0.12022695,9.304138,0.24954005
mp-1025227,Rb2MgCl4,5.782901,6.494125,-1.3891442,13.463968,0.1685034,2.5437028,4.9949803,0.19809353,9.843679,0.26700398
mp-1025286,Rb2ZnF4,5.635913,5.269266,-2.7533984,14.116978,0.17493232,2.2482018,5.3167133,0.1953912,9.656962,0.24222213
mp-10547,RbAuO,3.5215352,5.868949,-1.9926037,13.556441,0.17799854,3.7256606,4.8954163,-0.08642875,9.797976,0.25969866
mp-1206523,Rb2MnF4,6.130022,6.2857485,-1.8826288,13.209454,0.16004547,2.186683,4.9884887,-2.7913642,11.668627,0.19004981
mp-1206640,Rb2FeF4,5.2169085,5.7320156,-2.3752456,14.258022,0.1704589,2.1906376,4.1333427,-2.9656816,12.288017,0.1900583
mp-1206532,Tl2NiF4,26.61664,23.12563,0.53688395,42.94452,0.07409712,3.4314272,4.862885,-3.1876273,12.602281,0.17027809
mp-1206528,Cs2MnF4,5.922132,6.047493,-1.4007058,14.462938,0.17287372,2.3990386,3.796411,-3.2476451,12.40003,0.17345229
mp-1213703,Cs3Ca2Cl7,7.9104624,5.7046633,-2.6532826,13.818322,0.16275044,2.585042,5.43332,-0.17446066,9.387837,0.2604485
mp-13660,Ca4Sb2O,25.949228,21.909079,-0.2788674,43.32011,0.06366075,9.138593,3.989551,-0.1362196,10.104756,0.25693792
mp-15157,Cs2CaF4,8.8355,5.8248706,-2.082986,13.695448,0.15760998,2.2680733,5.5924187,0.7256278,9.938938,0.24781245
mp-19167,Rb2NiO2,4.4316545,6.5750947,-2.528343,13.74804,0.17912081,2.8901412,4.2828083,-3.3639376,12.325823,0.18145607
mp-18924,Sr3(FeO3)2,16.552084,5.092368,-1.222104,14.861286,0.1770101,4.579631,4.3147697,-3.3386726,12.659327,0.17578256
mp-19252,K2NiO2,3.9846704,5.414132,-2.030437,13.833127,0.18625009,2.852645,5.0368447,-3.8823109,11.68465,0.16878723
mp-20098,Ba2PbO4,31.014645,21.53069,0.35876748,45.307735,0.072141245,5.1902437,4.502037,0.39625108,9.566008,0.25140464
mp-22937,Na4I2O,4.815956,6.29318,-1.7330123,14.632061,0.16023718,3.4566576,4.900385,-0.21865451,9.56004,0.2704402
mp-22935,CsBrF,8.07804,6.344441,-1.9616898,13.751664,0.17338978,2.8052604,4.3702273,0.2085119,9.631772,0.2393313
mp-22391,Sr3V2O7,47.88954,22.496954,0.8595778,44.182945,0.06665862,5.5477686,3.8319166,-2.5218422,12.339998,0.1812389
mp-23956,K2MgH4,4.965408,7.5006886,-2.1225588,14.38105,0.17624432,3.1537597,5.036519,-0.03723897,9.652791,0.24841276
mp-22978,Rb2MnCl4,8.182894,4.582279,-2.3684928,14.310239,0.16184093,2.8494446,5.0741196,-2.8330243,12.02582,0.17301758
mp-27207,K2MgCl4,8.133465,6.389054,-1.487453,14.200012,0.17445311,2.5153353,4.70882,-0.064830735,9.653872,0.24567477
mp-27263,Rb2MnBr4,10.154822,4.615637,-1.174232,14.604222,0.15764892,3.2249393,4.7151823,-3.0321622,12.612021,0.17343932
mp-24517,Rb2CaH4,7.1509867,5.1994724,-1.5957651,15.231947,0.16292828,2.956896,5.00793,-0.46668366,9.6014595,0.27744645
mp-23484,CsAuCl3,13.045068,6.428832,-2.0468078,13.945247,0.17643957,7.0552297,4.786269,-1.0253229,9.577092,0.23871453
mp-28453,CsAuI3,12.051797,6.518744,-2.2928874,13.862144,0.17184332,8.99738,4.5919,0.46364442,9.832762,0.2453183
mp-28627,K4Br2O,8.521475,4.5096064,-2.7388625,14.516916,0.16019113,2.698174,4.915041,-0.3532494,9.438063,0.28068978
mp-28599,Na4Br2O,6.8870835,5.7479944,-2.873007,14.04388,0.161195,2.9937246,4.518398,0.16514635,9.701559,0.27319852
mp-28796,Sr5(AuO4)2,10.73307,5.894519,-2.332624,14.511304,0.16166261,4.595961,5.218207,0.6262916,9.874188,0.26703554
mp-29873,Rb2CdCl4,14.288204,5.484397,-2.5107737,13.865011,0.17086804,2.7387764,5.171969,0.1574469,9.5558,0.2322041
mp-30004,Rb4Br2O,13.049809,6.433092,-1.6115841,13.60077,0.16959344,2.7769547,5.216955,-0.15673724,9.362826,0.23901902
mp-3125,K3Zn2F7,6.832114,6.612552,-2.780206,13.627953,0.15130195,2.2215514,4.4102983,-0.17259426,9.764003,0.28546602
mp-31212,K2MgF4,4.7845387,5.320398,-2.6114366,13.716076,0.16393633,1.9934925,4.908102,-0.30493143,9.537794,0.26554132
mp-3359,Ba2SnO4,15.436471,6.197714,-1.2908314,13.624983,0.18245865,4.349763,4.735554,0.028692257,9.535392,0.27223098
mp-3376,Sr2SnO4,29.26736,22.338526,1.3216583,43.076218,0.0660179,3.9561605,4.313078,-0.24392058,9.428438,0.25738865
mp-3813,Ba2ZrS4,55.080307,21.604044,0.1527397,43.912098,0.07400338,7.1669188,4.394806,-0.3763547,9.256625,0.2547709
mp-4255,Ba(CuS)2,18.724514,20.211052,1.2381516,45.358856,0.076527126,10.606124,4.4217815,0.23122318,9.659673,0.25889784
mp-4547,La2TeO2,15.58706,5.9405146,-1.605879,14.507588,0.18523307,6.495308,5.1352243,-0.2398209,10.227352,0.24132906
mp-4961,Na2HgO2,3.580076,6.2228103,-3.2176032,14.320704,0.17551534,3.618452,4.971039,-0.009719769,9.418126,0.2613951
mp-5072,Rb2HgO2,4.3904247,6.1604395,-2.0761564,14.070506,0.17855076,3.0172133,4.605711,-0.2709348,9.309553,0.24296424
mp-5127,LiCuO,2.6586416,6.232835,-1.7852321,13.871313,0.16508234,5.6278267,4.253912,0.12331947,9.364517,0.25376013
mp-5380,Ca4P2O,23.893257,24.274588,2.3478534,42.547157,0.0667981,7.365469,5.0730896,0.089904286,10.445716,0.2583223
mp-551873,Ca4Bi2O,40.673462,20.457531,0.8482301,43.966225,0.0662887,10.295535,5.136075,-0.3043095,9.697983,0.25568545
mp-554144,K3Mn2F7,8.3820505,6.581142,-2.1918366,14.260328,0.1576017,2.168493,4.7405586,-2.8082643,11.348154,0.17451568
mp-5532,Sr2TiO4,107.82448,76.21584,-4.8707404,165.45135,0.021971066,5.0302033,4.22504,0.3581415,9.79423,0.2642445
mp-552098,Bi2SeO2,343.19037,281.97156,-27.270124,671.13617,0.0046633272,12.753102,5.22392,-0.010157442,9.55861,0.24554907
mp-557610,K2MnF4,10.382654,6.9885798,-1.667055,13.613277,0.1755503,2.0861595,4.285408,-2.664254,11.583637,0.18526441
mp-561317,Rb2NiF4,4.128445,7.073346,-1.3202232,14.295889,0.15745258,2.2543352,4.877613,-3.295544,12.3453045,0.16934417
mp-556546,K2NiF4,4.858085,6.498228,-1.7498469,13.754013,0.1657251,2.1374288,4.476121,-3.3580475,11.354447,0.18519779
mp-561827,Cs3TlF6,7.919682,6.735488,-2.8976593,14.181421,0.15661299,2.2740052,4.5123625,-0.14579016,9.555695,0.2834284
mp-569548,CsAuBr3,11.719082,21.643759,0.93614155,44.90494,0.06619447,9.045231,5.048686,0.100188024,9.692848,0.27323276
mp-5860,K2HgO2,3.8327413,5.030972,-2.3432128,14.241876,0.17203687,3.045925,4.3547564,-0.5658793,9.253216,0.25326413
mp-643257,K2H4Pd,3.2798595,7.1622243,-1.818179,13.346312,0.16650993,2.8099358,4.32376,-0.62829864,9.410683,0.23881987
mp-643260,Na2H4Pd,3.906918,6.5735464,-1.7036846,13.747836,0.16534367,3.4736037,5.0957003,-0.03123913,9.897416,0.26506367
mp-697096,Na2H4Pt,3.87162,6.9162607,-1.964896,14.238453,0.17147952,3.4514573,4.6796665,0.1356382,9.051189,0.24514638
mp-7232,Cs2HgO2,6.4444947,6.0806427,-1.7570844,13.708988,0.15519482,3.1665356,4.9778376,0.16926743,9.598381,0.27385694
mp-697133,Cs2CaH4,5.706751,6.247175,-1.3167129,13.471172,0.1820051,3.1959894,4.4194565,0.019602126,9.3756695,0.25342897
mp-6983,NaAgO,2.2022958,6.4766636,-2.3273823,14.524034,0.18144089,4.46438,5.5088024,-0.18378532,9.617783,0.25416076
mp-753371,LiCuS,2.883036,5.1021066,-1.3550715,14.3337965,0.19739735,4.6211386,4.940578,0.24016136,9.619682,0.26039678
mp-7469,NaCuO,2.4314878,5.673085,-2.168929,14.373058,0.17859954,4.4806733,5.4712906,0.027831621,9.5044985,0.26488993
mp-7470,RbCuO,3.5707524,6.415641,-1.1758139,13.737159,0.1653968,3.690149,4.948,-0.22606114,9.709985,0.2622766
mp-754128,Ba3Hf2O7,27.244911,20.261356,2.2268996,45.656258,0.075130045,4.4546213,5.4212666,-0.24431065,9.266672,0.2311672
mp-754363,Ba2HfO4,49.0754,24.465218,1.1440818,44.638844,0.06594591,4.4080086,4.8568954,-0.35610136,9.764123,0.24331918
mp-755100,Cs2NiO2,6.691506,5.686843,-1.834355,13.759753,0.15971677,3.0692036,4.0368557,-2.7397497,12.524471,0.18514621
mp-755895,Ba3Zr2O7,42.419563,20.903461,-0.20192912,43.4717,0.073083386,4.670513,5.241933,-0.26753706,10.14201,0.24995148
mp-755293,Sr4Sb2O,10.594754,6.6586704,-2.2314932,14.462363,0.17559415,8.539649,5.071553,0.20171924,9.495227,0.22818738
mp-755756,Y2TeO2,19.520775,22.183819,-1.3843818,44.2947,0.07452447,7.0592012,4.7257166,-0.031988304,9.579939,0.26279306
mp-755959,NaLiO,2.7159956,6.482333,-1.6947954,14.629137,0.14855161,2.9793153,5.1229496,-0.22106548,9.461812,0.27089486
mp-7618,Cs3YF6,112.312805,84.24939,12.058081,159.54399,0.020722276,2.1070216,10.018747,-30.768843,50.287292,0.041149758
mp-768368,K4I2O,4.702582,5.846573,-1.2714317,13.703602,0.17731528,2.9568381,4.6594734,0.17708707,9.72667,0.23977788
mp-760417,Rb4I2O,5.7589426,7.125967,-2.930299,13.8239565,0.1563924,2.9376383,5.0886126,0.22207782,9.497866,0.24741986
mp-772290,LiAgO,2.809175,6.7902293,-2.4807963,14.45146,0.16739316,5.387264,5.0301847,0.2458846,9.503678,0.24535269
mp-7617,Rb3YF6,11.352121,5.9384193,-1.1023047,14.661292,0.16900496,1.9289212,4.7133245,-0.022873007,9.726528,0.26554698
mp-768305,Sr2HfO4,155.2658,80.710846,-7.3597746,156.29166,0.022827672,3.9294991,5.0804405,0.3657642,9.424519,0.2500036
mp-8335,Ba2ZrO4,39.0433,21.553238,0.17583416,43.332146,0.06733208,4.532348,5.277939,-0.32964167,9.626461,0.26252255
mp-8298,Sr4P2O,47.48842,24.923763,-0.16386783,42.748573,0.07321784,7.287888,4.0636787,-0.3145711,9.417703,0.27064487
mp-7911,KCuO,2.964238,5.5733566,-1.1872352,13.216285,0.17936306,3.780567,4.084442,-0.46228135,9.462302,0.24617071
mp-8299,Sr4As2O,87.290245,76.11089,0.31728896,157.91629,0.020224588,7.929663,4.989674,-0.06955636,9.500141,0.2514628
mp-8300,Ba4As2O,91.55324,80.88487,3.631385,151.47632,0.024159553,9.35529,4.3128014,-0.20808278,9.31977,0.24753995
mp-8666,CsAgO,4.2096124,6.687251,-1.8711472,13.632971,0.17945686,3.7240524,4.2142706,0.3105761,10.278221,0.27055246
mp-8603,RbAgO,3.0788455,6.748213,-2.3145888,13.910005,0.1729766,3.627444,5.2337112,-0.052244157,9.45781,0.27947867
mp-8789,Ca4As2O,20.847326,22.05233,3.0635178,44.058456,0.07055497,7.9146466,5.0717134,0.07800094,9.750418,0.25129434
mp-8963,Cs2HgF4,10.083675,5.3823886,-1.5286465,14.587567,0.14684017,2.6621869,5.0609474,0.2310333,9.378515,0.26710886
mp-9321,Ba2HfS4,32.330357,22.93519,3.1863582,43.70305,0.078464895,6.743406,4.9806585,-0.26451424,10.056022,0.26031744
mp-8962,Rb2HgF4,58.32417,69.523705,1.7032299,160.61017,0.021609657,2.4945898,4.486581,0.07164534,9.528006,0.28075105
mp-9307,Ba2ZnN2,25.784618,23.328682,0.48382905,45.5761,0.073105894,7.3851614,4.84105,0.25470135,9.529225,0.2400578
mp-9306,Sr2ZnN2,11.554932,5.3390336,-1.4265895,14.42389,0.17929913,6.281644,5.0533695,0.12447194,9.84377,0.30589247
mp-8818,Ca2ZnN2,9.64717,6.0074,-2.90049,14.8587265,0.16558935,6.340129,4.7867866,0.60610175,9.291005,0.25085577
mp-8861,Rb2MgF4,4.3563476,6.421461,-2.1901631,14.15356,0.16603805,2.1053524,4.841607,-0.14547685,9.414041,0.26565576
mp-9583,K2ZnF4,6.9101763,5.801427,-1.8386389,13.217003,0.17723867,2.1462748,4.731596,-0.41418916,9.438242,0.2541233
mp-9610,Li2CN2,2.6990871,5.515633,-1.5683329,14.658552,0.17353706,2.7012315,4.5777636,-0.1180467,9.424868,0.2449684
mp-9986,CsAuO,4.522222,6.5220857,-1.658612,14.953054,0.16943555,3.7946584,4.744073,-0.2143867,9.233393,0.26295477
mp-1019576,Ca4SiN4,10.905762,5.978488,-1.5574195,14.29856,0.14901875,5.8035975,4.817636,0.02962541,9.754238,0.24685392
mp-1029756,K3BN2,8.157123,5.70745,-2.3779771,14.010824,0.14799614,3.1921356,4.682275,-0.07028599,9.60957,0.25050482
mp-1029625,LiTaN2,169.99367,68.68081,3.3645985,152.83972,0.021610355,10.940733,21.275019,2.3804638,40.27985,0.0855826
mp-1029595,Na3OsN2,6.8063183,5.792138,-1.9490631,13.259215,0.15763499,4.9544115,4.669188,-0.1645186,9.636197,0.23620066
mp-1024052,Na2ZnSe2,7.074702,5.4918585,-1.8874773,13.639781,0.16302976,5.2011614,4.4095592,-0.23314196,9.293994,0.25491124
mp-1029776,Li2GeN2,22.684036,22.62764,0.78989637,43.204952,0.06817124,4.894455,4.7382164,-0.60927546,9.504715,0.25143728
mp-1024067,Na2ZnS2,6.574876,5.685017,-2.1664047,14.005262,0.16553527,4.419911,4.5012007,-0.3706264,9.622219,0.26649773
mp-1029779,ZnGeN2,4.6161165,5.9732265,-2.3361342,13.512862,0.15874895,5.9172645,5.0259933,0.31884968,9.3937645,0.2629676
mp-1047628,Mg(SnO2)2,12.932642,5.3705015,-2.3621056,13.896452,0.18324561,5.781,5.1218224,-0.16083953,9.920371,0.23078018
mp-1095634,TeAsRu,9.217739,22.206268,1.251736,43.62869,0.07475671,20.551167,21.208294,3.1496096,39.288464,0.08415023
mp-11007,CaPSe3,5.975834,5.337859,-1.9305232,14.199272,0.15907624,6.9589567,4.6824465,0.20719591,10.1602955,0.25769004
mp-11006,BaPS3,4.611048,5.6187367,-1.4936125,14.318437,0.1480127,4.6429086,4.6985717,0.4095408,9.478535,0.27756497
mp-11008,BaPSe3,4.53423,5.60046,-1.8763336,14.366637,0.17386337,5.9533567,4.2122645,0.13010004,9.133981,0.25268847
mp-1101971,FePS,10.724378,6.087443,-1.8123093,13.688985,0.1564722,22.154282,18.057882,2.9760025,42.12381,0.07392918
mp-1102857,SbTeRu,11.793807,23.2709,2.3882616,43.316174,0.077704705,22.77251,21.188723,1.90754,40.45935,0.07228874
mp-1101894,FeAsSe,13.999306,22.45237,0.86441773,44.604004,0.07783571,27.313015,21.722145,2.0699048,39.117844,0.07714513
mp-1103213,SbTeOs,10.29595,6.3072543,-2.1500957,15.05361,0.17452437,19.647299,21.240425,3.569867,37.63213,0.073565215
mp-1102534,POsS,6.5740056,6.1584487,-2.1155934,14.677566,0.16884595,16.702103,22.970648,2.0875885,38.29623,0.07938578
mp-1104717,Na2AgF4,3.46685,7.0587435,-2.546819,13.7978945,0.17033772,2.5278895,3.4684222,-2.9302065,12.30695,0.18185492
mp-1105728,Ba(GaP)2,10.199737,6.9947658,-2.3754432,14.370358,0.16036998,11.940441,4.5544953,-0.039414108,9.796674,0.21731874
mp-1104293,K2AgF4,3.7255843,6.2633166,-1.4725343,14.231004,0.18783799,2.4292336,5.8478956,-2.848221,12.0424595,0.16863996
mp-11790,LaCuSe2,11.098377,6.1305857,-2.1031165,14.501933,0.17909735,10.592529,4.6266985,-0.4838591,9.121772,0.2365102
mp-1183302,Ba(GaAs)2,10.367221,6.249427,-2.2811549,13.64023,0.18045492,13.58882,5.743278,-0.12369234,9.811713,0.26538208
mp-1190141,Na2TeS3,3.8866804,5.450521,-1.8187947,14.401411,0.15208624,5.030752,5.3112793,-0.018063225,9.542564,0.2640664
mp-1190360,CaSeO4,7.646841,6.4262276,-2.0550017,13.995352,0.17813209,3.15655,4.8379445,0.02256329,9.785612,0.25023144
mp-1207386,ZrNF,17.88153,21.848673,1.171876,44.517265,0.08243004,6.2165985,4.155814,0.35115254,9.508134,0.2712691
mp-1209499,Rb2Cd2O3,10.309763,22.456034,3.4651551,42.663902,0.061225582,5.1729574,4.231908,-0.19129694,9.2868,0.25568387
mp-1211440,K2PbCl6,3.4253821,7.278157,-2.284707,13.575606,0.1831868,2.8705986,4.831439,-0.30197063,9.43553,0.23561706
mp-1214793,AsOsS,7.5565233,6.325967,-1.8091779,13.731228,0.17425707,17.652758,20.28574,3.7986875,40.64196,0.07828615
mp-1214794,AsRuSe,9.706666,23.791344,1.799614,44.85112,0.07053148,21.99095,20.803398,1.4050565,38.165794,0.08363159
mp-1214786,AsRuS,8.363414,21.986929,2.5775142,42.6367,0.06456947,20.06944,22.212595,4.327956,38.767735,0.08805187
mp-12181,BaSnS2,9.365176,5.6822977,-1.512518,14.267723,0.15501843,6.8262625,4.3444366,0.100726746,9.418816,0.25162107
mp-1220014,NiTeO4,8.021899,7.1608815,-1.746097,13.894354,0.16536708,5.021725,4.6499305,-0.29570624,8.994604,0.25133777
mp-1226075,CoTeO4,8.519423,5.9223094,-1.314718,14.939571,0.16223967,5.9559746,5.130019,-0.20786929,9.566628,0.2699152
mp-13230,K3YF6,10.229814,4.8097677,-1.2486138,13.959722,0.18085273,1.9742079,4.904463,0.32344553,9.789796,0.26970276
mp-14243,Cd3TeO6,23.30979,24.045328,1.9281873,43.966293,0.07600991,5.271907,5.2562933,-0.033306908,9.389815,0.25959504
mp-14396,Mg3(PO4)2,3.1331062,5.841937,-2.2920778,13.741492,0.17596227,2.459554,4.909189,-0.29894102,9.645682,0.2661989
mp-17512,Zn(AuF4)2,2.325572,6.6127853,-1.7427533,15.411784,0.17558277,2.922343,4.681981,0.017263502,10.164907,0.24849868
mp-18317,Na5SnP3,9.333433,5.5800157,-1.9194646,14.196811,0.17972463,8.14494,4.7232637,0.02951039,9.864093,0.2545888
mp-20199,PPbS3,57.94723,83.61094,-4.771485,154.8952,0.02073283,7.5787406,5.1760435,-0.28353342,9.202019,0.24985565
mp-20316,PPbSe3,50.8874,79.445984,4.126183,155.8696,0.02052585,10.183402,4.905963,-0.16093901,10.114258,0.27565607
mp-23398,BClF6,2.2308762,6.160697,-1.8429004,14.4396925,0.17378311,2.0691721,4.7117605,-0.4145942,9.197993,0.26831287
mp-22963,K2TeBr6,4.3636928,6.513695,-2.0525215,14.619864,0.1805999,3.54056,4.6340857,-0.14489594,9.569022,0.2622271
mp-23705,Na3AlH6,7.295788,5.6212587,-1.833464,14.51125,0.17018205,3.3242595,4.1118517,0.14808883,9.919198,0.25792536
mp-24381,H5ClO2,4.970212,5.500905,-3.0178103,13.579177,0.16661426,2.406318,4.9800863,-0.017505096,9.284256,0.27085665
mp-23902,PH3O4,2.5373855,5.7925587,-2.1411061,14.358942,0.16630247,2.2177749,4.822056,0.098715246,9.329843,0.27765423
mp-24034,K3AlH6,6.303503,6.3596783,-2.6701014,13.860382,0.17098792,3.0214908,4.642069,-0.16578762,9.736479,0.26539725
mp-23798,H4OF2,3.2153587,5.6778374,-1.5334324,14.009038,0.1573003,1.8550061,4.7423515,0.024047265,9.561451,0.24469264
mp-24172,H2SO4,1.6706419,6.103137,-1.7763216,13.540807,0.16642353,2.1896975,5.190833,0.23328489,9.543113,0.25839722
mp-27275,Li3BO3,4.2684755,6.764599,-1.8086138,13.738878,0.16662969,2.6304345,5.2800884,0.088510804,9.411457,0.26723427
mp-27452,Al2PdCl8,0.8733946,7.1164765,-2.271129,13.972316,0.17704317,2.634918,5.470887,-0.34303242,9.525695,0.23786753
mp-27694,H3ClO5,2.8074806,6.021446,-1.2555255,13.994442,0.174241,2.16782,4.475707,0.23317158,9.483693,0.27747154
mp-27688,K2TeI6,4.4031067,7.7907324,-1.6932675,14.465505,0.16103414,4.7079062,4.6663227,-0.04426743,9.703969,0.26183084
mp-27741,TeAuI,4.886273,6.0681334,-2.159141,13.828306,0.15824543,10.372813,4.4347353,-0.14610112,9.291787,0.26396707
mp-28014,H5BrO2,5.186488,4.730398,-1.9075077,13.792149,0.1775275,2.578583,4.445695,-0.10659814,9.649127,0.26702055
mp-27915,K2BeO2,6.2581606,4.687767,-2.2580628,13.942112,0.16240296,2.6798947,4.603588,0.077650376,9.736267,0.22944258
mp-27911,BiAsO4,33.206787,22.389122,-1.0417517,44.11657,0.07309568,4.991489,4.639678,-0.62547576,9.801407,0.25544932
mp-27904,FeSbS,14.202322,24.477713,1.9002832,41.97865,0.07934183,27.68042,18.737438,3.0688784,39.58316,0.09055168
mp-28109,SbAsO3,4.2619586,5.428918,-1.8742335,13.982862,0.17358126,4.12268,5.086072,-0.2823315,9.366229,0.260591
mp-28289,SiH3F,0.63201314,6.4970794,-1.7945787,14.357247,0.17406972,1.9883584,5.397056,-0.20028397,10.261643,0.24296781
mp-28326,LiGaBr4,5.2338867,6.1766806,-1.9883932,14.291352,0.17543562,3.0270164,4.398573,-0.025295338,9.306245,0.232443
mp-28263,KH3O2,4.8406467,6.6230373,-1.3004949,15.472073,0.15660201,2.2960298,4.883086,-0.12678191,9.704068,0.25886425
mp-28373,BaP3Pt2,14.514989,6.376154,-2.5976973,13.432693,0.16390592,19.634094,22.115025,3.1960475,41.21033,0.08001952
mp-28538,SiH3I,0.95356476,7.166957,-2.7406528,14.193844,0.15820758,2.7416985,4.708535,0.102990225,9.609059,0.2848353
mp-28630,Na3BN2,7.3107553,6.4249563,-1.9472272,14.655096,0.16035874,3.29574,4.5172567,-0.13209552,9.1049,0.28397912
mp-28406,SCl2O,0.68865967,7.1927147,-2.6173394,14.650482,0.17710416,2.362102,4.416339,-0.13124114,9.783493,0.2671983
mp-28670,Ba2Bi2O5,23.405725,21.561749,1.1114997,44.492687,0.08112268,5.057745,4.1532316,-0.2366972,9.179689,0.24745922
mp-29073,Nb2GeTe4,1.3417063,5.3098087,-2.7178118,14.244895,0.16192266,16.670424,22.382088,2.592806,41.52629,0.081423685
mp-29095,H4SO5,2.7168083,6.201933,-2.1926916,13.68094,0.17036381,2.2082348,4.978031,0.24010499,9.419599,0.2262858
mp-29072,Nb2SiTe4,1.4594643,6.617438,-1.2851821,14.291475,0.1632278,15.73003,19.707539,3.2395382,40.507442,0.08215175
mp-29164,SrBiO3,24.196281,20.679077,-0.3521164,42.59272,0.06950424,9.384627,4.3945947,-0.49383685,9.552914,0.27015087
mp-29139,NaAuSe2,4.1614957,5.8501654,-3.0271575,14.935023,0.15478906,9.247703,5.0121574,-0.05071586,9.784537,0.24785656
mp-29236,InTeBr,4.597895,6.5143595,-2.4062927,14.212554,0.14611095,5.3173547,4.7039175,0.35929203,9.27388,0.26325253
mp-29234,InTeI,4.4428196,6.6407394,-1.8708171,14.313655,0.17217276,5.74143,4.998605,-0.008310469,9.254244,0.24569406
mp-29260,Ti(SeO3)2,34.131905,21.4205,0.1264482,43.9126,0.0779434,4.7765408,4.335746,0.6603286,10.215106,0.2682784
mp-29520,LiAuI4,5.2901893,5.0572147,-2.426712,13.801858,0.16935395,7.192373,4.86838,-0.2717399,9.822871,0.24537352
mp-29514,PHF4,0.79187626,4.964632,-1.9724238,13.457393,0.17746066,1.7932258,4.9847317,0.025769794,9.701468,0.26078674
mp-29488,Na2ZnO2,6.7294025,6.06605,-1.1251044,14.335688,0.17233087,3.7006917,4.212269,-0.2672652,8.930878,0.2570906
mp-29297,Cd3(ClO)2,10.102264,6.5860744,-3.1377294,13.574535,0.17534155,4.5772066,4.839653,0.11120605,9.860761,0.25073826
mp-29463,LiBeN,5.0075226,7.173067,-2.3928492,14.532433,0.16293241,4.4754558,5.0159473,0.49104616,9.504371,0.22012535
mp-29596,Ca3AlN3,13.762515,6.0854416,-2.2633557,14.8651285,0.1899173,5.8168187,4.8108,-0.21510273,9.751796,0.2465401
mp-29808,Ca4GeN4,10.883949,5.2415066,-1.6962677,14.036176,0.17427936,6.088313,4.544153,0.041476343,9.699892,0.2650137
mp-29863,AsCl3O,0.66239357,6.544979,-1.9715889,15.001644,0.16939448,2.4683862,5.0995493,0.1896126,9.686122,0.2641209
mp-29892,LiSb3O8,7.929106,5.114289,-1.9882667,14.336657,0.17991869,4.471757,4.7650604,-0.12992842,9.845648,0.24788176
mp-30216,K2ReI6,3.9836164,5.7320247,-1.724437,13.721666,0.17979826,4.5974536,4.09599,-2.46623,12.428356,0.20414156
mp-30996,RbAuBr4,3.9402626,5.4077864,-2.2127638,13.588173,0.16838692,3.866579,4.17482,-0.060014367,9.221115,0.2651097
mp-31077,Tl2TeI6,13.645197,5.0478573,-2.4483433,14.302249,0.1660667,6.2712393,5.036895,0.26158935,9.362916,0.2282531
mp-31036,CuTe2Br,4.9111886,5.9104147,-1.7806313,14.661183,0.16912016,8.777482,5.039403,0.0051641515,9.6642475,0.26448917
mp-31250,BiBO3,13.735382,5.6512384,-1.489282,14.001592,0.17766316,4.518825,5.022766,-0.3016764,9.33399,0.23327754
mp-31045,KAuI3,7.789628,6.1163993,-2.0902452,14.3453245,0.1636227,6.5863657,5.2279387,-0.114103265,9.873791,0.25896713
mp-31302,KCO3,3.6569233,5.65991,-2.059667,13.569357,0.19109525,2.2133029,4.6873693,-0.26493078,9.499978,0.27002624
mp-3237,Na2CuF4,4.2574425,5.6864605,-1.7986773,13.710127,0.15024157,2.3223186,4.1111674,-2.8561172,11.51018,0.18991564
mp-3416,Na3AlF6,5.1580353,6.7120094,-2.5161886,13.605185,0.16732469,1.8796834,4.6698017,-0.063070275,9.267439,0.25202426
mp-3635,LiBO2,2.6702197,5.755562,-2.3327863,13.31156,0.1629179,2.5225625,4.233335,0.15946619,8.95887,0.24765007
mp-3622,Na2PdF4,3.4313633,6.6831255,-2.1694045,14.309185,0.15047427,2.4271157,4.5801735,-0.1263248,9.596866,0.24967551
mp-3855,Na2BeF4,3.3107896,7.12793,-2.3131416,13.765901,0.1750977,1.7804213,4.972637,0.18886836,9.759811,0.24771693
mp-4165,TaNO,18.529465,26.012749,1.1279223,44.014385,0.06536187,8.822073,21.875252,2.477206,40.74692,0.0847993
mp-4249,Hg(CO2)2,6.5049706,5.882798,-1.1472692,14.159062,0.17063716,3.890097,5.1366234,-0.37639984,10.278646,0.25354132
mp-4549,SrSiN2,12.375926,5.7233295,-2.521423,14.176556,0.17179614,4.7684655,4.7499976,0.3266363,9.475928,0.2479817
mp-4185,Na3ScF6,74.98035,72.66867,0.726417,152.04547,0.021571094,2.0357492,5.201592,-0.087649986,9.916442,0.22574666
mp-4661,ScOF,10.1703415,6.905969,-2.138138,14.275992,0.16883454,3.7519445,5.2700605,0.1515256,10.012537,0.24689522
mp-5001,Li3BN2,6.433239,6.6582575,-2.214334,14.081141,0.1635751,3.7722402,4.569662,-0.4521337,9.5645075,0.27544108
mp-5045,SnGeS3,8.360267,6.5136094,-2.1253188,13.978723,0.18128625,6.1445847,4.917452,0.2719153,9.785202,0.23346645
mp-5279,Ca3TeO6,12.346677,6.067056,-1.919439,14.013517,0.16897967,3.6768272,4.2512407,-0.30566996,9.642224,0.22819091
mp-23807,AlHO2,6.970157,5.7476354,-1.8352491,14.128806,0.15316534,3.188282,5.4583454,0.25329095,9.642407,0.2546441
mp-19219,Li3VO4,3.5052638,6.952884,-2.0921154,13.303342,0.17628099,3.174582,4.9608502,0.07146627,9.252909,0.2399483
mp-24040,CrHO2,5.3826923,5.7973146,-2.6455934,14.001311,0.17369263,5.1042833,4.098418,-2.7465503,12.377759,0.177404
mp-30908,Ag3PSe4,3.0172198,6.4713902,-1.8957541,14.574287,0.1746363,9.438352,5.43569,-0.021126932,9.134415,0.24614689
mp-23803,GaHO2,9.591434,7.0450697,-2.3748782,14.686208,0.16741258,3.9631798,5.0262337,-0.39038724,9.437664,0.2508613
mp-28262,Na5MnO4,7.3402486,5.7164693,-0.8159769,13.447811,0.16432272,3.4269977,4.8371353,-0.6636626,9.74225,0.25475782
mp-28295,CsIO3,4.240813,6.701354,-1.9733549,14.589878,0.16550621,3.2062304,4.5645905,0.06563151,9.364458,0.26143894
mp-3228,HgSO4,11.4164715,5.4876328,-2.2655559,14.036659,0.16764668,3.9145904,5.5122604,0.1863118,9.484238,0.256208
mp-4906,Te2SO7,13.893558,5.4683313,-2.2233043,14.264166,0.18085006,3.9434617,4.9761086,0.4074156,9.932426,0.24789347
mp-504535,InHO2,7.466211,5.956466,-1.0854009,13.691841,0.16494006,4.276079,5.0976276,0.031652596,9.639032,0.2566198
mp-3934,Cu3PS4,1.5301795,6.759251,-1.7846447,14.385124,0.18378656,9.593536,4.590335,-0.069157116,9.404786,0.23258165
mp-35082,BH6N,5.326025,5.648595,-2.410417,14.392607,0.17692381,2.2643032,4.8195314,-0.04218626,9.440847,0.2875612
mp-4309,BaGa4S7,9.161074,5.9292054,-2.281902,14.031394,0.1540014,5.6552453,4.7444696,-0.059980012,9.031557,0.22935386
mp-5546,Cu8GeS6,7.0366225,5.2204084,-2.7891097,13.665493,0.17924163,11.384431,5.145945,-0.1469027,9.852137,0.24758537
mp-510347,In5S5Br,20.346033,21.39053,2.2889454,44.311024,0.075728394,8.320202,4.9449873,0.07961154,9.864236,0.24623954
mp-557480,Te2SO7,21.71784,22.807457,0.8440529,42.72846,0.07518482,4.2103066,4.8050213,-0.28875616,9.18466,0.2473738
mp-5679,CdSO4,5.7675543,5.251034,-1.8182751,14.285156,0.15613163,3.0697002,5.1058354,-0.05386183,9.549553,0.24886683
mp-555256,Li4CO4,36.234802,26.026052,1.1501238,44.24453,0.07603246,2.808307,5.0790143,-0.4876639,9.514103,0.29080147
mp-510346,In5Se5Br,22.690966,25.100851,-0.21700272,43.40391,0.068366006,10.540488,4.923647,0.31494164,9.736047,0.24822283
mp-510670,FeHO2,10.32484,6.121705,-1.6008642,14.063985,0.1820108,5.1837945,4.4723916,-2.604566,12.033478,0.1793561
mp-5540,SrB4O7,6.8713512,6.0368347,-2.064168,13.737244,0.18394746,3.159452,5.0444865,0.31771776,9.360609,0.24807845
mp-626068,MnHO2,6.7298594,6.821847,-2.5030313,13.484587,0.16565731,6.4210653,4.014604,-3.24134,11.515812,0.18738079
mp-640889,Tm(CuTe)3,4.467849,5.5985403,-2.1971033,14.460701,0.14884275,12.909478,21.72808,2.8719687,39.235554,0.07801578
mp-640885,Er(CuTe)3,4.696013,6.0802245,-1.2979803,13.981431,0.16354804,12.9576025,23.752281,2.0483146,39.901527,0.08938269
mp-752895,Li3CuF4,4.4293838,5.5937653,-2.0528815,13.996384,0.16269888,2.3298197,4.377367,0.1763604,9.574331,0.26979852
mp-753277,LiAgF2,6.8478956,6.5229855,-1.7470713,13.83491,0.16530521,2.932256,4.379694,0.38689983,9.363995,0.26975212
mp-756044,Na3AsO4,2.5099127,6.0846405,-2.521021,14.53154,0.17177269,2.4450643,4.621375,-0.3685541,9.173267,0.23854247
mp-754202,CsClO3,4.421684,5.904001,-2.6047244,13.887968,0.15365763,2.406164,4.327735,-0.07301474,9.456271,0.24217828
mp-755436,Na3VO4,2.6860805,5.5042214,-1.8008438,14.064076,0.17539065,2.6451778,4.8456593,0.00037541543,9.415496,0.2723139
mp-754117,YHO2,9.724328,5.844083,-1.5330213,14.700596,0.15738155,3.6546214,4.1808066,-0.31177482,9.321189,0.23764163
mp-756316,Li3SbS4,2.4098916,5.6968403,-2.2805495,14.499385,0.17454962,4.3914595,4.9414186,0.40734518,9.337693,0.2553624
mp-755543,HoHO2,9.878605,5.9354033,-2.067327,14.463541,0.18161839,3.6286528,4.7758904,-0.010035531,9.822919,0.26156402
mp-758560,FeOF,10.2174225,6.533634,-2.533661,14.218895,0.15915123,4.4508557,3.1421895,-2.9627967,12.7767105,0.17664738
mp-756967,Li2CrO4,2.5386038,4.6610813,-1.519399,13.268046,0.17481402,2.9224524,5.632602,-0.20422506,9.644832,0.25448087
mp-769365,ZnSeO4,7.5119424,5.5176363,-2.3994691,14.362471,0.16610014,3.764365,4.6766663,-0.3164399,9.72601,0.26248568
mp-770632,Li3CrO4,4.183063,5.790791,-2.2045045,14.887506,0.1797178,3.4178529,4.366297,-3.3448331,12.200765,0.17113075
mp-8258,BaAl4S7,9.409771,5.4333577,-2.716333,13.934893,0.16596746,4.882247,5.1877213,-0.14117154,9.550809,0.2511184
mp-861189,LiCuS,17.150625,26.343744,1.6570971,44.80469,0.064159505,7.172434,4.2825327,-0.29495463,9.539453,0.2333684
mp-772052,CdSeO4,6.501048,5.3274975,-2.5447762,14.088646,0.15291153,3.628829,4.2951517,0.082745135,9.940613,0.2500803
mp-777422,DyHO2,10.142711,6.5180826,-1.3848232,14.211415,0.19058721,3.6493511,5.2430754,-0.0061405054,10.020461,0.23845223
mp-9538,Ag3AsS4,3.0503907,5.015496,-1.6173878,14.153688,0.16081879,8.612695,4.9441814,-0.2058394,9.546992,0.26788124
mp-9710,Sr2Si5N8,9.262854,5.7527156,-1.8012125,14.228255,0.15745327,4.5792093,4.6304116,0.1888415,9.658865,0.25113675
mp-9747,B4PbO7,13.373591,5.201483,-2.7721531,13.687442,0.1747924,3.8762188,4.992897,-0.09333774,9.472194,0.2513275
mp-988996,FeSbAs,19.480057,20.805183,0.91061336,43.979595,0.074650705,37.41454,23.033434,3.9592335,39.712685,0.093114
mp-9711,Ba2Si5N8,7.0306416,5.1841474,-2.2451465,15.089537,0.17778811,4.966491,5.457945,0.09298745,9.594496,0.26019904
mp-9197,Li3AsO4,2.9708722,6.4741564,-2.407226,14.417506,0.18698576,2.7828965,4.9107018,-0.20064005,10.103592,0.25126958
mp-996956,CuHO2,6.541207,5.586792,-2.5000684,13.834617,0.16676363,9.862799,4.9336796,-0.39932576,8.897691,0.28035834
mp-974650,Re2S2O13,7.0537567,5.4120493,-0.9056592,14.774135,0.15586476,3.3954954,4.915569,0.3187561,9.876963,0.24985607
mp-1106183,LiAlS2,2.6149259,6.876415,-2.2729938,14.082039,0.16292775,4.247623,5.1680756,-0.17018889,9.639222,0.24394992
mp-1016108,TiZnN2,7.932777,6.1741133,-2.6773572,14.04225,0.16344696,7.9232345,4.8126307,-0.14342798,9.773072,0.25343865
mp-1029469,ZnSnN2,6.416743,79.93853,1.2449404,155.86888,0.019481573,158.864,120.69871,-6.302051,286.13727,0.010240499
mp-1029584,KSi5N7,4.533822,7.256447,-1.4926081,13.879893,0.1582645,4.1010594,4.9748535,0.22003984,9.464302,0.2358017
mp-1029791,MgSnN2,4.169362,5.286148,-2.167177,14.022627,0.16720349,6.3374257,5.389655,-0.0762276,9.24048,0.2461353
mp-1029633,CaSnN2,5.2708178,7.0334435,-2.1992388,14.667076,0.15894811,6.009808,4.7503633,0.31441548,9.478322,0.24414524
mp-1029932,LiVN2,12.774058,6.439186,-1.638808,14.69358,0.15235561,9.717113,5.205455,0.2223275,9.320933,0.24819776
mp-1020712,ZnSiN2,4.8548365,5.5487437,-2.259924,14.306265,0.18340161,5.1370416,4.6510563,-0.22916055,9.447351,0.25786
mp-1019550,BeGeN2,4.4392943,6.012066,-1.4538257,14.08872,0.18347786,5.293994,5.0005145,0.3236592,9.441729,0.26614624
mp-11582,LiGaSe2,2.8909276,4.8055573,-2.2521846,14.135433,0.16236591,5.770302,3.9374084,0.28833658,9.627901,0.26877064
mp-1189171,Zn2NCl,21.383837,24.02599,1.2483115,42.999893,0.065917484,4.469402,4.7799625,-0.20568834,9.728629,0.26414096
mp-1189451,BeCN2,2.344257,6.217679,-2.1832166,14.217994,0.17328423,4.749278,22.360334,4.7758527,37.76992,0.07537959
mp-1245535,CdGeN2,5.679696,6.071205,-1.4496869,13.399307,0.16955344,6.88203,4.558286,-0.38913804,9.05175,0.25176382
mp-15335,Lu2Cu2O5,8.312625,5.8242216,-2.1235957,14.428003,0.18439047,5.5618153,4.608343,-2.8834617,11.885075,0.17461228
mp-17885,Ba2Ge2Te5,5.766798,5.7345724,-2.3330553,14.27961,0.15109976,11.220919,4.8842096,-0.06682372,9.448771,0.27260083
mp-20310,LiInSe2,3.056889,6.3528275,-2.4598408,15.486235,0.18402693,5.761189,4.3501043,-0.24871983,9.751951,0.2552566
mp-20692,MnGeN2,5.363103,5.6386013,-1.3006458,14.1657295,0.18078345,7.355442,3.737968,-3.2200491,11.63306,0.19153307
mp-15336,Sc2Cu2O5,11.511179,6.3008347,-1.5388682,14.400878,0.15718511,6.479137,4.8247375,-2.5766554,12.024964,0.17929308
mp-21459,InAgS2,3.434412,6.6896944,-1.3564641,14.281318,0.18082504,7.1907086,4.9148417,0.014009638,9.890053,0.27102023
mp-27277,PCl3O,1.0403326,6.197721,-1.8551426,13.804714,0.15561303,2.2502017,4.9051614,-0.32918793,9.917829,0.2265005
mp-28471,Li3AsS3,6.004499,6.398418,-1.7508779,13.590717,0.17070489,4.923487,4.7617645,-0.12017049,9.284084,0.26963368
mp-22994,LiIO3,3.917672,6.9144363,-2.1456442,15.41232,0.1738089,3.2617903,5.7721605,-0.08006617,9.151899,0.25882626
mp-28558,RbGeBr3,6.4710803,5.8335347,-1.5613934,13.431333,0.17416751,3.977921,4.3665624,-0.13668406,9.261766,0.2690988
mp-2979,ZnGeN2,4.93248,5.5405245,-2.6085758,14.19048,0.16745193,6.0184264,5.0184126,0.046655685,9.892536,0.26627648
mp-33508,TaGaO4,23.822062,24.827477,4.5980577,46.026817,0.06579858,5.195027,4.5202737,-0.33219758,9.526255,0.2707027
mp-3338,NaGaO2,3.6130335,6.7837105,-2.1436,13.653613,0.17135155,3.1014242,4.8036146,0.14499368,9.20057,0.23938514
mp-3647,LiGaS2,2.9743252,6.000389,-1.2600266,14.529993,0.15508376,4.845899,5.387231,-0.29766452,9.908393,0.25066295
mp-5029,Ho2Cu2O5,9.08245,6.0626297,-2.3121548,14.323328,0.16289571,5.5361423,5.461548,-2.9613056,11.64233,0.18080941
mp-3491,NbSbO4,68.73824,81.23385,3.7875085,161.24417,0.024033934,6.1380672,5.0336294,0.06325607,9.750194,0.27913138
mp-3677,MgSiN2,4.390542,5.856906,-1.554956,14.103959,0.16683549,4.3667636,4.473715,0.14134946,9.650004,0.24128798
mp-3606,MnSiN2,5.398179,6.6366253,-2.321309,14.338614,0.1723358,5.8344536,4.789006,-3.3769405,11.949453,0.18855193
mp-554383,Na2Si2O5,3.2265232,7.047679,-1.5606045,14.006591,0.18817021,2.387586,4.6754375,0.12809183,9.4961815,0.2557077
mp-540118,MnPO4,4.2912607,7.079509,-2.1222618,13.90859,0.15703477,4.1946454,3.5204568,-3.2828984,11.571688,0.17792824
mp-530262,Li15Cr2N9,6.11799,6.2810874,-1.5664499,14.861509,0.17067274,5.768927,4.7301345,0.025347928,9.470254,0.25931096
mp-540111,FePO4,2.6411612,7.154636,-2.215009,13.805889,0.16880937,2.9335246,4.0066886,-3.8381934,11.990808,0.17073075
mp-556020,Li3AlF6,5.873779,5.475606,-1.8321624,14.733033,0.16640216,1.9642934,4.3635273,0.12754767,9.471551,0.25774333
mp-555514,OsOF5,0.82124525,6.0265417,-2.8137567,13.74244,0.18333228,2.5945034,5.010287,-2.704903,12.2756405,0.18362658
mp-558412,H2CO2,1.6421533,6.432067,-1.907192,14.389655,0.17498653,2.0847065,4.5038657,-0.15552129,9.220684,0.2784756
mp-625231,P(HO)3,3.0861878,6.3661895,-1.5814484,13.95843,0.16008231,2.4626834,5.020685,-0.084886104,9.742298,0.29839966
mp-625175,H3ClO5,4.71083,6.4844847,-2.1731005,15.008286,0.15523045,2.2065392,4.555808,-0.46073106,9.433867,0.27320603
mp-5854,LiGaO2,3.8412824,6.0134177,-2.4521646,14.339205,0.1689424,3.2928932,4.563728,-0.036601353,9.574145,0.2603858
mp-618177,K2ZnCl4,6.957979,6.9614444,-1.2958056,13.942642,0.16368198,2.4907007,4.879114,-0.08258518,10.071136,0.24494511
mp-571242,Rb2CoCl4,8.667924,6.637953,-1.9972279,14.652449,0.16739446,2.713932,5.1009254,-2.5903833,12.042744,0.17522179
mp-625207,P(HO)3,2.0215774,6.325252,-1.7300137,13.759933,0.1672704,2.4155307,5.019516,0.017251527,9.29903,0.2567495
mp-569787,Al(BH4)3,1.3230653,6.1875315,-1.7322019,14.138666,0.14915597,2.075377,4.997138,0.40740678,9.825081,0.26126102
mp-616185,Rb2ZnCl4,8.592974,6.038617,-2.4958606,13.535374,0.17445897,2.5136287,4.3815966,-0.11506366,9.753234,0.24426861
mp-642210,MgSiO3,2.72207,6.5781746,-2.3476107,14.332827,0.18360022,2.4984086,5.040971,0.06300849,9.749261,0.24440351
mp-644097,BaAlH5,12.66929,7.364381,-2.1290677,14.368006,0.15214103,4.735417,5.1626377,0.24787632,9.9095125,0.2663723
mp-626256,H3NO4,2.8071089,5.479918,-2.9602056,13.664686,0.17379884,2.1863651,4.515444,-0.4755604,8.861359,0.25052267
mp-626259,H3NO4,10.780206,6.8270884,-2.5055714,14.582936,0.1642486,2.3817737,4.739248,-0.1948756,10.138167,0.23816502
mp-625686,H4N2O3,2.0464191,5.743619,-2.3343778,14.36308,0.16922933,2.5152168,4.6124663,-0.26664686,9.473267,0.25818655
mp-706430,H3NO4,1.9025413,5.6610413,-2.0173962,14.778342,0.17809485,2.0155993,4.7031136,0.12380069,9.115106,0.2686946
mp-753539,SbOF,4.4230676,6.796228,-1.9972456,13.885473,0.16873574,3.075836,4.5049696,-0.3979146,9.5448,0.26327106
mp-753756,FePO4,2.4106667,5.9589295,-1.1482956,14.555759,0.15681994,2.8179407,4.084087,-2.4672809,12.233645,0.1636436
mp-755685,SmYO3,17.919159,6.1542377,-2.889632,13.868286,0.16643491,4.432009,4.8233023,-0.21234377,10.052692,0.25260693
mp-7117,LiAlSe2,2.4883583,6.6968827,-2.0678363,14.460262,0.16708276,4.9508824,5.3050404,0.062144227,10.08155,0.2525706
mp-753611,PCl3O,1.4792169,5.652644,-2.1754074,14.070794,0.19643687,2.0396268,4.447792,-0.24772844,9.0539665,0.25140202
mp-761219,Na8TiO6,7.6067533,5.570772,-2.4639394,14.253948,0.17063582,3.0624132,4.7403975,-0.098460995,9.179208,0.24798381
mp-759234,Li3CuF6,5.274592,5.8448534,-2.300626,13.893929,0.19468628,3.0483541,4.112771,-3.1161313,12.635158,0.1824746
mp-776684,Li3FeF6,6.8264847,6.341221,-1.5240982,13.940552,0.15664415,2.253245,5.0340137,-3.3458946,11.898484,0.16784242
mp-771248,Na2Ge2O5,3.7462327,5.1916175,-1.7319006,14.192464,0.18058266,2.7819533,4.8454466,0.02638915,9.569725,0.2590422
mp-772813,Ca2Cu2O5,5.018839,6.150818,-2.4401336,14.325091,0.16441289,6.3345327,4.033321,0.4441316,9.80506,0.23788494
mp-772898,AlGaO3,11.448145,5.90835,-2.2064152,14.35537,0.16421144,3.7237773,4.4846077,-0.046993297,9.9833145,0.24802485
mp-770219,NbAsO4,28.84433,24.274323,1.50595,43.077915,0.0665301,5.655718,4.516588,-0.191129,9.9520035,0.25009495
mp-777972,LiMnF3,5.868571,6.7478094,-1.6920683,14.314904,0.17379402,2.1933618,8.245908,-16.88395,32.509663,0.05474043
mp-779165,Li2MnF5,4.020569,7.0829,-2.0265234,13.471665,0.1749779,2.3082724,4.586038,-2.7927814,11.251441,0.18772416
mp-7798,MgGeN2,4.3939247,6.0990715,-1.9208654,14.814058,0.18249954,5.026605,4.4152575,-0.43981996,9.112641,0.23773523
mp-9212,NaAlO2,3.286894,5.439055,-1.858351,14.395336,0.15289278,2.6265256,4.8960533,-0.5952707,9.575415,0.23098992
mp-972448,SmBS3,8.665735,6.2908564,-2.5818381,14.547103,0.16767941,6.806224,4.79957,-0.21513164,10.096042,0.25918567
mp-7913,BeSiN2,4.279782,5.590373,-2.1863756,14.666597,0.17242828,4.564806,25.645271,1.1963761,39.675713,0.08544145
mp-23558,Ag2BiO3,13.586234,23.534607,0.13026972,46.458,0.078693025,12.944955,4.229539,-0.3573479,9.7804165,0.23858738
mp-675324,BaCO3,11.237654,5.3661456,-2.0526972,14.277624,0.14784598,2.6857083,5.0608854,0.33134943,9.81117,0.2531391
mp-755231,LiTeO3,21.989367,20.24265,1.4196668,43.50406,0.07109671,4.8487496,4.6210895,-0.27218908,9.528406,0.26724237
mp-753679,NbVO4,9.199851,6.279261,-2.4887104,13.117344,0.16167127,6.889234,3.9460135,-3.221245,12.408408,0.1804013
mp-562283,GePb3O5,47.656578,24.001053,1.8466012,44.748913,0.06878906,6.5243897,4.5086145,-0.59578,9.727315,0.25410905
mp-546989,V2MoO8,40.33612,18.717339,2.148337,47.265335,0.0682631,5.797719,4.7055345,0.04321799,9.541265,0.26536033
mp-1020059,LiGe2N3,4.6959605,5.5629697,-1.85069,14.024302,0.18036611,5.206095,4.7401433,-0.24501252,9.522132,0.23644498
mp-10246,Na2PtS2,6.0512166,6.6153746,-0.71165234,14.46126,0.18565099,6.2357054,5.2054768,-0.2503155,9.42769,0.24597412
mp-1029334,Zn2SbN3,6.0957494,22.258492,1.5107542,44.018013,0.069942705,52.39935,21.424866,4.585851,39.08525,0.08958966
mp-1029403,RbGe2N3,6.1328897,6.3915653,-1.673565,14.074488,0.17480837,5.811082,4.3048563,-0.449373,9.20594,0.26218948
mp-1029418,KSi2N3,4.734825,5.4955196,-1.5314323,13.798931,0.1538133,4.471757,4.8276496,0.016022943,9.959813,0.24090587
mp-1029387,TaZn2N3,6.1821756,6.2918463,-2.0836637,14.305473,0.17518392,6.8663664,5.550794,0.018086422,10.069027,0.25194487
mp-1029294,LiSn2N3,4.9493833,5.657922,-2.5311432,14.111815,0.1693306,7.10008,5.1246815,-0.12848441,9.47063,0.26503888
mp-1029368,Mg2VN3,6.3743587,5.5370016,-1.1302811,15.004456,0.15552129,6.243978,4.8142014,0.06152319,9.649634,0.24403621
mp-1029378,Mg2SbN3,4.042742,6.1788235,-2.4656618,13.904552,0.16274999,5.6521735,4.596467,0.28714207,9.235888,0.2625422
mp-10223,Na2PdS2,5.8113704,6.005156,-2.1661465,14.732827,0.1755821,6.7663374,4.4422874,-0.46538544,9.744039,0.25677803
mp-1029404,KGe2N3,6.0414605,6.8438644,-2.3851576,14.52573,0.18348531,5.39943,4.6510916,-0.12988254,9.616877,0.26890904
mp-1029422,NbZn2N3,7.2644243,5.970045,-2.3458602,14.13315,0.18372172,7.6397605,4.7075357,-0.46901506,9.993876,0.24213539
mp-1029262,VZn2N3,8.817886,7.153534,-2.045722,13.705252,0.18949455,9.024641,4.5931425,0.44639447,8.898567,0.2863668
mp-1029408,Mg2NbN3,5.245379,6.171735,-1.8556811,13.463911,0.17615882,5.6983366,5.3484707,-0.33983195,9.740747,0.26124617
mp-1029442,Mg2TaN3,4.4740934,7.2234573,-2.3785982,13.407339,0.16001643,5.2586627,5.0152874,-0.11790776,9.3881235,0.2504919
mp-1078908,Ca2CdP2,8.982867,5.718971,-1.9719033,14.802794,0.17025596,9.335454,4.533884,0.25855902,9.392108,0.25165883
mp-1078751,Na2PdSe2,6.6004653,6.891198,-2.2945333,13.849918,0.18034677,8.363683,4.2940216,0.024961334,9.590519,0.27916166
mp-1079666,Ba2CdAs2,9.354695,5.5302525,-2.2545967,14.40057,0.16184811,11.256679,5.5243263,-0.7648002,9.658733,0.24396496
mp-1095180,Ca2CdAs2,9.010594,6.0166607,-1.5266086,13.609148,0.16515476,10.765156,4.531429,0.10882093,9.634705,0.25275418
mp-1102523,Zn2PN3,5.902965,6.2871556,-1.1657487,14.425863,0.18622606,5.3915944,4.9390087,0.18905888,9.885753,0.27402702
mp-11773,Nd3GaO6,11.866597,6.286538,-1.6618931,15.309779,0.16230977,4.2746463,4.6708746,0.18202312,10.00764,0.24398045
mp-1189598,Y3GaS6,7.4194984,7.569638,-1.9738419,13.624421,0.16542453,6.543135,5.291774,-0.5071181,9.647525,0.23802124
mp-1205304,TiI2O7,11.396043,5.861897,-2.2488568,14.863536,0.16297181,4.778934,4.413678,-0.022407893,9.208864,0.24772188
mp-1377713,Zn3Sn2O7,58.665672,75.07852,-0.17099103,159.671,0.018900027,5.1248426,4.8917913,-0.24350193,9.547116,0.24901132
mp-1373149,Zn3W2O7,10.558095,6.9424863,-2.1514633,13.90404,0.16193855,5.267782,4.4355636,-2.6521192,12.129986,0.1820743
mp-1370470,Ca3V2O7,25.966557,20.124754,1.9733998,43.825214,0.069220595,5.837616,5.3205013,-2.8404863,12.0557,0.18673463
mp-13703,Al4CO4,2.9342453,6.260092,-2.4149952,14.107006,0.17893791,3.3186054,5.2147894,-0.7049473,9.59569,0.28913635
mp-13542,ZrGeTe4,3.3784642,5.5924845,-2.2026207,13.225503,0.15774184,13.9168625,4.569957,0.014468529,9.751198,0.24466337
mp-1374543,Zn3Mo2O7,11.92824,6.200825,-2.086006,14.385189,0.18093565,6.214348,4.8508635,-0.5118424,9.388882,0.2601421
mp-1376713,Ca3Mo2O7,11.184497,6.0191603,-1.5801601,14.236027,0.16502173,5.0490093,4.991815,-3.4419239,12.398779,0.17881246
mp-19885,InGaS3,4.7379327,6.1159806,-1.7421455,14.896131,0.17240603,6.9581842,4.885316,-0.0734206,9.422557,0.24976763
mp-14568,BaMgF4,7.199682,5.987627,-1.9641802,13.564076,0.15800281,2.3995569,4.7170053,-0.4566898,9.923116,0.26782516
mp-14588,Na2PtSe2,6.7462993,5.909525,-1.8833976,14.724501,0.15987414,7.4892297,5.0042763,-0.24608843,9.697083,0.2663819
mp-15349,Li2GeO3,8.60663,6.3721867,-1.717371,14.922311,0.15708369,3.2022035,5.168159,-0.09596614,9.520644,0.27009276
mp-17694,Ca5Al6O14,7.624933,5.4951634,-1.9221408,14.035516,0.17069298,3.0800061,5.30101,0.19166282,9.436569,0.23187119
mp-19154,Ba(FeO2)2,8.89092,6.0525947,-1.9177744,14.225493,0.15701587,4.082428,9.663033,-18.032095,34.53189,0.06063477
mp-21489,Rb2PbO3,57.102074,25.060978,2.4428139,44.105648,0.064947695,4.288422,4.9006224,0.004267469,9.830248,0.25190812
mp-14433,NaGe2N3,6.251784,5.18806,-2.4327106,14.242189,0.17539728,5.254066,4.6572695,0.045120787,9.220282,0.25153163
mp-23446,GeBi2O5,24.611973,24.250195,-0.069248304,44.716667,0.08078388,5.234941,5.2046757,-0.5155325,10.211921,0.27720708
mp-22756,K2PbO3,22.020727,20.946766,1.9341081,45.01713,0.07300902,4.3152027,4.7492733,-0.5641549,9.751223,0.25517172
mp-28264,RbH3O2,21.408607,24.756931,-0.049775813,44.193043,0.06519067,2.396827,4.2707253,0.09030792,9.804248,0.24799883
mp-21521,Cs2PbO3,78.00029,82.44209,-0.7354232,156.2747,0.019498557,4.474574,4.1583247,-0.26582462,10.130724,0.25605306
mp-31110,Sm3GaO6,11.41116,5.73505,-2.242454,13.973888,0.16306493,4.2273426,4.649483,-0.23067681,9.849836,0.2452777
mp-28369,GeH3Cl,1.3560113,5.4946327,-1.6993428,14.256918,0.16382869,2.4236465,4.7948356,0.036370795,9.803448,0.26084763
mp-28473,CClF3,0.33209926,6.1733093,-2.467188,14.355727,0.17276262,1.8811665,4.678194,0.15651707,9.694594,0.25031704
mp-3281,Al5BO9,4.0994735,6.5424747,-2.005386,14.478006,0.17519864,2.7023492,4.0636683,-0.13235411,9.798376,0.2681734
mp-31114,Ho3GaO6,11.020464,6.972478,-2.118162,14.272131,0.17035197,4.1291704,5.0087814,0.03895299,9.239052,0.24843048
mp-29515,PH2F3,1.2912173,7.5989733,-2.461106,13.803158,0.17064856,1.9103822,4.5915565,-0.05391226,9.341534,0.2598236
mp-29931,VRe2O9,2.5703645,6.0912642,-1.970303,13.817295,0.16318867,3.357331,4.271444,-3.6980536,11.893508,0.17880665
mp-3881,BaZnF4,22.658934,23.069202,-0.18120676,43.55863,0.0730803,2.5003893,5.497224,-0.060828798,9.121791,0.25851727
mp-4004,Ag5SbS4,8.039428,6.1714983,-2.01485,14.204399,0.16261865,9.680848,4.365986,-0.47775793,9.588242,0.2674955
mp-3870,Sr2Nb2O7,64.24624,81.82599,9.057519,148.8172,0.02051414,4.770673,4.7757835,-0.4120501,9.194872,0.24686556
mp-3998,LaTaO4,45.513855,21.507383,-0.38321307,45.15125,0.07658045,5.1915326,5.3107653,0.30760723,9.556467,0.27321923
mp-3933,Mg2PN3,5.5099783,5.3317575,-1.5825502,14.600641,0.15964992,4.4177065,5.0966525,-0.32649785,9.460332,0.2765474
mp-510293,Pb3SeO5,16.960726,22.092178,3.2688053,45.233143,0.07132685,4.987905,4.678712,0.037828147,9.3185625,0.24681833
mp-4533,Na2SiO3,8.734854,6.8282576,-2.040071,13.938851,0.17504258,2.5387027,4.7394776,-0.23193252,9.849629,0.262639
mp-4497,Si2N2O,2.8839922,6.5520396,-2.6158462,14.549512,0.15719071,3.360006,4.445963,-0.3824378,9.077686,0.25281432
mp-555320,Li4CO4,8.839991,6.063115,-2.1585734,14.499021,0.1530556,2.7021322,4.609127,-0.51998127,9.296723,0.25787404
mp-554722,Y3GaO6,10.948332,6.015814,-2.5225782,14.956239,0.16277827,4.1450877,4.576747,0.19829145,9.601956,0.25995156
mp-4187,Ge2N2O,3.6020179,5.4147005,-2.084088,14.079491,0.17477928,4.1329618,5.1838174,0.026583426,9.2985325,0.25460112
mp-5012,Li2SiO3,9.045015,5.126711,-2.8383498,14.040723,0.17577256,2.766536,5.2525635,0.030018654,9.56268,0.24391858
mp-4163,Ca3Ti2O7,56.15339,83.709564,5.0688243,157.36363,0.020863943,5.3074613,4.239426,0.0014655797,10.151977,0.27053082
mp-555321,BaNiF4,22.07316,22.804453,0.5570001,44.766857,0.07106318,2.4986804,4.9107957,-3.3274574,11.663964,0.18775411
mp-556101,BaCoF4,10.109711,6.1528997,-2.3386464,14.377285,0.15565298,2.4841018,4.3533516,-3.4016576,12.938688,0.18662527
mp-555918,Hg2SeO3,8.496127,4.4342823,-1.9379826,13.8362055,0.16748483,4.3916793,4.755437,-0.0068263123,9.419873,0.24727982
mp-567817,HfGeTe4,3.432147,6.0858955,-1.9729426,13.911094,0.16112474,13.785153,4.8028173,-0.34103763,9.870753,0.24004465
mp-556850,BaMnF4,18.86356,22.203484,0.8747506,43.999355,0.07038932,2.4114628,4.911871,-2.4488015,12.153376,0.17340031
mp-560008,PNF2,1.0741634,6.741248,-1.5149535,14.208957,0.17335908,2.165546,4.4788694,0.10230509,9.7253065,0.25057098
mp-5853,LiSi2N3,5.855657,5.7805843,-2.3173168,13.616061,0.17153126,4.4053445,4.4078465,-0.21418786,9.3879595,0.2359603
mp-625136,CsHO,43.065174,24.83886,1.7959867,43.506905,0.063196674,2.8097107,5.028268,0.32161304,9.965217,0.26516834
mp-643009,SrMgH4,35.769943,26.561213,1.3804582,44.42183,0.06684029,4.160964,4.6635685,0.040792752,9.8085575,0.25999835
mp-570172,HgIBr,7.0973263,6.055928,-1.1554735,14.260228,0.18844028,3.685085,4.9421806,0.17546439,9.728407,0.25592417
mp-626088,FeHO2,9.554935,6.276085,-1.6579623,14.2469225,0.15654477,4.6708612,4.1605606,-2.8820763,12.479316,0.15997408
mp-626620,RbHO,21.912048,24.76196,1.4619806,45.310345,0.061824586,2.6214345,4.382896,-0.19490938,9.717457,0.24850902
mp-5784,Na2GeO3,8.805022,5.851064,-1.6988457,14.988932,0.16756909,2.9133096,4.990608,-0.6911994,9.444711,0.26153645
mp-626785,KHO,11.502706,6.376153,-1.738674,13.907807,0.16398336,2.5453413,4.469179,0.12965499,9.7646265,0.25197697
mp-625150,ScHO2,11.210173,6.4769006,-1.8127518,13.115381,0.18047762,3.8332584,4.594059,-0.56864244,9.06779,0.27207807
mp-625054,AlHO2,5.614299,5.676865,-1.4570347,13.668881,0.155516,2.8876443,4.904458,-0.0018476171,9.229715,0.25160378
mp-7290,Er3GaS6,7.475792,4.5724077,-2.0058355,13.779085,0.1700103,6.563086,4.8236403,-0.037664365,9.796177,0.25054476
mp-753401,Sc2TiO5,17.752108,24.259472,-0.050882824,44.143616,0.068939775,4.7947297,4.4795914,-0.26581678,9.69512,0.26076528
mp-685935,CdGeO3,171.10521,69.73129,0.310749,155.71034,0.021352723,3.688114,4.538601,0.15251188,9.524824,0.2652455
mp-753798,Rb2SnO3,60.17682,82.948715,10.774267,153.83447,0.021628352,3.475852,4.530792,-0.007943015,9.449203,0.23472701
mp-754743,Na2FeO2,5.9858794,5.553546,-2.3561735,14.417042,0.15464404,3.7981389,4.9270153,0.051343437,9.329558,0.26527977
mp-754979,Y3AlO6,10.6892805,5.988941,-1.034237,15.021634,0.17656301,3.9669352,4.896121,-0.5808385,9.448012,0.27147633
mp-753821,Pr3GaO6,11.980493,6.5965977,-1.4101323,13.845829,0.18250376,4.28963,5.0207944,-0.060303453,9.810492,0.2550553
mp-754659,Zr3N2O3,14.778909,6.5008025,-2.6586347,12.623934,0.1424532,6.0498185,4.940997,0.50648713,10.197485,0.2647696
mp-755047,Ti3N2O3,37.695663,25.259514,-0.23603918,44.41138,0.06588087,8.792602,4.129509,-0.28288692,9.850248,0.26397192
mp-754718,NaCuO2,3.597059,7.142275,-2.6267862,14.157908,0.18049684,5.466277,4.7891345,0.13146989,9.799529,0.25982803
mp-756156,Rb2ZrO3,39.031475,21.358177,0.04583419,42.331024,0.06786972,3.4888923,4.801654,0.014229544,9.319726,0.22416922
mp-755391,BaNa2O2,7.603337,5.991732,-1.8603184,13.877106,0.17348792,3.6887856,4.2753334,-0.4518325,9.562464,0.26546684
mp-754913,Li2CrO2,4.773334,5.2704964,-2.200314,14.260447,0.1700287,4.4918737,4.600312,-2.9404545,11.627965,0.16912867
mp-755627,Na2FeO3,4.5957675,5.4842134,-2.6583078,13.944121,0.15708552,9.047475,4.1712065,-2.5362504,11.993227,0.16566771
mp-756005,Li2CrO3,9.023379,6.352917,-1.624404,14.518204,0.16321862,4.532812,4.6978016,-2.821067,11.686742,0.18556632
mp-768230,SmTaO4,26.780193,22.076107,0.31807995,44.50497,0.07323858,5.0809073,4.614938,-0.21797322,9.52934,0.26016197
mp-761568,Rb2CoO3,81.189354,79.27043,-3.986354,158.16356,0.02423974,5.5923605,4.9845805,-3.110014,11.832518,0.17925477
mp-756401,TaAsO4,13.6163645,6.4748263,-2.2488027,13.516537,0.16458476,5.6991997,4.7556424,-0.3647009,9.5331745,0.23741072
mp-756427,Li5SbS4,10.766508,5.8510075,-2.2199078,14.533609,0.17672856,5.9176297,4.849845,-0.3683913,9.752505,0.26047173
mp-768176,TmTaO4,15.454242,6.387155,-2.383544,13.937172,0.1601937,4.868146,3.992323,-0.003851307,9.666519,0.258775
mp-760360,Hf3N2O3,11.748597,5.6915607,-1.8595874,14.649147,0.1802702,5.3742843,4.732048,0.03411752,9.57715,0.23684216
mp-768573,Lu3AlO6,10.56634,5.760391,-2.0832605,14.149097,0.17415273,3.8608701,4.253128,-0.37015024,9.470661,0.29497042
mp-768223,Cs2CeO3,60.239952,24.866207,-2.1651855,44.63602,0.07134398,4.120254,5.0121355,-0.22751008,9.502832,0.23874448
mp-863261,Sr2CdAs2,7.824847,5.9588375,-1.5191485,15.074606,0.183344,10.457772,4.870433,0.05251163,9.499804,0.2594606
mp-859876,Ge2N2O,2.8349302,6.1797476,-1.6314741,13.743303,0.17119625,4.3725348,4.5235567,0.16804232,9.608386,0.2618489
mp-850201,Na2VO3,7.9612393,6.1175694,-2.0938647,13.467508,0.16998534,3.6489549,4.766083,-2.3235154,12.30324,0.18135446
mp-8973,NaSi2N3,4.340529,7.0679274,-2.2409606,14.962666,0.16833672,4.292469,5.1815515,0.19737665,9.307724,0.23837227
mp-850964,Li3CrO4,11.271815,5.813309,-1.5199628,14.537148,0.17409627,4.504905,5.365986,-3.0636168,11.414522,0.15989053
mp-9248,Cu2SiS3,11.594721,6.268893,-2.3188822,14.735753,0.18296614,9.05012,5.0347834,-0.1782608,9.495362,0.27775085
mp-9900,Ag2GeS3,15.009548,5.9543514,-1.6967889,14.363347,0.19244769,8.864007,5.0786405,-0.31300378,9.695265,0.274999
mp-9781,K3SbS4,4.7781234,7.4951134,-1.8789304,14.087299,0.1854748,3.7233784,4.433813,-0.05126529,9.719547,0.26418307
mp-4117,Li2Si2O5,2.6387007,7.3945456,-1.7882787,13.653271,0.18331958,2.4942298,4.5450277,-0.2713932,9.524743,0.23919247
mp-7998,Li2Ge2O5,3.3008657,5.928226,-1.4672949,14.844291,0.16638117,2.885163,4.460514,-0.21145672,9.496138,0.25402543
mp-14482,SrNb6O16,69.215515,74.937904,2.7697177,154.63295,0.01843956,6.649466,5.1331844,0.34938982,9.096848,0.28010505
mp-20337,ZrPbO3,8.302206,6.99837,-1.985201,14.782794,0.17040887,6.128443,5.238523,-0.24021307,9.832739,0.25395828
mp-30192,Pr4Se3O4,14.467279,6.2254868,-2.2353911,14.178651,0.16001394,7.482439,5.250329,-0.25300524,9.804911,0.27227667
mp-4412,La4Se3O4,17.599346,6.1036043,-1.4675105,13.704005,0.16912763,7.5614343,5.1448584,0.105008945,9.836509,0.25214764
mp-34328,Mn(CuCl2)2,44.315517,22.877785,1.7762597,45.155025,0.07958999,4.6241627,5.2496433,-19.985434,34.93505,0.05986112
mp-5246,KNbO3,6.256666,6.4655285,-2.0607874,15.254245,0.16757603,5.6203866,4.930738,0.12638086,9.835895,0.3035627
mp-553278,Nd4Se3O4,14.740147,20.374166,-1.0680313,42.37055,0.06772064,7.5645885,4.171968,0.11417207,9.420164,0.24618216
mp-560088,Cs2Li3F5,1.713776,5.6093807,-1.7734649,13.375711,0.1741529,2.2814503,4.4473567,-0.24137966,9.721012,0.24553248
mp-626417,CsH3O2,3.483064,5.4729185,-1.4742277,14.248926,0.17750742,2.684794,4.9898915,0.33149698,9.08262,0.25113496
mp-569450,LiB6C,1.3662916,6.318431,-2.0255475,14.122911,0.19466184,7.316122,19.491032,1.3047428,40.2048,0.07723657
mp-5777,BaTiO3,7.125221,6.296986,-1.6102309,13.824204,0.18302375,5.856612,4.798346,-0.03368685,9.599671,0.26664466
mp-606711,Cs3LiCl4,5.191942,6.134158,-1.4359865,14.232022,0.1742431,2.5164967,3.8998103,-0.16966441,9.223219,0.23921588
mp-673798,K3ClO,35.709568,23.27797,0.2735401,46.57882,0.073322594,2.904387,4.4370227,-0.16271763,9.435167,0.27009594
mp-752415,NbO2F,9.965878,5.117115,-2.3593545,14.811526,0.16912489,5.7452693,4.768178,-0.17016317,9.361833,0.26432416
mp-755097,Fe6O5F7,6.8386607,5.918538,-1.8792338,14.519377,0.17245321,5.609505,6.8998504,-20.06736,33.559288,0.060314998
mp-753256,Fe4O3F5,8.642247,5.3019037,-2.329641,13.863328,0.16730027,4.0978217,4.776081,-2.7836673,12.53578,0.17935753
mp-758397,Fe2OF3,4.086914,7.3827686,-1.9110708,13.875015,0.15344019,3.2816105,4.838264,-0.14871016,9.795999,0.26178536
mp-763007,Mn2OF3,7.7164254,6.384592,-2.2102847,13.545415,0.1530251,8.867214,6.3610897,-19.368944,31.52797,0.052754994
mp-778819,LiMnF3,13.872025,5.7436066,-1.3650002,14.058963,0.16179529,2.189766,4.3211365,-2.7112913,11.529076,0.17041443
mp-850878,Fe4O5F3,6.2582984,5.914982,-2.6952105,14.280925,0.16121292,9.837045,4.084445,-3.1824121,11.02273,0.17333183
mp-625998,LiHO,3.187052,5.6136274,-2.0983584,14.298176,0.16270018,2.2066135,5.482279,0.056898866,10.094519,0.2580546
mp-1042320,ZnMo2O7,3.615056,5.94627,-2.319298,13.558366,0.17695747,3.3234143,4.5001793,0.29419118,9.787558,0.24115479
mp-1213976,CaGaH5,3.6294186,6.346822,-1.2515595,14.982936,0.17908585,3.208921,4.411008,0.2248383,9.871483,0.23764451
mp-17008,CaTeO3,6.7943068,6.48615,-1.4003397,14.873729,0.16461,3.3765981,4.216045,-0.15015578,9.658844,0.2591256
mp-23535,K2ZnBr4,3.2128313,6.890663,-1.8063846,14.598013,0.18845083,2.7522752,4.426982,-0.0078085456,9.51335,0.23357078
mp-1341886,ZnCr2O7,3.0457711,5.7011404,-2.201232,14.744854,0.16126592,3.6068988,4.600854,-0.5583215,9.506645,0.25401232
mp-25246,FeP2O7,11.843062,21.048555,0.6798396,44.070244,0.07338869,69.26291,121.24988,-23.235003,292.2195,0.01130144
mp-26974,CrP2O7,6.6733985,6.647539,-1.8374645,14.528198,0.17878945,5.4359407,3.9078355,-2.8804815,11.470798,0.17936563
mp-26940,MnPO4,5.7740674,4.7648535,-1.6857967,13.458824,0.18174516,4.823215,3.5759668,-4.0724764,11.660795,0.17438886
mp-26982,MnP2O7,4.574724,4.775327,-2.9629645,14.734112,0.16720803,5.1467686,4.980665,-2.8612838,12.33265,0.16308913
mp-23719,BeAlH5,3.6339402,6.166359,-1.921717,13.842819,0.17281477,3.5297856,4.4440928,0.034638483,9.5865345,0.2545673
mp-28918,Sb2WO6,111.315636,76.8179,-0.13857308,149.78699,0.022416038,6.2829437,4.9371367,-0.64030194,10.241744,0.25480467
mp-29187,Co(SiP)3,3.8106315,21.52641,0.009625012,43.16937,0.06989715,18.883896,20.544764,4.556923,39.650784,0.0818274
mp-27699,S3(NCl)2,7.852983,6.300993,-2.1589031,13.679878,0.1805742,4.1063037,5.2906423,-0.22505781,8.957399,0.2704603
mp-27755,KAlCl4,5.0489535,5.864296,-1.1873102,14.958839,0.16581216,2.3505056,4.464116,0.20719305,9.56745,0.26014465
mp-30159,AuBrF6,1.5208597,5.7844963,-2.6489432,13.885283,0.19047202,2.7191176,4.9521255,-0.5354384,9.67945,0.25365287
mp-30532,Tl2ZnI4,11.383472,5.248414,-2.7718725,14.10026,0.18044233,4.6461697,4.647376,0.12786531,9.083245,0.2584194
mp-32509,V(PO3)4,3.563332,6.866132,-1.3362166,14.07047,0.19394864,2.887485,4.2450695,-3.1720421,12.502838,0.18068892
mp-38322,Mg(IO3)2,3.4779153,5.5479918,-2.019386,14.430822,0.17870897,3.6051483,4.3232245,0.36843926,9.595656,0.25994417
mp-558387,TeOF2,11.77803,5.254778,-2.322704,13.263561,0.16853932,3.2610528,4.560541,-0.09472131,9.350047,0.23977928
mp-5707,CsAsF4,4.1657777,5.77836,-2.2182167,13.736317,0.15650706,2.1546772,4.445878,0.10045128,9.796465,0.25729233
mp-5724,AlPO4,1.7677139,5.6829033,-1.7459478,14.390587,0.17453448,2.1245418,4.0409427,0.19691327,9.755067,0.24099165
mp-625142,Re2H4O9,5.5016956,6.2485275,-2.362516,14.218404,0.19089673,3.520588,4.433816,-0.20508012,9.557872,0.25387195
mp-625238,Re2H4O9,8.271326,6.675625,-1.6512874,14.835189,0.1606529,3.1088703,5.3425045,-0.2045622,9.652989,0.24033411
mp-625857,Zn(HO)2,2.5936298,7.2450814,-1.7594234,13.970859,0.16528532,2.7199242,4.191551,-0.5112087,9.486074,0.25657737
mp-625359,NdHO2,8.966483,6.789507,-1.7010927,14.580121,0.16223761,3.843715,4.9869866,-0.32825035,9.8891735,0.25575244
mp-625367,LuHO2,9.466908,6.5434847,-2.9173343,14.513019,0.15729761,3.6636133,4.677902,-0.25859544,9.323627,0.23925304
mp-626000,NaHO,5.16662,5.3758907,-2.4697938,14.6365795,0.14296362,2.3541808,4.6772842,-0.18239228,9.751,0.27311984
mp-625604,H9BrO4,5.6958303,6.2045374,-1.7937425,14.311173,0.18098482,2.372545,5.189554,0.08947657,9.796025,0.24337809
mp-626534,H3NO,4.749881,6.3917007,-1.8242272,14.604538,0.16835116,2.5167315,4.149112,-0.41536093,9.085681,0.2487831
mp-626720,BaH4O3,6.8720393,5.3197117,-2.4983585,13.89402,0.15790422,2.78583,4.847784,0.26886556,9.768189,0.28267276
mp-626716,KHO,6.539201,4.9619503,-1.9410139,14.155642,0.16151883,2.387983,4.0435257,0.1941306,9.32062,0.26169425
mp-626721,RbHO,7.203664,5.6169825,-1.3122814,13.924032,0.17684996,2.500808,4.6855707,0.054108307,9.385912,0.24426274
mp-626727,SrH4O3,5.653399,5.3203454,-3.3362825,14.4978285,0.16809675,2.6728392,4.2056046,0.2899156,9.341782,0.25708342
mp-675879,Ag3SI,10.779302,5.80793,-2.1950443,13.23342,0.16873954,8.653419,4.9850097,0.03298701,9.529796,0.248747
mp-675801,KNbCl6,7.3470216,7.4501767,-1.8202387,14.869314,0.16347525,2.7962613,5.033515,0.4721818,9.955699,0.25871122
mp-754920,BaYF5,14.271729,6.277972,-1.7985052,14.493005,0.14720754,2.4445164,5.015673,0.17924692,10.029481,0.23849833
mp-755246,Ni(IO3)2,3.5792508,6.0237064,-1.3196564,13.022043,0.17607771,4.157997,4.131436,-0.13179761,9.699605,0.26321736
mp-757191,P4WO12,2.4776525,5.8952975,-1.8915212,13.705672,0.15961108,2.5263214,4.3452673,-2.7665207,12.174892,0.18959579
mp-762225,BaCO3,5.8798738,7.4105372,-1.455645,14.403135,0.17447895,2.7314944,4.513736,-0.06846539,9.590486,0.25504175
mp-767471,Li5SbS,6.9759803,6.102873,-1.4041493,14.194691,0.16995355,6.088641,4.720932,0.073235504,9.384919,0.2440758
mp-777233,BaYF5,13.288007,5.875462,-2.1021302,13.370701,0.15284827,2.3468392,4.024002,0.08844803,9.181049,0.27142537
mp-781081,VOF3,3.4375882,5.6505747,-1.8937019,13.868469,0.17527267,2.9241853,4.676265,-0.24544585,9.392474,0.2461793
mp-30293,Sr2GeSe4,6.6436377,6.1560135,-2.461892,13.654119,0.17140938,6.0400987,4.917982,-0.1838703,9.99411,0.2461472
mp-21892,Al2PbO4,14.856306,6.303857,-2.586866,14.109518,0.17559427,3.6566043,4.3619823,0.43074828,9.772845,0.25276554
mp-20496,Ga2PbO4,17.538788,24.343243,2.0894012,44.58797,0.076472804,4.100317,4.485543,0.40569615,9.757335,0.24740279
mp-644271,LiHS,2.0717185,6.2719064,-2.1859434,13.479826,0.16736579,3.0889041,4.4879,0.089879714,9.334546,0.25700238
mp-504498,K2CdPb,7.910299,6.324377,-1.8142371,14.742804,0.17660734,19.895779,23.665627,3.3464253,40.574944,0.07714226
mp-753318,DyBO3,10.544509,5.756303,-1.8155886,14.035205,0.17512494,3.426054,4.550555,0.2640635,10.132304,0.25007176
mp-753056,HoBO3,10.225375,6.2543354,-1.1789833,13.478889,0.17156982,3.4157495,5.1878304,-0.5894811,9.341076,0.24314651
mp-30294,Sr2SnS4,7.3018155,6.467658,-2.691129,14.10329,0.16765454,5.135212,4.1194124,0.007015869,10.308709,0.2488699
mp-866810,Ca2SnS4,10.081677,5.079465,-1.5810561,14.379325,0.16944063,5.6613398,5.15827,-0.098774515,9.451255,0.26153615
mp-762996,FeOF,9.916019,5.945041,-1.8357285,14.032842,0.1705931,4.5770464,9.326092,-19.265188,32.333633,0.058072202
mp-760484,TmBO3,9.026994,5.587224,-1.1387833,14.7314625,0.16391979,3.3863752,4.6711683,0.30038217,9.476606,0.27668577
mp-760477,SmBO3,10.181605,6.016757,-1.9673078,14.281815,0.19811468,3.458241,4.830992,-0.37204373,9.412656,0.27837992
mp-989617,YWN3,14.992595,23.415714,2.581633,44.90892,0.07824561,7.480253,4.3160625,-0.09816693,9.743162,0.2584153
mp-760405,ErBO3,10.510537,5.8823147,-1.8398196,14.653298,0.17853186,3.4038844,4.4631505,0.3205598,9.5993595,0.27246854
mp-760457,YBO3,10.341903,5.6277456,-2.1425128,13.308057,0.1760852,3.431315,4.832055,0.14811918,9.461962,0.2871413
mp-754726,FeOF,10.608695,6.1255846,-2.0331073,14.38849,0.18055107,4.552651,4.5166273,-2.4161484,12.370262,0.16864954
mp-23427,Ti3(BiO3)4,62.599785,78.61779,13.867719,156.26413,0.021028854,6.844763,4.563553,0.46031985,9.827846,0.25535947
mp-754280,Li5CoO4,5.379755,6.4887466,-1.9070864,14.766489,0.16260654,3.7803307,4.2943563,-3.4778993,11.883503,0.19118789
mp-23329,Bi2WO6,39.17789,21.541124,1.1725435,45.159477,0.06733276,6.297394,4.0921755,0.42259273,9.499814,0.27505282
mp-30161,Si2CN4,2.9869988,6.655468,-2.2293851,13.629517,0.15713221,3.5217676,5.010275,-0.78625566,9.124354,0.23583214
mp-558728,Cs3Li2F5,7.734246,5.4172134,-1.6103513,14.152012,0.1576379,2.2720182,5.394084,0.2390528,9.747616,0.22907093
mp-14444,Hf(PS3)2,2.6513724,6.4633923,-2.597229,14.1045065,0.17437758,4.6557975,4.384882,0.22323728,9.549742,0.26283714
mp-25886,CuPO4,30.65166,24.489845,2.7487338,46.1592,0.07214647,27.51456,21.568277,3.5581262,40.234726,0.082980566
mp-22966,C(ClF)2,0.41171023,5.831631,-1.5157381,14.636067,0.17931901,2.0163624,4.5278015,0.37153643,9.309736,0.29536235
mp-28477,Sr(ClO3)2,25.94618,22.45805,1.2213752,43.86093,0.08035727,2.6187067,4.5989046,0.31395218,9.756089,0.24909073
mp-28512,Ba(ClO3)2,4.99766,6.4023933,-1.6163869,13.980302,0.17067868,2.5610824,4.8494797,-0.32791483,9.173514,0.2508409
mp-27042,CrPO4,5.7647696,5.928218,-2.3405106,14.99558,0.17143208,4.0377927,4.089492,-2.373853,12.060035,0.1856674
mp-28405,S(ClO)2,1.2763847,7.1588874,-2.698798,14.404811,0.16796133,2.1829855,5.0802927,-0.5545492,9.757807,0.26392084
mp-28514,Ba(BrO3)2,9.345095,6.7308693,-1.6861278,14.620619,0.16998774,2.857665,4.676969,-0.20325702,9.438978,0.26438907
mp-556295,V2Te2O9,28.037552,21.29625,2.5406969,44.14908,0.07653154,5.370749,4.5459867,0.023033665,9.64652,0.24743408
mp-675531,NaBiS2,133.67365,76.02585,-4.8197365,161.65475,0.019376457,13.054674,4.9260235,-0.22123677,9.674438,0.24076125
mp-753813,Ca(ClO3)2,15.333918,5.8924637,-2.1864603,14.01933,0.15643838,2.7756472,4.6041384,-0.08876952,8.950199,0.25771576
mp-29047,Tl3VO4,22.102272,22.971806,2.8609347,42.282707,0.07144759,5.124423,4.981868,0.2725045,9.757415,0.24319588
mp-1385807,Ca3(FeN2)2,8.622328,6.8446712,-2.549368,13.640428,0.16797325,9.303888,4.015873,-2.7582903,11.229776,0.18192838
mp-29761,UCO5,3.8001916,6.145707,-2.669069,14.321307,0.17608179,3.389568,5.21592,-0.14886379,9.578674,0.27794313
mp-2964,NaNO2,3.1078253,6.734139,-2.2024517,14.719473,0.15738283,2.214358,4.534597,0.33005187,9.81085,0.25207534
mp-567771,Ba(Si3N4)2,6.709471,5.237669,-2.0742896,14.288493,0.16981718,4.748496,4.7918363,0.15626109,9.533375,0.24628855
mp-5770,AgNO2,6.390478,8.320501,-2.0517046,14.4182825,0.17029312,3.5732346,4.685748,0.096327774,9.01078,0.26127037
mp-638070,LiB13C2,13.256463,5.9768796,-1.1796123,13.723622,0.16126512,6.937847,4.63885,-0.11612163,9.666254,0.24956882
mp-34465,Li2HN,7.116736,6.143162,-2.1398833,14.027872,0.16751817,3.650339,4.7137423,0.26488018,9.967308,0.25752017
mp-35035,KCN,3.0102077,6.2473326,-1.5489497,14.953772,0.16774039,2.0243936,4.4698176,-0.048601642,9.571691,0.25292403
mp-34381,H4IN,2.4915745,7.1265383,-1.7757223,13.953115,0.16405505,2.898053,5.024285,0.17761654,9.345019,0.2644141
mp-567278,Sr(Si3N4)2,8.82156,6.021949,-2.0933886,13.407857,0.16411617,4.6113296,4.7878666,0.09185976,9.786692,0.24207906
mp-754530,V4O3F5,,320.49066,-39.918438,662.5901,0.0046602986,-64.83733,135.42885,-22.453442,291.55945,0.011635873
mp-675475,Li2MnBr4,33.849953,21.242102,1.3384795,44.217854,0.066651255,4.020535,5.0480347,-2.831732,12.434667,0.19285457
mp-752974,VOF2,5.075678,6.5513906,-1.9827641,14.60355,0.17299762,3.4867258,5.5923233,-2.597202,11.994769,0.17591661
mp-753217,Fe4O3F5,9.412531,6.6815834,-2.0188754,14.293247,0.16869825,4.125321,5.530861,-3.4501936,12.189922,0.18393804
mp-16433,Ca2Ga2O5,11.521003,5.4954977,-1.8657962,14.116376,0.17689894,3.9327793,4.9963665,-0.31520012,9.353941,0.2664965
mp-22512,Sr2In2O5,10.374425,7.1471634,-2.097539,13.807078,0.15777224,4.2810864,4.1620727,-0.3307312,9.602881,0.24095845
mp-20546,Ba2In2O5,11.070819,6.403016,-2.133273,14.035497,0.1545829,4.6514006,4.6049757,-0.20447965,9.396347,0.27476004
mp-1539101,TeSeO4,37.918182,25.237354,0.3616228,45.00986,0.077888705,4.7445817,4.618064,-0.18660569,9.87143,0.2786006
mp-633099,Sb2Pb2O7,19.712984,19.656406,0.62415624,43.7626,0.07660277,5.5795712,4.313166,-0.008089412,9.618504,0.2503844
mp-677103,RbHF2,5.831972,6.1492953,-2.7003505,14.5512,0.16568668,1.9242586,4.804922,0.17288595,9.076245,0.2509718
mp-755867,Lu2Sb2O7,22.684248,22.924494,2.022186,44.39961,0.067835495,4.640104,4.601163,0.06245229,9.653056,0.26312777
mp-1218560,Sr3PbS4,50.43763,22.693222,1.5787749,45.27116,0.070194304,6.129169,4.9833803,0.2157218,9.844011,0.25274655
mp-27418,KAuO2,5.114892,6.0441394,-1.8892841,14.554695,0.16837242,4.3124995,4.578004,-0.24826586,9.529729,0.24703927
mp-37920,AgAuS2,1.4555473,6.6511507,-1.3246902,14.263058,0.19340517,6.310496,4.5227613,-0.1466399,9.886775,0.24689804
mp-1025567,NbCl2O,4.6315007,6.833413,-2.1372037,14.897911,0.15227555,4.579283,4.981453,-0.2517704,9.679295,0.2528901
mp-1019509,B2S2O9,2.5499463,4.667009,-2.4045575,14.078894,0.18443681,2.5777423,4.7964535,0.18143286,9.035909,0.2446955
mp-1541585,Mn2As2O7,12.200538,5.8546085,-1.256892,15.153685,0.17280886,3.7285764,4.977913,-2.9192386,11.693891,0.16963568
mp-18938,Tl2MoO4,17.18689,20.977755,0.96124,45.402443,0.073206566,4.1197844,4.6654735,-0.59620196,10.144394,0.26120478
mp-1778883,MgFeF4,14.868958,25.427473,0.08522843,42.702892,0.07263536,2.3565168,4.2020984,-1.8631798,12.37993,0.18846974
mp-23349,Bi(BO2)3,5.219471,7.848015,-1.8429722,14.575294,0.17248352,3.4321344,4.520687,-0.10247065,9.755071,0.2721593
mp-27171,Hg2P2S7,6.8513274,6.750662,-2.7754943,14.26012,0.16883996,6.271992,4.428602,-0.065832555,10.284697,0.27209884
mp-26182,FeP2O7,19.17994,69.973434,4.4209146,164.256,0.02033246,,4.541643,-2.3945494,12.043627,0.19625898
mp-27032,MnP2O7,6.024914,6.0417423,-1.9507726,14.30751,0.17985106,5.9717884,5.5599327,-2.9743824,12.374153,0.16965121
mp-27442,RbCrI3,8.9798155,4.9368544,-2.045446,13.818873,0.16692443,5.1552067,4.7102327,-3.6096327,11.570792,0.1792185
mp-541950,GaN5O14,3.0587935,5.9930534,-1.4871666,14.355004,0.17343372,2.4730515,4.628461,0.48550457,9.344728,0.2632523
mp-36641,Cd(Ga3Te5)2,3.761804,6.145729,-1.9891381,13.712299,0.15761942,10.734372,4.887321,-0.056184005,9.196959,0.27364123
mp-550320,Li4CO4,5.0090475,5.9621534,-2.1952894,13.801089,0.17602143,2.6688428,4.8912354,-0.11822874,9.462259,0.25760302
mp-550070,NbBr2O,4.552535,5.5965767,-2.0992742,13.632677,0.16944028,5.3198624,5.8591704,0.6906574,9.224683,0.2668802
mp-546285,NbI3O,2.1770022,6.2458043,-2.0411093,13.777395,0.17704701,5.8364058,4.517318,-0.25250706,9.379444,0.24670753
mp-550798,Li4CO4,1.9070268,6.0410004,-1.462428,14.10561,0.17780429,1.8782532,3.7114577,-0.14722395,9.080652,0.27802658
mp-549720,NbI2O,4.6438017,6.1888895,-2.7423823,13.561521,0.16311029,6.7215858,5.506754,0.09020068,8.973994,0.26571068
mp-561412,CaCO3,5.746677,5.722047,-1.9934804,14.198115,0.16381851,2.7112744,4.6796346,-0.3277669,9.609422,0.24168094
mp-625378,NaH9O5,3.4410217,6.2636185,-2.7174873,13.243937,0.15379496,2.0889957,5.0727835,-0.29669395,9.687992,0.25407565
mp-625488,Zn(HO)2,6.4893126,6.415796,-1.8353124,14.727637,0.17355867,3.3468115,4.3846707,-0.40320435,9.766078,0.23563823
mp-623837,As(CN)3,1.472188,6.1422815,-1.2041795,14.340872,0.17112242,2.5790005,4.410224,0.025975913,9.199548,0.25923434
mp-626689,Fe(HO)2,3.678417,6.819401,-1.5378139,15.575212,0.18087208,3.1608567,4.852621,-3.4528964,11.37827,0.19379906
mp-626037,Si2H2O5,1.90032,6.0468693,-1.3325562,13.823888,0.1694075,2.136966,4.637598,-0.34821504,9.760493,0.2575553
mp-626644,Ca(HO)2,4.8156085,5.8227053,-2.549044,14.547817,0.16639872,2.6450143,4.566373,-0.095288284,9.487703,0.25420976
mp-608311,Cs2Li3I5,7.437544,6.12179,-1.678872,13.683625,0.18406577,3.190511,4.739772,0.027709516,9.695865,0.23963377
mp-625475,H2SO4,1.5982513,5.6502905,-1.6195033,14.135342,0.16248691,2.1751568,4.0223885,-0.0017268825,9.5061655,0.25928974
mp-625565,Cd(HO)2,4.3879976,5.5644655,-1.5298325,14.662291,0.17003007,3.4258955,4.5915613,-0.282191,9.082126,0.26348484
mp-626143,Mg(HO)2,4.421747,6.2742996,-2.4842649,14.452246,0.1665276,2.584806,4.9921513,-0.07895566,9.901346,0.23946816
mp-625939,Co(HO)2,3.3689876,6.0587897,-1.7984228,13.7871895,0.16494581,3.3433707,4.2362614,-2.7504945,12.296896,0.18755901
mp-625074,Ni(HO)2,3.3143868,6.371559,-2.1517146,13.659003,0.17061245,3.22475,5.1392946,-3.912221,12.478646,0.16301863
mp-626701,Mn(HO)2,5.7003284,5.6696405,-2.6924903,14.372683,0.16506428,3.177052,4.5106688,0.23783018,10.067472,0.25393298
mp-626843,Ni(HO)2,1.1112089,6.21841,-1.7868834,13.813423,0.16821972,2.1365108,5.0137014,-2.9447207,12.05136,0.16835007
mp-632282,NaHF2,2.4349859,6.349913,-2.900048,14.258214,0.15937418,1.8254673,4.5800724,0.07157325,9.3900795,0.25911355
mp-752767,LiAgF2,4.4031873,5.39279,-2.7113976,14.29118,0.15290612,3.746726,4.9504833,-0.10043358,9.681462,0.26415735
mp-754233,Li5CrO5,7.1129208,7.4312224,-2.0555837,14.464646,0.1782213,4.560273,4.2759275,-3.2045257,11.758111,0.18186598
mp-755582,Li2MnF4,10.30375,7.2721314,-3.2225235,15.279724,0.17009442,2.1889565,5.72222,-2.091612,12.189401,0.1723544
mp-754243,Cr4OF11,2.8717432,5.978038,-1.9921844,13.951339,0.16131787,3.4329798,4.0647035,-2.559256,11.508332,0.17637113
mp-759876,Na5SbO5,4.191102,7.058562,-1.806129,13.315256,0.17100665,3.3123481,4.8468847,-0.68036526,9.724602,0.25855675
mp-760367,VOF3,5.681081,5.1132007,-1.8014201,14.055025,0.16217323,3.0757344,4.4789486,-0.29830974,9.820162,0.28257424
mp-760313,VOF3,11.535266,6.1237154,-1.4678389,14.592934,0.16691533,3.541813,4.623072,-0.26673758,9.529899,0.23369789
mp-763200,LiVO3,38.772896,21.88226,1.5197803,44.339542,0.0601807,6.1189995,5.1035395,0.38838646,9.69502,0.24890496
mp-763784,LiMn2F6,4.6196384,6.069561,-2.2891953,14.377632,0.16093706,2.581452,4.714739,-3.7486386,13.100906,0.17243332
mp-769218,Ni(PS3)2,1.408333,5.3917565,-2.1612563,14.406893,0.17575897,14.3067,11.146206,-29.0746,51.947342,0.046238746
mp-774155,Li2FeO3,13.793634,5.7594795,-1.7634742,14.176368,0.17558362,10.969886,5.3763676,0.123008095,9.87873,0.24525073
mp-863076,NbBiO4,18.283894,19.813751,2.1185515,42.56611,0.06933978,5.436722,5.786084,-30.154928,48.512074,0.037313793
mp-1541909,CsTeAu,6.5049305,6.9674664,-1.0506637,14.651774,0.17525905,4.7167716,4.786436,-0.20642535,9.611748,0.2477862
mp-674842,Er2Zr2O7,49.872078,75.89747,8.113713,146.32678,0.022159832,5.093517,5.4397125,0.43246287,9.387909,0.2257934
mp-675436,Sm2Zr2O7,42.80408,21.07835,1.093903,44.72021,0.07517792,5.2890296,4.8403883,-0.29206386,9.412783,0.25853655
mp-9008,RbTeAu,4.7506614,6.6583915,-2.384971,13.511208,0.15837412,6.0094547,4.4831486,-0.18838194,9.764383,0.24199197
mp-1205391,TaSbO4,46.688168,21.282133,-0.5137954,44.09203,0.076477446,5.781775,5.4329443,-0.0062557706,9.387856,0.26442757
mp-16945,Sr3(GaN2)2,16.829546,6.451747,-1.4131099,13.426919,0.16046724,6.1500382,4.8298683,0.057503436,9.741513,0.2618782
mp-17129,Sr3(AlN2)2,13.939592,6.1313257,-2.3873484,13.9405775,0.18573317,5.5473914,5.005271,0.01957349,9.708103,0.23097527
mp-23373,BaZnCl4,4.4422956,5.894874,-1.6398008,14.339301,0.18640022,2.8939428,4.959303,-0.23431209,9.594644,0.26182774
mp-17133,Ba3(AlN2)2,18.990925,23.29736,1.1751379,42.25312,0.07599983,6.6931415,4.7127223,0.37532744,10.042636,0.23106408
mp-29423,TlFeBr4,8.813642,5.919342,-1.7035313,14.696936,0.16011885,4.0444207,5.2978225,-2.2977843,12.181301,0.19977143
mp-28741,CuSe3Br,4.0091867,5.6712866,-1.884545,14.049456,0.1789788,7.588729,4.893383,0.16504033,9.614213,0.2408326
mp-29274,P2PdO6,1.8173445,6.6630526,-2.7353806,13.15413,0.16865599,3.187636,4.585369,0.09970001,9.623278,0.27013505
mp-31043,H5NF2,4.347117,6.6602774,-2.22977,14.55218,0.1578436,1.9681948,4.8320093,-0.4403738,9.55498,0.2503038
mp-37747,LiHS,2.0327141,6.056003,-1.9670486,13.7020645,0.16325456,3.0765853,4.5240455,0.40265247,9.87962,0.25524923
mp-1345824,Mg2Sb2O5,4.8572526,6.527789,-1.8935152,14.426384,0.17863864,3.7159483,5.7191033,0.28610018,9.555095,0.25372866
mp-18458,Sr5(SnP3)2,8.548492,6.354967,-2.5297132,13.99846,0.17531458,10.260447,5.248416,0.049854696,9.722637,0.25959298
mp-17558,Ca5(GaAs3)2,8.349603,6.069046,-1.6973794,14.635662,0.17501111,13.987052,4.6387644,0.37136433,9.837744,0.26141584
mp-18670,Ca5(SnAs3)2,10.741089,22.802124,1.497017,44.37532,0.07415643,15.516996,4.7956266,-0.23946382,9.046508,0.24182847
mp-20450,YCrB4,5.8901296,21.579346,1.0041307,43.418175,0.07220393,41.458797,20.43372,2.2743487,40.491222,0.08721231
mp-20944,Sr2PbO4,10.352149,6.1823015,-1.9123739,13.9467535,0.15634795,4.7077274,4.9944725,-0.38050568,9.7260895,0.2342668
mp-21137,Ca2PbO4,10.53527,6.1768847,-2.5285666,14.122963,0.1781691,4.700497,4.8730745,-0.15106186,9.7600765,0.22969082
mp-29911,Ba3Sb2O,10.261785,5.564904,-2.0461369,14.234506,0.18101604,9.1262245,5.16205,-0.21064766,9.75168,0.26833162
mp-29920,Rb5Au3O2,6.1495476,5.001102,-2.3374,13.598257,0.16696669,3.9156992,11.835925,-24.983498,52.229843,0.035619188
mp-4747,Ca2SnO4,9.151618,5.9161386,-2.243615,14.708355,0.18559285,3.9489257,5.4394407,-0.23604149,9.355674,0.2582693
mp-5966,Cd2SnO4,9.648996,6.530242,-2.2055523,13.848598,0.16626953,5.5980225,4.9589887,0.32754147,9.889648,0.23027627
mp-755950,Ba2Sc2O5,15.071535,5.970746,-1.717048,15.027405,0.17141356,4.4174485,4.954401,0.52229685,9.8954115,0.24875091
mp-7691,YB4Mo,5.853624,22.963022,1.0208513,45.788548,0.06649388,35.1966,21.800192,2.1930509,40.9965,0.0767314
mp-8439,Ca5(AlSb3)2,7.7015157,5.423573,-1.5708499,13.753858,0.168355,15.282046,22.671827,3.8144116,39.79632,0.084027976
mp-10577,Sr5NbN5,11.670246,5.936977,-2.6846974,14.609459,0.17040884,6.137753,4.7785273,0.048158903,9.51535,0.27283442
mp-1541564,CsTlF4,5.997465,5.366537,-1.4483782,14.892324,0.15552142,2.5568712,4.017298,-0.12016437,9.9893875,0.2767293
mp-18815,KVO3,30.515057,19.656212,1.7558622,45.55609,0.075102806,3.1961248,4.4771166,0.07688461,8.912829,0.2746302
mp-30299,RbAsO2,4.2334146,7.82213,-2.334281,14.0348215,0.17634897,3.0063894,4.208066,0.10162559,9.5161295,0.26406196
mp-30298,KAsO2,4.245684,5.8526506,-1.9652202,14.764934,0.16634804,3.0553184,4.417575,-0.18629324,9.564157,0.2509892
mp-18806,Ni3(BO3)2,3.9505289,5.2879157,-1.9144567,14.044911,0.16576013,3.7012432,4.101302,-3.2478383,11.633126,0.17172047
mp-28950,P4N6O,3.6713638,6.5677967,-1.7329181,13.83986,0.16707596,3.5849588,4.719775,0.27968475,9.642845,0.25790134
mp-27449,GaTeCl,3.3221714,4.62294,-1.7034639,14.817772,0.15891187,5.1724925,4.8234963,0.22488551,9.232215,0.24429911
mp-27891,Bi2SO2,248.5938,296.27435,-65.08091,679.73914,0.0041711205,10.727196,22.659517,0.44642386,40.582302,0.08456781
mp-28324,Sr3(InP2)2,8.096672,5.2387066,-1.9628832,14.150936,0.1598794,9.6631155,5.120432,0.14128155,9.469351,0.2715121
mp-5005,Mg3(BO3)2,4.742968,5.771356,-2.2285764,14.458835,0.1762072,2.8749597,5.337184,0.06023179,9.864012,0.23938249
mp-531265,Ca3(BN2)2,11.868468,20.245207,2.1815462,45.538177,0.06822335,4.223597,4.935319,0.27649677,9.628156,0.2650619
mp-531820,Li4Ti7O16,37.267666,23.06416,2.247971,44.3418,0.073872365,4.9119124,4.4974647,-0.33482796,9.622662,0.25739133
mp-1041794,Mg(SnO2)2,9.256041,6.1018467,-2.0803668,14.807625,0.158234,4.007372,4.3933887,-0.9028373,9.060259,0.2841357
mp-13658,RbNO3,6.2361436,5.6985455,-1.6310806,13.831509,0.15518367,2.290033,4.4785385,-0.13184267,9.830208,0.2492821
mp-17830,Rb3Ge4Au,4.650993,5.8794093,-1.3337373,13.793107,0.19244444,9.033685,4.3371286,-0.0106199365,8.830421,0.27116767
mp-17401,Rb3Sn4Au,4.15928,6.444517,-2.7208393,15.738929,0.18189594,11.358376,5.0921106,0.06280406,9.597385,0.24663813
mp-17112,K3Ge4Au,4.3943005,6.1973124,-1.6514004,14.43988,0.1838285,9.948749,4.510164,0.13430251,9.537847,0.25517416
mp-18500,K3Sn4Au,5.31053,5.40378,-1.9234622,14.600228,0.18256494,23.755987,22.357838,2.5362968,38.72491,0.083335705
mp-23052,ZrIN,10.328985,6.0087023,-2.1937184,14.09583,0.1731342,5.8640985,4.9286623,-0.020821532,9.706645,0.25783938
mp-22946,CrClO,2.2131467,5.3118978,-2.2859485,14.430163,0.1737087,4.043823,4.9203386,-3.089702,11.959062,0.17263196
mp-22998,CrSBr,4.0912995,5.5672045,-2.865653,13.711227,0.17685896,15.915639,3.8777115,-2.40676,11.71209,0.17116807
mp-22628,CsNO3,14.636339,23.436832,1.4090079,44.51648,0.06749251,2.67753,5.570033,0.022514861,9.726218,0.25176775
mp-21036,NaMnO2,22.953444,25.705265,-1.1730889,44.581757,0.07681759,4.4547477,4.3556485,-2.6689775,12.047638,0.17927165
mp-27702,InClO,3.7205691,6.153375,-1.4390872,13.9478855,0.17923597,3.4660368,4.993816,-0.300974,9.278261,0.24719338
mp-23061,VClO,3.464459,6.7976913,-2.791347,13.761673,0.15534307,3.8509383,3.7852411,-2.2524164,11.462427,0.17383446
mp-27849,TiBrN,39.853092,22.79361,0.41606775,43.246357,0.070361175,9.183923,5.402868,0.19452794,9.560277,0.24076481
mp-27850,TiNCl,50.861847,21.259941,1.7243311,43.834084,0.06805248,8.571142,4.642743,-0.23269154,9.585178,0.26297957
mp-27863,AlClO,0.33029482,6.3267837,-1.5110838,14.106455,0.16498262,2.9956067,5.0550785,-0.42674667,9.395147,0.25479525
mp-28994,KLi2As,5.547954,5.2299395,-1.8206038,13.864084,0.16931333,6.385693,4.7760086,0.19450283,9.731907,0.2537638
mp-27841,VBrO,3.6899009,5.421237,-1.2984612,15.452159,0.17264548,4.4023247,3.9384875,-3.2121546,12.973855,0.17179514
mp-29898,Tl2Au4S3,11.402565,6.717716,-1.379349,14.861155,0.1659608,9.438905,4.8721623,0.22452891,9.54204,0.28561157
mp-27703,InBrO,3.7431202,5.5053864,-2.0597448,14.99671,0.18149959,3.7434776,4.235716,-0.38203415,9.54456,0.24300718
mp-3838,Li5ReN4,4.0029564,7.1926947,-2.3161342,14.3845625,0.17108087,4.3615303,5.0719624,-0.008677178,9.60953,0.28003144
mp-540828,FeClO,5.471311,6.019369,-1.8062524,13.883712,0.1741914,4.146992,4.8667383,-3.6523373,12.082906,0.1848682
mp-510341,Cs3Ge4Au,4.5862284,5.7071886,-1.5250217,13.632725,0.17729747,8.67195,4.999353,0.1903701,9.643613,0.2549712
mp-568346,HfBrN,9.364729,5.2708945,-2.5654883,14.464307,0.17963925,4.7831264,5.2220535,0.28662995,10.211357,0.25565022
mp-546279,ScBrO,5.264777,6.4274015,-1.5892557,13.943684,0.16520213,3.6758006,4.6010895,0.102620885,9.488161,0.27222577
mp-754113,TmClO,4.313818,6.7065535,-2.3230946,13.878741,0.1788897,2.9280984,5.0738816,-0.04967525,9.931806,0.24323139
mp-766173,Sr(RhO2)2,4.8542504,5.8583384,-1.8314537,13.517634,0.15974306,6.7468286,4.93069,0.06404195,9.93212,0.2576002
mp-755689,ErClO,4.465066,4.9209146,-1.937372,14.849098,0.16433145,2.9388328,4.685652,0.11647912,9.171405,0.2752446
mp-1215629,Zn3PBr3,4.3886256,4.7175894,-1.2138286,13.851083,0.1733412,4.834316,4.405327,-0.019615168,8.988218,0.26588532
mp-1226891,Cd3PI3,3.9808106,5.751359,-1.8751161,14.122618,0.1716446,5.4976544,5.2415724,0.58949566,9.461839,0.25290766
mp-1405450,Ca5(CrN3)2,9.995456,6.6637883,-2.7254777,14.709449,0.17514507,6.411969,4.2518625,0.042742148,9.317148,0.27757755
mp-676464,Cd3AsI3,4.156738,5.7215357,-2.559373,14.796459,0.16644451,6.0206213,4.442951,-0.045898676,10.15517,0.24989323
mp-674981,Ag3SI,7.294072,6.3060374,-1.9388274,13.320551,0.17406738,8.388919,4.9071174,0.52308387,9.563048,0.25052896
mp-625996,NaHO,8.523118,6.0246205,-1.5917788,14.595627,0.16224535,2.3885674,4.234815,0.50638586,9.774501,0.26607051
mp-569525,NaLi5N2,6.5138655,6.868903,-2.292663,14.422357,0.15781464,7.504056,5.0984697,0.08211406,9.404039,0.27276072
mp-754764,FeOF,11.45161,23.175035,-0.09654091,44.20844,0.07152032,4.54941,4.8145695,-3.3298664,11.904779,0.16620724
mp-759283,FeOF,10.943471,5.702138,-1.8917732,13.981875,0.17261517,4.4932113,4.637513,-0.77406764,9.589528,0.27220538
mp-1029474,Ca7SiN6,12.995826,24.990063,1.1309196,43.671963,0.07078028,6.0250077,4.067786,0.33010647,9.30545,0.23618565
mp-12221,CaTeO4,6.44516,5.014337,-1.9017408,13.930791,0.17932801,3.5215626,5.084673,0.24939969,9.716718,0.25361365
mp-27742,K2CdO2,6.969586,5.97967,-2.5735354,14.338973,0.16308643,3.6486402,4.469838,-0.10703235,9.970519,0.2544586
mp-28364,Rb2CdO2,7.385647,5.6567163,-1.6589528,13.664191,0.17528991,3.7454624,4.9489365,-0.07869922,9.884542,0.2509054
mp-3123,PPdSe,1.3110677,6.4547462,-1.9535271,13.746501,0.16801485,13.270612,5.327527,-0.39247817,9.345119,0.27868912
mp-29432,NaScCl4,4.7099404,7.4535213,-2.2490642,13.786203,0.17531632,2.9303174,5.41564,-0.22226927,9.21711,0.2612323
mp-4274,SrTeO4,6.637975,6.5242977,-2.1827657,13.72324,0.17691842,3.362977,3.8960717,-0.3353319,9.012826,0.26708007
mp-568436,Sr7GeN6,14.168286,5.8833237,-2.5878634,14.13938,0.16712078,6.750888,4.9706697,-0.4885757,9.746546,0.24651559
mp-755802,K2MgO2,8.613915,6.7536407,-1.1894252,14.480351,0.15453431,2.9619117,5.241317,0.07260204,9.678264,0.25794527
mp-754967,BaTeO4,7.6983495,6.470441,-2.2340407,14.21877,0.17861484,3.3792632,5.162552,-0.17117015,9.4274235,0.23725314
mp-7280,PPdS,1.2002434,6.3004727,-1.8955615,13.935758,0.18494791,11.074103,4.7869334,-0.4339283,9.78504,0.23171791
mp-9749,Sr(BO2)2,4.25075,6.2082148,-2.7119012,13.492253,0.17041525,2.7278168,4.772949,-0.16751313,9.584901,0.27736604
mp-8892,LiInF4,5.54246,6.1136885,-1.9390941,13.485068,0.16237667,2.3571692,4.328146,0.012345712,9.592946,0.25820154
mp-1029493,RbNbN2,10.186368,6.0575438,-2.4778976,14.269584,0.15790819,6.991075,4.9719877,0.21092731,10.161776,0.25617614
mp-1029504,KNbN2,11.752039,6.5310817,-2.2743616,14.220949,0.18160209,6.713925,5.189679,-0.19425085,9.167578,0.249022
mp-1029572,CaTiN2,12.053613,5.707227,-2.0756214,14.023636,0.1842327,7.796874,4.9791613,0.11294113,9.812542,0.22652993
mp-1029743,BaGeN2,15.215807,5.5351562,-1.2396048,14.482234,0.17211099,6.5180855,4.9741783,-0.52896327,9.5462885,0.27214587
mp-1029851,Na2GeN2,9.022351,7.009056,-1.7780219,13.732875,0.19067562,4.9609876,4.1560087,0.10333005,9.649467,0.2769616
mp-1029497,SrGeN2,11.356261,21.209206,-0.16785645,42.716152,0.06716727,5.7218537,4.7138853,0.3365287,9.396193,0.24638815
mp-10368,CoPSe,5.864121,6.8954477,-2.57416,14.397394,0.18544154,24.277721,24.377464,2.6536214,39.218605,0.08344211
mp-1030663,CsNbN2,11.882731,6.8389063,-1.6912968,14.359923,0.1766768,7.652176,4.9053473,-0.64239794,9.53289,0.24654126
mp-1030657,NaNbN2,11.34252,5.7441816,-2.3359654,14.10763,0.15960568,6.724269,4.552788,0.046903837,9.645307,0.25870392
mp-1080848,KVN2,27.3529,24.76505,1.0418061,43.93418,0.06793951,12.871944,4.6353984,0.27049842,10.352434,0.25293243
mp-11152,SiSbPt,8.688517,21.68006,0.5166379,43.702717,0.068868876,32.845783,22.588406,1.900045,40.34719,0.07916256
mp-14743,Ba3WN4,9.473874,5.939467,-1.9674709,14.224113,0.16095614,5.503221,4.9793906,0.32782155,9.688879,0.2506853
mp-23071,CCl3F,1.0411645,5.954395,-1.2790579,13.538854,0.195455,2.1136532,4.4888973,-0.2322923,9.704476,0.2633537
mp-29397,SiTePt,5.1412563,23.935379,2.0753348,43.533146,0.0727641,23.567888,20.635727,3.259681,40.27422,0.07893069
mp-505511,CoAsSe,7.426196,20.358665,3.5158014,43.994473,0.07077543,28.9905,22.709503,3.7253585,40.36069,0.087777905
mp-556216,HIO3,4.7105865,5.025154,-2.463035,14.058078,0.1640731,3.9256432,5.184031,0.13227819,9.420853,0.25880972
mp-568557,RbTaN2,7.418883,6.671027,-2.7255855,14.306064,0.17937621,5.7776437,4.386401,0.059326287,9.578534,0.2627513
mp-607818,GeTeRh,8.966409,22.433537,1.6993673,43.974174,0.07283671,27.719711,24.36575,1.7664816,39.718815,0.0865966
mp-5881,CoSbS,8.676564,23.41965,1.9645115,43.62078,0.059206832,29.004942,20.546047,1.249666,42.45898,0.09032993
mp-570755,KTaN2,8.616002,6.88212,-1.9225141,13.506741,0.17676379,5.595464,3.9920263,0.13910098,9.586084,0.24490738
mp-684024,Li2SiN2,7.4405403,6.405383,-1.9421691,14.661999,0.16136527,4.2648425,4.487644,0.22983402,9.778262,0.27287704
mp-7214,Sr3CrN4,9.149362,6.599365,-1.891877,14.290516,0.16979265,5.883747,4.742944,0.009106931,9.709869,0.26583898
mp-866883,Ca2SnS4,23.273815,22.826283,0.76122785,43.93315,0.07050948,6.718938,3.9747486,-0.12520684,9.838452,0.24143423
mp-8863,Ba3MoN4,9.570549,6.5555897,-2.7242835,13.787993,0.15599039,5.762872,4.0930414,-0.3524554,9.319461,0.26911718
mp-1012551,BaBrCl,7.1560483,4.0063124,-2.2869194,13.865421,0.17237584,3.429081,4.776393,0.48200998,9.887318,0.273356
mp-1029702,MgTiN2,42.96075,21.23199,-0.7905797,43.16358,0.07208997,8.628347,4.976201,-0.2448093,9.497267,0.25481015
mp-1029466,NaNiN,7.0724707,73.03073,2.4027514,156.22624,0.02088923,,4.3747444,0.14301416,9.247896,0.24795736
mp-1029336,KZnN,7.8538494,5.841274,-2.4029777,13.683175,0.16671704,5.787276,5.292117,-0.26576883,9.323695,0.24206713
mp-1029536,MgZrN2,17.686691,23.646648,1.0690318,45.390892,0.07680311,6.9816756,5.308137,-0.099271595,9.572701,0.23590373
mp-1029903,LiNbN2,74.74421,81.13721,-0.5270349,158.17355,0.02072772,9.585825,21.111948,2.3711522,39.650257,0.07316151
mp-1029811,Y4Te3N2,11.281606,5.9774427,-2.0879836,13.7593565,0.18020812,9.211956,4.9451046,-0.13373095,9.225842,0.25679058
mp-1029834,HfMgN2,14.070195,24.509449,-0.36103508,43.79734,0.075413905,6.2992954,4.3697624,-0.06397889,9.916331,0.26258346
mp-1048393,Zn(CoO2)2,14.608219,6.448203,-2.6606362,14.228416,0.16879994,8.59471,4.29848,-3.528046,11.673043,0.18706103
mp-10533,YCuS2,8.429118,6.5287323,-2.5979774,14.100565,0.15838495,7.898278,5.1997585,-0.099138826,9.491256,0.27690536
mp-1095603,YAsSe,4.853354,333.88702,-80.12257,664.06903,0.0042038853,,5.234047,-0.43857828,9.5611725,0.25791225
mp-1096925,CsBaI3,4.525705,5.788862,-2.3699756,13.694092,0.16660774,3.2650065,4.51143,0.1715697,9.368347,0.24243625
mp-1101989,SrLiAs,10.825664,20.091537,0.48700422,46.58468,0.073963866,8.936279,5.2227335,0.31977844,9.474032,0.26489258
mp-1103471,LaAsS,6.8686237,6.0366898,-1.5211049,14.248678,0.16030064,31.975203,21.07405,3.620996,39.935757,0.07929718
mp-1105549,BaHfS3,49.630096,22.278904,0.825336,43.13873,0.07299683,8.556718,4.128354,-0.41691843,9.579455,0.25227574
mp-1105094,TlHgCl3,16.340208,6.2064075,-2.1910226,13.745102,0.15344296,3.648708,5.215014,-0.04049454,9.11439,0.2669931
mp-1120756,NaVF3,5.3087716,6.192068,-2.389188,14.415149,0.16420195,2.2494974,4.4434547,-3.4140565,11.347913,0.19127655
mp-11265,BaCaSn,16.385706,20.644085,-0.27453104,44.92328,0.06706708,22.985859,22.310661,4.4125032,40.196262,0.08050861
mp-1181768,Cs2ZnH4,5.7049346,6.1019125,-2.5919952,14.123619,0.16246372,3.16514,4.0971994,-0.11280499,9.659134,0.28214753
mp-1187172,SrHN,13.003846,6.2518873,-1.1272955,13.656356,0.17582342,4.5312796,5.1261396,0.2393105,9.041051,0.23783484
mp-1188466,Zn2IN,19.366024,23.14801,2.5421932,46.08825,0.062136848,6.488267,4.490629,0.21108611,9.863161,0.23739012
mp-1190131,LaScS3,16.366705,23.109829,3.360044,42.83632,0.07716251,8.002333,4.1206408,-0.62659585,9.490776,0.2529098
mp-1190886,Cs2AgCl3,4.3218846,6.0601144,-2.707268,14.708736,0.18488698,2.7447858,5.108659,-0.7026386,9.966158,0.25849992
mp-1191353,RbGaH4,4.676886,6.20383,-1.8762662,15.229394,0.16711034,2.6400535,5.0063543,0.23174159,9.59486,0.23959793
mp-1192133,LiBH4,3.2984247,5.2463884,-1.8116001,13.819205,0.15300265,2.3862953,4.2910833,0.10230342,9.390962,0.2567193
mp-1192582,Mg2SiSe4,5.081352,5.3916235,-2.4753163,13.590252,0.187071,6.1116962,5.011367,-0.14941208,9.498009,0.2546811
mp-1193604,Cs2BeCl4,5.9245434,6.4869423,-0.7330075,15.146352,0.16355407,2.523617,3.885024,-0.40944535,9.450211,0.2781334
mp-1193963,Mg2SiS4,4.881628,6.35596,-1.3526491,13.774429,0.16945598,4.961328,4.789673,0.3035645,9.886683,0.26034388
mp-1193896,Ba2H4Pd,9.496186,5.3783574,-2.3253546,13.790698,0.1752548,7.393324,4.7328434,-0.48200637,9.453028,0.2579645
mp-1207629,YRhO3,10.109253,6.1432037,-1.5971454,14.022604,0.15549658,10.768694,4.480264,0.055904064,9.795004,0.25208822
mp-1208643,SrHfS3,36.8345,21.23927,1.8702946,43.673,0.07063285,8.214834,4.660531,-0.35137612,9.861599,0.26650766
mp-1208879,SnIBr,21.018396,23.692669,-0.21042632,42.25385,0.07613849,5.3454328,5.873584,-0.37515467,9.610478,0.24861087
mp-1209072,SbSeBr,59.534924,79.54364,-1.2122779,158.07132,0.021548571,7.5991893,4.7945447,-0.33815056,9.525072,0.26216558
mp-1209238,RbCaBr3,5.1759086,5.968257,-1.9799985,14.073455,0.17431572,2.9197164,4.9476852,-0.21788172,9.772347,0.2544532
mp-1210352,Na2BeCl4,2.9785864,6.2507987,-1.7623751,14.84338,0.16907166,2.4182258,4.7606664,-0.33153278,9.137288,0.24015719
mp-1211088,LiCaP,9.748882,4.293191,-2.366611,14.768098,0.18239157,8.238687,4.0802927,0.07667594,9.439413,0.24198245
mp-1211643,KCaCl3,5.592306,5.6969776,-2.5149047,14.550579,0.1793412,2.601152,4.817528,-0.10501082,9.567895,0.26643312
mp-1213104,CsSrBr3,5.690323,5.6995263,-1.943639,14.496378,0.15868327,2.7893639,4.7161913,0.18843788,9.333945,0.2470625
mp-1213084,CsSrCl3,6.1341643,5.4933996,-1.3752408,14.303491,0.15703885,2.5431235,4.8823447,-0.65857947,9.374225,0.24970736
mp-1214491,BaIBr,6.9605827,6.3970666,-3.1142018,14.212823,0.1639401,4.018469,4.9596796,0.10121893,9.323812,0.23799619
mp-12271,MgSeO3,6.6676064,5.011301,-1.9055175,13.287224,0.16048175,3.802624,4.830267,-0.06111684,9.53357,0.2660125
mp-12418,SrCaGe,15.135506,24.186234,0.30243123,46.728172,0.070203856,17.254107,19.213402,2.2091694,41.28028,0.08115234
mp-15236,CrSbSe3,18.943804,23.043022,-0.47861695,43.689873,0.0811622,16.844076,5.450553,-2.5668852,12.257317,0.15634002
mp-16252,BaCaGe,20.14444,21.112232,1.0360204,44.857002,0.06898788,22.158133,22.097979,3.8927636,39.03762,0.08287213
mp-16264,LiCaSb,8.293224,5.535093,-1.7401807,15.03763,0.15678799,10.593149,4.355978,-0.34803066,9.617231,0.26661727
mp-16253,BaCaSi,22.796133,25.155823,2.3053348,42.972347,0.07059459,23.066107,23.35054,3.5278125,37.863167,0.08853957
mp-17172,Tl2TeS3,13.207216,25.99555,1.955031,45.256668,0.06725767,8.139687,4.227453,0.03560115,9.238816,0.23785059
mp-17186,Ca3AlAs3,9.501993,6.475072,-1.7902341,14.145124,0.16637327,9.962776,4.7824993,0.10603926,9.880544,0.26995093
mp-17324,ZrSnS3,16.728655,22.362423,0.76248705,45.237106,0.06702079,8.607483,4.8537135,0.38223803,10.001313,0.24839732
mp-17833,Ba3GeO,21.923487,20.719969,1.7486773,44.357155,0.06896208,16.270794,22.766373,2.7052472,40.668907,0.07932174
mp-18300,Ca3AlSb3,8.71075,6.5329304,-1.5037661,14.793124,0.18550196,12.522122,5.488965,-0.09660107,10.100933,0.26833618
mp-18501,Ba(AgTe)2,10.028915,5.6267033,-2.3247566,14.225,0.17393652,10.498209,5.0013847,0.25475168,10.079632,0.24024755
mp-18725,YCrO3,11.875488,6.4309893,-1.9542737,13.783755,0.16272257,5.2485223,4.3167877,-2.83619,12.929969,0.18984227
mp-19727,PbCN2,11.857149,23.657755,0.04852423,44.217926,0.06549299,5.7082024,4.473773,-0.23027699,9.651371,0.2711364
mp-20331,CuSbSe2,17.179628,22.15013,-0.19515422,43.813892,0.068661466,18.265839,22.747414,3.7631052,38.96023,0.09129184
mp-20489,SrPbO3,18.984821,22.90498,-0.16124356,43.070133,0.07320125,6.739796,5.2529755,-0.48702273,9.24761,0.25036275
mp-20726,SrCaSn,12.023249,23.917356,1.9893297,45.30444,0.07027811,18.109169,19.90517,3.1890965,41.023705,0.084435925
mp-21365,InSbS3,20.464617,22.885233,0.19455422,42.90281,0.073295146,8.5453615,4.8141584,-0.14215772,9.536023,0.25851628
mp-21609,SrCuN,6.655707,6.413453,-2.2508202,13.9623165,0.16211401,11.477418,4.3751974,0.18690047,9.73336,0.2559816
mp-22971,SbSBr,98.3496,72.4722,-0.90877926,153.26276,0.021757342,6.804135,4.256533,-0.044489376,9.318475,0.25016314
mp-22982,CuBiS2,12.314194,5.2986813,-1.6681477,14.896824,0.16013108,14.483882,4.862675,-0.4641162,9.525512,0.2446708
mp-22996,SbSeI,46.394962,24.972408,1.10896,44.491344,0.07806373,9.100304,5.046102,0.23185173,9.713476,0.25425267
mp-22989,NaIO3,27.090702,23.186337,1.0920546,43.431458,0.07615983,3.2666974,4.98398,0.34853846,9.734001,0.2899995
mp-23318,BiSCl,31.846449,19.008192,1.4814737,42.923927,0.06608254,6.0316563,4.6813564,0.2325534,8.929935,0.26434442
mp-23041,SbSI,76.615234,70.23468,-2.574667,153.2786,0.020318113,8.207995,17.347263,-31.597498,51.02332,0.044011272
mp-23366,Rb2CoBr4,8.311861,7.051837,-2.5854747,14.693454,0.1613671,3.1380079,5.5773826,-2.7527025,11.53736,0.17273925
mp-23442,KCdCl3,6.0948687,6.2200575,-2.4821188,14.549421,0.15547857,3.0081482,4.0143294,0.3424623,9.369824,0.23240803
mp-23517,RbPbI3,10.829983,5.2404675,-2.6322865,14.1314945,0.15763187,4.535671,5.05253,-0.2412335,9.654507,0.24634522
mp-23489,CsIO4,4.9370074,6.6103163,-1.5147012,14.75201,0.17099288,2.569202,4.4158,-0.48769957,10.212757,0.26851043
mp-23730,NaMgH3,8.892576,6.980295,-1.7693979,13.770368,0.16233817,3.6289587,5.531313,-0.034105405,9.9021845,0.28099295
mp-27199,AuSeBr,4.0559654,5.3398056,-1.511387,13.92028,0.16721705,9.78425,4.8599873,-0.17185664,9.387652,0.24504305
mp-27381,CsSnI3,21.729761,21.035654,-0.9058758,42.756783,0.0729932,4.706226,4.801439,-0.26982772,9.67646,0.2285477
mp-27400,RbCdBr3,6.0202427,6.500185,-1.5090606,13.766581,0.1900909,3.4328413,4.681815,-0.13041322,9.800934,0.25081432
mp-27373,SnClF,47.14084,22.567154,1.5779319,43.433826,0.06490982,3.657578,4.7737703,-0.5438811,9.510818,0.25034392
mp-27499,BaTeS3,11.939844,22.764492,0.60294706,42.259808,0.07169715,6.2395205,4.9001074,0.5275715,9.652302,0.2612788
mp-27349,BSF7,2.259798,6.493328,-2.1462162,14.468376,0.1791661,1.9470414,4.660347,-0.25350556,9.673328,0.25749707
mp-27425,Sr(HO)2,7.626325,6.6188507,-1.7539312,13.422966,0.15911634,2.7457466,5.3232484,-0.5562058,9.4778805,0.26757792
mp-27714,H3OF,3.9260142,6.18396,-2.3697665,13.947323,0.1753139,1.9266042,5.079317,-0.083636306,9.623911,0.25842458
mp-27662,CsI2Br,4.5898876,6.644496,-1.140861,14.020091,0.1793773,3.7495308,5.1720343,-0.051911764,9.899645,0.25950056
mp-28270,KCuS,2.527012,6.097497,-1.46666,14.410322,0.17731228,3.7278368,5.0340276,-0.43856388,9.461515,0.2642787
mp-28218,TlCdCl3,15.41199,5.5891075,-2.5478373,13.861643,0.16611193,3.858054,5.2481785,-0.42443466,8.9049635,0.23936391
mp-28383,KNaS,5.4811745,6.8308644,-1.8708028,14.044344,0.14451793,3.6227517,5.3030586,0.30131724,9.751665,0.26214722
mp-28433,RbClO4,4.2809334,4.5237393,-2.5309546,14.000514,0.15542655,2.153009,4.9980655,0.16380605,9.749091,0.25060675
mp-28603,NaLiSe,5.954389,6.362711,-3.0142052,13.894672,0.160468,4.624967,4.550777,0.12234982,10.168898,0.2669221
mp-28413,Na2(GaSb)3,6.7270403,4.9055996,-2.111914,14.136635,0.15827985,18.796917,20.593071,2.3652134,40.913734,0.08571984
mp-28595,KNaSe,5.2402997,5.7440143,-2.4594672,13.556822,0.15306334,4.0175753,4.6641803,-0.27210575,9.04436,0.25091347
mp-28695,KSiH3,3.9307039,6.596463,-1.9814897,13.721441,0.17337915,3.6806,5.1134233,-0.19903135,9.82672,0.2610521
mp-28612,Na(LiSi2)3,6.0313144,19.688538,2.5261414,44.76913,0.07292036,16.2963,18.852085,3.7537236,42.120327,0.07398598
mp-28912,MnInBr3,26.314842,26.432264,-0.0010457616,42.088173,0.078526855,5.248856,4.0508137,-4.1037955,12.233791,0.1910249
mp-2879,SrSnO3,13.283993,7.006069,-1.6761438,14.008577,0.18133347,4.5227365,5.054202,0.19267005,9.583063,0.2452355
mp-2895,Mg2SiO4,3.9455535,6.008151,-2.1080017,14.343747,0.16476345,2.8951397,4.6830397,0.42147037,9.2569275,0.2742146
mp-29238,TlAgSe,33.07677,22.22668,1.2340086,42.046738,0.07511059,15.14593,4.612832,-0.358291,9.386004,0.28830394
mp-29405,RbSnI3,17.895443,23.832653,3.3538888,44.655407,0.0648475,4.8436785,4.305461,-0.18300407,10.020087,0.25331807
mp-29454,Na3TlO2,7.3836865,5.6770144,-1.7429006,13.975554,0.17127003,4.977521,4.906175,-0.032136828,9.498724,0.26191133
mp-2955,NaMgF3,5.7761354,5.4006023,-2.1732965,13.8293915,0.16088805,1.9483687,4.8568497,-0.14484595,9.475465,0.26268977
mp-29605,SrPr2O4,27.907692,23.743734,1.7105926,45.528328,0.06771014,4.448263,4.846137,0.43587717,9.818197,0.24255215
mp-30133,Ba(CuTe)2,8.232807,21.915352,0.13772465,44.99678,0.06693288,12.41421,5.249509,0.06995573,9.536746,0.25708035
mp-30301,LiClO4,49.366653,22.153563,0.08773795,44.539112,0.074610315,2.3219316,4.633647,0.19905502,9.473336,0.2524404
mp-30548,TlBF4,8.95465,4.949788,-1.5883477,13.820068,0.15968457,2.2382162,5.177561,0.19337906,10.211925,0.24727884
mp-3032,RbBF4,3.8739567,6.4699173,-2.3587894,14.413421,0.17635238,1.818503,4.312641,0.071972854,9.953284,0.24093089
mp-30456,SrLiBi,9.077381,5.87381,-1.959566,14.712123,0.16768192,12.512696,5.261712,-0.27471405,9.207631,0.26820815
mp-3081,BeAl2O4,6.264618,5.980529,-2.366646,14.4314785,0.17910658,3.1687353,4.2564774,-0.050215587,9.471587,0.25250366
mp-30949,Sr3SiO,17.012846,18.962454,0.5539603,43.62873,0.06535055,12.436699,21.763107,0.83924,39.378155,0.08092249
mp-30950,Sr3GeO,17.27493,20.407265,2.2384686,43.48757,0.07455495,13.549741,4.3854113,-0.09351455,9.693647,0.24890345
mp-31116,LaScO3,29.385834,21.222755,1.6755505,43.850792,0.08088857,5.00939,4.693372,-0.15862854,9.700018,0.25680232
mp-31097,KAlH4,6.1894217,6.5361366,-3.2337236,13.728573,0.16951601,2.6364183,5.334594,0.060603514,9.582575,0.26255336
mp-3102,TaCuS3,12.270765,23.449062,-0.60346955,42.823544,0.07076019,12.17392,4.3562355,-0.17782053,9.745247,0.24258582
mp-31468,LiCaN,7.5280805,5.556526,-1.2102063,14.570391,0.16702034,5.9474216,4.356209,-0.54204535,9.403841,0.27406713
mp-3196,NdGaO3,17.80861,6.0971646,-2.1555302,14.058932,0.16859385,4.8309836,4.418681,-0.4825793,9.448187,0.25030476
mp-3318,Na2BeF4,2.6538327,7.001933,-2.0264406,13.350095,0.17173721,1.769075,5.039281,0.29441172,10.123575,0.24329245
mp-3378,SrHfO3,28.299839,20.512165,1.1787124,45.10755,0.06862531,4.3646736,4.666933,0.0831227,9.514415,0.26096952
mp-3858,NaTaO3,341.32935,266.8498,-72.02675,642.14813,0.0039317594,5.290592,4.2693176,-0.6265649,9.402,0.24961469
mp-3792,YAlO3,11.818485,6.051671,-1.8544444,13.987846,0.15998659,4.130627,4.6695147,-0.3322758,9.594068,0.25539804
mp-3822,SrCO3,5.3808084,6.709158,-3.061754,13.600877,0.17446096,2.725649,4.996344,0.6298342,9.805726,0.27975976
mp-3795,NaZnF3,8.808891,5.762478,-1.5235708,13.869228,0.1666174,2.2798429,5.1464195,0.52847576,9.471018,0.24436994
mp-3872,Mg(AlS2)2,5.2898264,6.705456,-2.157287,14.811933,0.18316942,5.405672,5.344701,-0.40533465,9.521242,0.25138092
mp-4192,Ca3AsN,19.643269,21.746948,2.8632054,44.083153,0.074168734,8.580527,5.061916,0.040304154,9.845804,0.25340316
mp-4387,SrZrO3,38.100975,21.29627,1.904167,44.52591,0.070608385,4.697749,4.4863267,0.2578095,9.530086,0.23710683
mp-4473,Ba(CuSe)2,9.121647,6.434554,-1.8547263,14.440112,0.17622617,11.303467,5.7235026,-0.08246607,9.633178,0.23673427
mp-4571,CaZrO3,44.01204,23.784622,1.7206817,43.06127,0.06215497,4.712914,5.4273047,0.0030012564,9.10379,0.2653233
mp-4468,CuSbS2,12.579514,21.784578,1.3686569,42.906578,0.07467912,13.924893,4.4250298,0.32559127,9.446383,0.2619194
mp-4929,KBF4,4.307902,5.398423,-1.4188995,14.0403595,0.1695241,1.7980218,4.56207,-0.4758336,9.681568,0.25952274
mp-505727,NClO,2.0596688,5.929942,-1.7686089,14.878996,0.1487615,2.9139574,4.3143296,-0.62705684,9.391869,0.2676857
mp-5158,KNO3,2.6225817,5.3954144,-3.679756,14.107299,0.17426346,2.0691624,4.6568236,-0.064144276,9.7521715,0.26531035
mp-5251,Ca4CN4,12.206868,5.763997,-2.411015,14.395481,0.16757149,4.953081,4.839833,-0.16789313,9.782946,0.2579211
mp-5185,K2BeF4,6.864739,6.4430866,-1.9481177,13.504227,0.15832102,1.9261864,4.4381514,-0.13859478,9.499085,0.23634191
mp-540771,BaZrS3,100.78218,81.97258,-0.98489827,155.74684,0.02080737,9.587379,5.2381635,0.30020684,9.889874,0.25525734
mp-541062,Ca3GaAs3,10.220943,6.165855,-2.1209667,14.222918,0.15265852,11.892158,4.8836994,0.3289965,9.655959,0.27473333
mp-540839,CsPbI3,10.218717,6.155568,-2.2312415,14.305904,0.17265488,4.432081,5.221365,-0.41570336,9.702511,0.26824754
mp-5504,BaCO3,5.244014,7.2884674,-2.386288,15.057605,0.17336209,2.7608404,4.8796625,0.43414062,9.705393,0.26049215
mp-556857,VCdO3,6.0202703,6.141509,-2.4552822,13.930872,0.19059947,4.7340236,4.946669,-3.2245917,11.882912,0.16572616
mp-5587,Ba2ZnS3,9.057686,5.344542,-2.2480392,14.617723,0.15100202,5.405846,5.1199417,0.1617196,9.366826,0.25103587
mp-560670,MgSeO4,6.5904927,5.782231,-2.399168,13.653792,0.16963272,2.950198,4.5128956,-0.12679541,8.8087225,0.28264073
mp-5614,Li3BS3,3.0907493,5.44069,-1.8352507,14.7400875,0.16147558,3.7334287,4.7839794,0.019309076,9.698511,0.25223827
mp-558760,SrZrS3,22.913952,21.269867,1.2935454,42.992355,0.07207597,7.7328615,4.662258,-0.046847217,9.971303,0.2866603
mp-561480,NaNiF3,4.932407,6.0928144,-1.5899167,14.3371315,0.17276073,2.2464788,3.478331,-2.9466362,13.052385,0.19134887
mp-558645,PBr3O,1.1089976,6.5713806,-2.4204807,13.700988,0.16750968,2.4883273,4.605787,0.11883018,9.5821295,0.26190296
mp-5637,SrZnO2,10.573623,5.7278185,-1.8912221,14.528851,0.16584806,4.263057,4.8424864,-0.12695357,9.374306,0.2501432
mp-567629,CsPbBr3,23.669203,22.305252,1.9960444,42.494667,0.07529962,4.206047,4.681566,-0.029453702,10.065269,0.26466656
mp-567601,Sr4CN4,12.754357,21.635736,-0.9926931,42.079807,0.07370141,5.3392634,4.4846644,-0.035750136,9.445796,0.25092196
mp-567530,KMnCl3,6.8228292,6.33661,-2.2960045,14.441574,0.1636801,3.0734375,3.935742,-3.065226,11.933532,0.16433047
mp-569501,LiCaBi,8.538914,6.5649195,-2.8707228,14.527485,0.16118275,12.94322,5.060602,0.042574555,9.225865,0.25137424
mp-569267,Ca2CdSb2,33.3091,20.805393,1.9595681,44.447277,0.07011563,13.427228,4.7739744,0.55274224,10.212734,0.25906107
mp-571146,SnICl,20.250383,22.706783,2.6880379,44.095886,0.06713101,5.1497173,4.883228,-0.25923935,9.373841,0.25730598
mp-570300,MnTlCl3,15.075789,21.91314,2.5252557,44.38841,0.07215893,4.075235,4.3893785,-3.7349668,11.883219,0.18296331
mp-5926,KCaF3,7.207248,6.559367,-1.8979847,13.8016205,0.1844277,2.05078,4.3175097,-0.38618517,9.715492,0.2529367
mp-5874,TlAgTe,25.968803,22.500828,1.3630427,42.83022,0.070028074,17.692862,20.190754,1.0635114,38.17065,0.07937283
mp-605437,FeHO2,4.176842,7.116645,-2.214934,14.085596,0.15627275,6.018516,4.2192936,-3.179607,12.870459,0.18205589
mp-625152,AlHO2,5.7729344,6.5001154,-2.098864,14.074266,0.16056612,3.094536,5.3098607,0.06734062,9.65984,0.2540036
mp-625404,AlHO2,5.778662,6.307823,-1.9981331,15.728122,0.17246568,3.0848463,5.061756,0.28421792,9.658506,0.25093734
mp-638061,AlInCl4,45.616623,20.40467,-1.2653728,44.850616,0.07644909,3.0137196,4.22692,0.23905233,9.5983715,0.2438677
mp-634326,GaHO2,7.512058,5.769148,-2.8814073,14.730534,0.15867959,3.765472,4.886874,0.14196023,9.159219,0.28430814
mp-672186,TeS7Cl2,0.73599535,6.40197,-2.0102477,14.323968,0.15781756,3.6899686,5.5394487,-0.11716145,9.561694,0.24649641
mp-675601,Al3NO3,6.9652605,5.436718,-1.487614,14.491867,0.17469016,3.6271534,4.974015,-0.10380033,9.556039,0.25652188
mp-696983,KGaH4,5.5550337,5.828369,-1.5710621,13.884565,0.15971054,2.738044,4.739354,-0.24589756,9.287327,0.24781708
mp-683875,TeS7Br2,0.7346855,7.557822,-2.8383417,13.870599,0.15747324,3.389138,5.328373,0.09742084,9.746022,0.27231234
mp-7084,SrCaSi,15.4457,22.817688,2.5007763,44.05107,0.07603676,16.613895,21.9584,4.8088436,39.69011,0.08328176
mp-7427,Ba(ZnAs)2,12.653969,25.588861,1.7461171,42.8004,0.07267765,17.574713,20.74949,3.8111336,39.54784,0.08823294
mp-754578,TmGaO3,17.086699,7.1676164,-1.6423961,13.938049,0.15779331,4.4828157,5.2661047,-0.3318833,9.649411,0.23183966
mp-755428,Rb3ClO,6.0685406,6.8891315,-2.2128084,13.426331,0.16380078,3.017111,4.369371,0.069226824,9.447744,0.26104802
mp-755363,Ba3SiO,21.05526,19.1423,1.642104,43.71623,0.07373995,15.187331,19.458138,1.7143918,39.63957,0.08307719
mp-754853,CaHfO3,27.48986,23.688686,0.69591445,42.421383,0.07079861,4.359669,4.8507595,0.3872371,9.851086,0.2653943
mp-755792,LuGaO3,17.887909,24.075382,2.810535,46.09782,0.07493932,4.426937,4.328541,-0.2795475,9.148632,0.26212424
mp-756365,CaCeO3,19.7954,21.11857,-1.3511236,41.817627,0.07005786,5.2984014,4.0481825,-0.079621345,9.135751,0.25594383
mp-765493,Ba2Sb2O5,5.909386,6.380151,-1.499813,15.153318,0.18278521,3.985502,4.4919815,0.19698277,9.173206,0.26803738
mp-7756,SrLiSb,9.991929,5.5767183,-2.2750776,13.946606,0.16782019,10.1258955,4.358618,0.009125754,9.8929205,0.2865187
mp-777541,Fe2OF3,6.055146,6.191287,-1.5449995,14.676495,0.17153971,3.2104502,4.71389,-3.318761,12.497427,0.1700031
mp-776816,Li2FeF5,8.874348,6.295705,-2.016319,13.704817,0.17184313,2.4219072,4.3292065,-2.3711903,12.12707,0.2015347
mp-7792,YScS3,14.384852,6.989356,-3.60289,14.080462,0.1595091,8.095304,4.4306383,0.06143468,9.645262,0.22899793
mp-7899,BaCdO2,15.061114,20.500628,0.883169,45.134277,0.06837727,5.278144,5.845275,0.31642094,9.265837,0.23084398
mp-8216,LaBO3,12.661225,21.421156,0.59973514,45.171173,0.06681838,3.814282,5.041676,0.1592986,9.323111,0.2646456
mp-8725,HfSnS3,13.914165,6.1949005,-2.5833807,14.584244,0.17526843,7.80547,4.700977,0.05004997,9.660353,0.25778857
mp-8755,KNaTe,4.97075,5.3493366,-1.416157,14.22139,0.17492649,4.4348826,4.766635,-0.09183656,9.874118,0.26191434
mp-8754,NaLiTe,5.852297,5.8496466,-2.6340141,14.488849,0.1731013,5.37887,4.9344864,0.11133063,9.709871,0.26114422
mp-9628,KCdF3,7.0251904,5.5616875,-1.6841186,14.309283,0.17644104,2.3258436,4.1779914,-0.03579355,9.400121,0.23341058
mp-974682,RbGaH2,4.184824,5.4041157,-1.4288341,14.404154,0.16493605,5.2190547,5.325206,0.08239331,9.462229,0.2576649
mp-998428,CsCaI3,4.267357,6.2524023,-2.450898,14.291799,0.1968297,3.357148,5.3299093,0.014625541,9.52099,0.2693583
mp-998592,RbCaI3,4.4916353,5.4101,-1.7868432,13.308648,0.16342662,3.3889866,4.749153,0.08884893,9.612439,0.24562246
mp-998609,CsNaF3,6.990349,5.5957327,-0.813548,14.576715,0.1677709,20.808739,6.1108294,-18.713066,34.301903,0.058009353
mp-998778,RbSnBr3,83.6859,74.30824,1.7411076,155.29655,0.02444332,3.9692385,4.9526434,-0.25693843,9.626894,0.28426018
mp-1029297,LiZr2N3,26.870165,83.2396,2.4937694,157.6891,0.023290038,13.034664,3.8221211,-0.20093077,10.02244,0.24340591
mp-1029331,LiHf2N3,15.023384,24.005676,-0.25382492,45.534794,0.07975981,8.32782,4.920927,0.043425307,9.966539,0.27896443
mp-10381,K2CuSb,6.624623,6.7529345,-2.5712612,14.818221,0.16114824,6.986735,5.6610017,0.06487483,9.573485,0.2452123
mp-1077383,CsAuS,6.985217,5.5124326,-1.65181,14.33712,0.16340715,4.0648675,4.7537537,0.20450056,9.48507,0.25253457
mp-1078709,Na2BiAu,10.576511,19.776165,0.8406474,43.480835,0.06693826,20.01237,22.163849,3.1684875,40.441402,0.08276201
mp-1078965,Cs2Sb2Pd,6.804363,5.0503693,-2.0203354,13.199055,0.16365808,8.267654,4.730218,0.14309663,9.4391985,0.24429871
mp-1079513,K2As2Pt,5.9115696,6.2143097,-2.4034169,13.188342,0.16881125,9.096888,4.501381,0.25761485,9.38955,0.27264556
mp-1084770,K2BiAu,7.597826,7.0430927,-1.637122,14.537016,0.17273505,9.238555,4.4754663,0.020142877,9.56994,0.25265482
mp-1080232,CsSrI3,3.789963,5.20275,-2.1513996,13.3280735,0.17143348,3.2230356,5.1454744,0.03909809,9.531353,0.2495367
mp-1080693,Cs2Bi2Pd,7.521338,6.4151316,-1.8325282,13.849132,0.17771228,9.897398,4.3799977,-0.2065518,9.303148,0.2523525
mp-1095586,LiGaH4,3.9051387,7.1812015,-2.3620129,14.268031,0.1823654,3.0767567,4.5383673,-0.24420416,9.414655,0.25214988
mp-1096933,CsAgO2,3.469518,5.588878,-1.7088047,13.718568,0.16974713,3.9806747,4.696234,-0.17417094,9.276136,0.25626367
mp-1102077,NaAlF4,3.7132342,6.50651,-2.4657753,13.157879,0.157987,1.8680773,4.849249,0.39632934,9.55542,0.26043516
mp-1178403,Cs2TiO3,10.774608,5.329118,-2.0409813,13.793776,0.16984467,3.7057216,5.060481,0.7264337,9.961877,0.24640141
mp-1178405,Cs2HfO3,14.509098,7.4121284,-1.352854,14.698896,0.16393551,3.411621,5.340348,0.386481,9.26453,0.23299654
mp-1205610,Cs2P2Pd,6.6543846,5.0693407,-2.4027538,14.92584,0.17605154,6.9853215,4.839857,0.024527524,9.516514,0.24435405
mp-1205648,Rb2NiAs2,5.8423414,6.728395,-1.272856,14.5905905,0.1751028,8.612889,4.7999144,0.52516437,9.438412,0.24657747
mp-1205714,Rb2P2Pd,5.768807,6.1409154,-1.8758863,13.880959,0.18306768,6.7803936,4.9003057,-0.04295791,9.773237,0.23396413
mp-1205533,TlSnI3,42.16551,21.731905,0.13877262,43.495296,0.070414916,6.8443227,4.882697,0.19366722,9.634153,0.26606405
mp-1205511,Rb2NiP2,5.4177365,6.957185,-2.7761323,14.171371,0.20121947,7.49459,4.9570026,0.11054184,9.722502,0.26036754
mp-1205560,Rb2As2Pd,5.5586076,5.118711,-2.6770275,13.261913,0.2012273,7.438667,4.607053,-0.010233449,9.876854,0.23612373
mp-1205862,RbSrI3,4.4768023,5.787286,-2.5595078,14.319349,0.17068602,3.2251334,5.7631607,-0.16957767,9.496205,0.2322714
mp-1205521,CaTlBr3,11.918419,6.737796,-2.6168025,13.980765,0.16100146,3.7772896,4.7704587,-0.1618384,9.350173,0.249215
mp-1205548,KSrI3,5.880991,5.642495,-1.8313876,15.048529,0.16577864,3.2746546,4.2588463,-0.37255,9.615332,0.24647725
mp-1205641,Rb2P2Pt,6.6240306,5.8878727,-2.1777945,13.927557,0.16632701,7.0487657,5.2130117,-0.4791529,9.817161,0.25159463
mp-1206689,Cs2NiAs2,7.0839963,6.574722,-1.7868884,14.309253,0.16710036,8.436666,4.5987673,-0.0286243,9.359114,0.22454487
mp-1206558,Cs2As2Pt,7.626068,6.3139906,-2.2243125,14.190485,0.16474943,7.5499444,4.627563,0.4655582,9.771722,0.24739733
mp-1213704,Cs3LiPb4,7.4134126,6.6035495,-2.1117415,13.396577,0.18693799,10.967698,5.125538,0.013893555,9.67578,0.26736152
mp-1214796,Cs2SbF5,5.9216294,5.506793,-2.561606,13.945293,0.16075917,2.3916342,4.977029,-0.09821924,9.499883,0.24494986
mp-12286,Sr2Ta2O7,117.30955,82.842926,6.3298836,148.6582,0.020785829,4.4596634,4.2877636,-0.23550846,9.732876,0.2720141
mp-13133,K2TiO3,13.78038,5.0281696,-1.8986229,13.937622,0.18580447,3.2801805,5.065544,0.25771308,9.834882,0.2578495
mp-13676,TlPO4,12.823907,7.1040945,-2.0138872,13.81063,0.17079519,4.0875826,5.0200696,-0.12227352,9.795707,0.24760209
mp-13445,Rb2As2Pt,5.037679,6.3524494,-1.4679707,14.730614,0.1743726,8.368824,4.30185,-0.57136685,10.47524,0.25583708
mp-1524357,BiPO4,33.154297,21.070992,1.9400332,45.03213,0.07406941,4.193103,5.0088325,0.26705483,9.561905,0.26404515
mp-15684,K2CuAs,5.8095455,6.293851,-1.6389276,13.565295,0.1647601,6.900686,4.9541616,-0.11731573,9.397276,0.24709737
mp-15685,Na2CuAs,6.340068,6.1689987,-2.6910434,13.964289,0.16176955,10.384366,6.0375543,-0.1457425,9.48167,0.25368026
mp-18781,CrCdO4,4.7760267,6.0814247,-2.4603417,14.354403,0.15773769,4.028601,4.5300694,-0.20656013,9.455685,0.23402283
mp-18835,VPO4,5.049812,5.429335,-1.4205563,14.575335,0.16285744,3.8375084,3.9667683,-2.525877,12.143956,0.17241538
mp-18726,CrNiO4,3.4375558,6.8376737,-0.79046583,14.676769,0.16793177,4.621696,5.0890226,-3.2542036,12.593089,0.18604146
mp-18779,Na2CrO4,7.4340353,6.1161427,-2.798532,14.41803,0.17834355,2.8177302,4.686786,-0.17743169,9.891662,0.24380176
mp-18817,NiSeO4,3.7964811,6.125684,-2.3700864,13.763258,0.16246149,3.6276464,4.565613,-3.0665817,12.287372,0.18607356
mp-19120,MgCrO4,4.3845882,5.446306,-2.4212036,13.297439,0.16898869,3.6230028,5.053328,0.5280463,9.616465,0.26103076
mp-22170,Li4PbO4,4.7452245,5.9096045,-2.1637232,13.904519,0.17037615,4.0149465,5.3769693,-0.18528746,10.185015,0.26187414
mp-22443,VInO4,5.4289145,4.606456,-2.8104498,13.794427,0.16908671,4.1002474,5.6350875,0.4701401,10.072998,0.2539118
mp-22968,NaClO4,3.4787793,6.335325,-2.146805,14.612277,0.16501954,2.178222,5.076447,0.2874893,9.431015,0.26859903
mp-23891,NaHO,2.546898,6.967413,-2.0199058,13.911851,0.17808259,2.3420644,5.0916843,-0.09889968,9.130066,0.25865144
mp-23918,NaGaH4,4.730631,6.8902497,-2.063356,14.018312,0.1629116,2.8757854,4.8270907,-0.22540797,9.537998,0.26578048
mp-27186,MgVO3,3.1350985,5.773862,-1.5997604,13.42638,0.16934155,3.3015232,4.7372565,-3.7775698,12.375559,0.17416345
mp-27549,K2AgBi,5.6991053,6.1154795,-2.3523128,14.273121,0.17575577,8.821296,5.2999744,0.22688289,9.536858,0.24240994
mp-28358,NbAlCl8,1.2182474,6.6171985,-2.4087625,14.425139,0.15786959,2.4708843,5.02273,0.350717,8.984647,0.2621938
mp-28237,RbLiBr2,10.202104,5.9187913,-1.9729062,15.008112,0.19681332,2.748133,4.6034727,-0.21731071,9.274497,0.26985306
mp-28243,RbLiCl2,9.733284,6.1655536,-2.9491646,14.214855,0.18687844,2.515192,5.089938,-0.19919702,9.690883,0.24550377
mp-28231,Ti2FeO5,24.26647,23.810545,2.8199615,46.11188,0.06878701,5.8126836,4.935545,-2.7200131,12.216773,0.17642742
mp-28232,MgTi2O5,23.40705,24.391483,0.03399771,43.61764,0.062539555,5.1890507,5.492532,-0.16978307,9.793665,0.27301264
mp-28534,CaInBr3,332.93463,264.50916,-118.02864,662.19275,0.0043512494,3.990986,5.2308235,0.2592764,9.370677,0.23841368
mp-29205,YBO3,9.148892,6.809724,-1.7889383,14.879017,0.16603625,3.554221,5.027169,0.23445764,9.832304,0.25495225
mp-29175,Ca2AuN,11.216217,5.371209,-2.4078686,14.894613,0.16647285,14.506786,20.074392,4.228725,39.17415,0.08196328
mp-28582,CsB3H8,3.693627,6.297907,-1.9680775,13.821571,0.15370062,2.4463625,4.8354855,-0.28166723,9.400565,0.25781608
mp-29410,Li2B2S5,2.2670531,6.151924,-2.2433934,13.761025,0.16549319,3.8925962,4.493373,-0.27595907,10.076939,0.24881949
mp-3247,Cs2TiS3,7.385889,6.94933,-1.9558916,14.160688,0.1783145,4.856065,4.259132,-0.20740236,9.486242,0.2621229
mp-3982,KCuO2,2.034758,4.8438253,-2.0139277,13.949442,0.17853342,4.139758,4.871463,0.42008626,9.429686,0.2811276
mp-4009,BaPdS2,15.638563,6.6517277,-2.6715524,14.761391,0.15913203,7.798031,4.617667,-0.12561002,9.599097,0.26560482
mp-3521,NaBF4,2.9469862,6.447012,-2.1095998,14.284787,0.16403522,1.7540041,4.805291,-0.054587148,9.615615,0.24863857
mp-4784,CaPtO3,6.7354875,6.3366923,-2.1709921,14.616438,0.15826276,7.308618,4.942394,-0.4331424,9.724822,0.25975114
mp-4406,CaSO4,4.9089675,6.5802326,-1.9338189,13.105574,0.16245095,2.6649504,4.276865,-0.13327317,9.566716,0.27057603
mp-4558,Li4GeO4,4.24035,6.54685,-2.5639217,13.301479,0.18541588,2.9489214,4.6670036,-0.008047399,9.373618,0.25158432
mp-541037,CsCuO,10.62215,6.125163,-3.6282601,14.148672,0.16521439,3.8039804,4.6253204,-0.09462174,9.579503,0.25131407
mp-553310,CsCuO2,3.7077856,6.531289,-2.1566248,14.149937,0.16271439,3.8871083,4.8496695,0.44873187,9.883843,0.27240998
mp-557401,Na6PbO5,6.288429,5.9433336,-2.3224568,14.682839,0.16915567,3.7800062,4.5803347,0.09692869,9.704936,0.2558077
mp-560029,Y3BrO4,10.38803,6.197052,-2.4102447,15.630183,0.16381244,4.048793,4.9814477,-0.015422144,9.234528,0.23768672
mp-574599,CsAuSe,5.7814283,5.4459467,-1.4669645,13.181707,0.17184226,4.2988296,4.884158,0.21651718,9.721569,0.25675282
mp-643023,Mg2H4Ru,7.479955,5.206973,-1.3458682,14.401648,0.16172972,6.592542,5.0065746,-0.5365487,9.804796,0.2455937
mp-697047,Li3H4Rh,6.459195,5.308879,-2.0756354,13.528173,0.16019087,11.289797,4.280015,-0.11037359,9.109875,0.22888638
mp-7392,Na2AgSb,7.019473,5.7253413,-1.3587178,13.74056,0.15807165,12.073621,19.383202,2.9821854,40.17496,0.08486973
mp-7077,KAuS,9.290915,5.7147856,-2.2722964,14.09703,0.17193475,4.3396482,4.864607,-0.17555524,9.363092,0.23872627
mp-7472,RbAuO2,1.947583,6.6442165,-1.562094,14.598145,0.17885353,3.573944,4.3793907,0.2130775,9.096923,0.26958242
mp-7467,RbCuO2,2.0502594,5.3507986,-1.3010597,14.148055,0.1631795,4.0432863,4.9096813,-0.3306548,9.536996,0.2546591
mp-753066,Ti2CoO5,23.16297,22.048155,1.7273493,43.364677,0.07174315,5.923261,4.1544933,-0.12899256,9.472732,0.2585718
mp-7505,K2P2Pd,3.7288866,6.50171,-2.911017,14.012709,0.18184832,7.631263,5.2910357,-0.092216186,10.07714,0.2644553
mp-754639,FeSeO4,4.6230044,6.1843305,-1.2511733,15.241383,0.16843244,3.4906046,4.7011747,-0.36529467,9.343884,0.2602528
mp-755896,ZnCrO4,6.604095,5.7249346,-1.7814571,13.835165,0.16655542,4.603498,4.880576,-0.08952626,9.50238,0.2595234
mp-7572,MgSO4,4.659,5.3172193,-2.4169376,13.004333,0.17824024,2.5662804,5.2766724,-0.24574044,9.677383,0.28299135
mp-7566,InPO4,6.0123034,6.4217777,-1.9259928,14.777512,0.17076771,3.217756,5.172355,0.047716446,9.606683,0.25547406
mp-7639,Na2CuP,6.540572,5.808383,-1.623025,14.527434,0.1545141,9.474714,4.5921345,0.12643316,9.742822,0.26209643
mp-7642,K2AgAs,5.7026253,6.84799,-1.1889421,14.065441,0.16223943,6.978394,4.693595,0.19729093,9.332206,0.25636286
mp-761036,CdSeO4,6.9066157,5.5270214,-2.1740048,13.798527,0.16857074,3.4094057,4.549143,0.27898073,9.310537,0.27458322
mp-760461,LuBO3,7.388094,6.6344957,-1.7107275,13.136222,0.16591188,3.2789233,4.657381,-0.5452146,9.401442,0.23984076
mp-7643,K2AgSb,5.2516813,4.5573792,-1.7137979,13.69162,0.15814677,7.3673368,4.8503256,0.11200909,9.489933,0.24423683
mp-8411,Na2AgAs,8.791594,5.8129177,-2.3216305,15.229657,0.16336437,11.011721,4.242059,0.3337205,9.719552,0.24886833
mp-7774,Na2SbAu,15.653472,20.14192,0.70836467,40.636726,0.06478957,18.053204,23.257597,1.9449087,39.242794,0.07982348
mp-8147,K2As2Pd,4.525704,5.7986317,-1.8138149,14.302731,0.15874651,8.576516,4.309557,-0.23225571,10.014464,0.23423679
mp-8446,K2CuP,6.2263103,6.9240727,-1.6291018,14.429583,0.15412982,6.521411,5.0333,-0.25034833,9.226032,0.2516253
mp-7773,Na2AsAu,10.083046,6.4531846,-1.9383022,14.141681,0.16361064,12.778954,4.9173856,-0.22059509,9.681703,0.2613691
mp-850855,Mn2OF3,6.7629957,7.1543803,-1.878518,14.889151,0.17248063,6.79014,4.747981,-2.5686474,11.77965,0.19164252
mp-863757,K2SbAu,6.6551766,6.4812384,-2.464253,13.518387,0.16772729,7.6386657,4.292808,0.4041484,9.74226,0.24945225
mp-8759,Cs2ZrO3,18.850237,21.150406,-0.34731525,44.21122,0.06650485,3.4980907,5.059984,-0.21481001,9.646981,0.25229836
mp-8459,CdSO4,6.600506,6.4046555,-1.5548052,14.711511,0.16730225,2.9121373,5.1072645,-0.05797481,9.763022,0.264373
mp-861243,Cs2SnO3,20.683859,23.301315,0.2640297,45.377563,0.07187284,3.519099,4.97128,-0.1923969,8.885344,0.27841812
mp-8857,Cs2As2Pd,6.5777183,6.1872053,-1.4869992,13.631949,0.16840883,7.4103055,3.9986448,-0.58469427,9.715147,0.2603966
mp-9010,RbAuS,8.03962,6.0047026,-2.164347,13.685216,0.17185573,4.1584396,4.8225975,0.014802804,9.447465,0.26221672
mp-9029,Ca3VN3,11.316429,5.4770536,-1.1405859,13.790796,0.16972603,8.496522,4.530773,-0.16970381,9.451133,0.2641983
mp-9172,Li4TiO4,4.736155,7.003188,-1.2897158,14.18831,0.16907129,3.2463741,4.3426523,0.21247163,9.4778595,0.25256103
mp-9672,K2NiP2,4.8543053,5.343267,-2.0660722,14.187113,0.16273957,8.633256,4.7133636,-0.21364528,9.742524,0.25520754
mp-9687,K2PAu,9.377364,5.9253187,-1.8655696,14.493124,0.16440217,6.6412215,4.5174,0.22619854,9.470932,0.26655254
mp-9731,RbAuSe,6.4502344,5.2586684,-1.3577762,14.090197,0.16014966,4.425907,5.149312,-0.028735243,9.332678,0.27537963
mp-9778,K2AgP,5.1222825,6.65159,-2.203103,13.9387245,0.16198984,6.717038,4.6950536,-0.57808316,9.901622,0.2737835
mp-981511,Y3SbO7,36.815666,78.08099,5.5163736,160.61267,0.019884633,4.275515,4.98569,-0.043607686,9.162623,0.27401632
mp-9881,KAuSe,7.91165,5.882805,-2.2102401,14.7339945,0.17064635,4.6799273,4.590745,0.48146656,9.353488,0.2347125
mp-9856,Cs2ZrSe3,10.334091,6.8837357,-2.0744905,14.513787,0.15223928,4.861656,5.088069,-0.45123237,9.461575,0.2620182
mp-997002,KAuO2,3.0488257,5.791797,-2.7136118,14.769653,0.16777633,3.5495343,5.1436243,-0.1736705,9.871325,0.28798553
mp-997024,CsAuO2,3.5322227,6.244235,-1.9224328,14.857493,0.15414779,3.4723685,4.654504,-0.20512033,10.0842,0.23446311
mp-997041,NaCuO2,3.1645367,6.009098,-1.6887859,14.903949,0.18732637,4.756873,21.342495,2.8791842,39.180622,0.08292992
mp-997052,RbAgO2,3.071848,7.3076572,-1.0666487,15.02399,0.17043121,3.9657419,5.0364347,0.5311167,9.771388,0.2825539
mp-998604,RbPbCl3,16.35767,22.818546,1.1475911,44.183853,0.075700976,3.3094556,4.8839817,0.37270063,9.815347,0.24094293
mp-998599,KCaBr3,4.713157,6.067391,-1.3786722,13.882995,0.17032537,2.9688537,4.994194,0.08951238,9.540042,0.2526321
mp-997088,KAgO2,3.0729852,6.245206,-1.5638527,14.684874,0.15549603,4.103637,4.8938875,-0.019555956,9.538612,0.2543904
mp-998787,CaTlCl3,10.792333,6.546335,-1.8902148,14.620651,0.17342176,3.331394,5.3666725,-0.23993254,9.243348,0.24029742
mp-998603,RbPbBr3,15.078928,5.9968014,-1.9298579,14.285645,0.1648108,3.8324237,4.924964,-0.39014044,9.946566,0.25676823
mp-1029763,ZnSiN2,10.640682,5.0670195,-3.2051399,13.333458,0.16090043,6.0738482,13.088013,-28.340567,52.575882,0.03854022
mp-1029506,CaSiN2,9.754969,5.7125044,-1.7957875,13.5892105,0.1715641,4.853666,4.942116,0.21613596,9.342352,0.2563754
mp-1029770,BaCrN2,24.583614,79.77097,3.002009,159.93393,0.021757329,208.70947,113.973145,-12.990008,287.37018,0.010068141
mp-1029959,Ca2MnN3,60.96037,83.46837,2.267081,153.97063,0.019379739,,5.1080933,-3.9065056,12.27744,0.18979076
mp-1029550,Ca2CrN3,3.797206,22.266874,-0.09398082,46.187725,0.08424811,31.81566,147.08057,-15.296253,280.19623,0.0100588845
mp-1029773,Ca2TaN3,23.314898,23.90267,-1.3946108,44.233982,0.077253744,6.211281,4.7255783,-0.2700936,9.789304,0.24036887
mp-1029711,NaVN2,11.622888,7.6556716,-2.175583,14.275906,0.16255549,6.409455,5.4625254,-0.52385885,9.89041,0.26191735
mp-1029915,Ca2SnN2,13.543399,77.45116,0.080867514,149.73,0.019608619,303.00504,152.89148,-14.370601,306.26923,0.010384283
mp-1029832,Ca2NbN3,20.531488,20.112148,1.4271151,44.779865,0.07195533,6.6634274,4.4727325,0.0543561,9.309001,0.24358144
mp-1192373,Ba3AlP3,14.958956,22.217426,-0.1706429,44.57328,0.0659298,8.915935,4.5867333,-0.16701107,9.382493,0.23685446
mp-1208839,Sr2H6Pt,8.849817,6.1595306,-2.070475,14.560973,0.1683423,9.783232,5.004174,0.1262379,9.863094,0.27555302
mp-1209528,PdPb2F6,16.46848,5.6219306,-2.3736086,13.07679,0.17525092,3.507264,4.6803627,-0.044728424,9.521089,0.2760426
mp-19034,Mg3V2O8,5.8886065,5.4824915,-1.870151,13.661181,0.17419088,3.7644656,4.2372293,-0.2247745,9.932408,0.23988743
mp-17696,Ba2VN3,14.251075,6.7148194,-2.288202,13.758233,0.15499897,7.245092,4.910286,0.092003495,9.611263,0.25693
mp-28557,Ag2PdCl4,14.731626,22.865608,0.5045748,42.92536,0.06747844,4.9617352,4.066491,0.5923398,9.816101,0.24443863
mp-28626,LaSO,11.111082,6.804885,-2.1604173,14.99404,0.16487446,5.812063,4.9798517,0.29430202,9.597729,0.24048723
mp-29794,Ba2PdF6,4.7177052,4.8860583,-2.1194577,13.696037,0.17065704,2.5485551,4.8807898,-0.010798888,9.601179,0.26513293
mp-3777,BaSiN2,10.793442,5.6742563,-1.8885522,14.055658,0.16439861,5.3270135,4.421633,-0.1992461,9.280149,0.27358353
mp-567228,Na2PSe3,4.1864963,5.49337,-3.063638,14.562843,0.18169424,5.047221,4.607384,-0.26581395,9.405515,0.24272373
mp-557552,Sr2CuF6,4.6801524,6.0315504,-1.5641744,14.09408,0.18534783,2.3989508,4.507677,-2.7365685,12.173974,0.18488823
mp-643253,Ba2H6Pt,8.902412,6.4328446,-1.6304504,14.301897,0.15441233,6.3372107,4.457608,-0.34825706,9.4554405,0.2572019
mp-8388,K2CuF4,5.645475,6.1901445,-2.2473278,13.750324,0.17897534,4.461185,3.465355,-2.9529312,11.785594,0.17487451
mp-1182867,AlWO4,15.527029,23.977009,1.7899402,45.12786,0.07373356,4.624413,5.116762,0.029604765,9.400444,0.24835722
mp-1213733,CrMoO4,25.275337,23.102345,1.6604741,44.11835,0.06975965,7.4596977,3.9005988,-2.6624444,11.840423,0.18457507
mp-18971,Mn(PtO2)3,2.4370542,7.000184,-1.7393779,13.763102,0.17359672,16.22113,3.4613822,-3.3296366,11.729078,0.1898053
mp-19238,Co(PtO2)3,2.3482697,6.244114,-1.7103859,14.193245,0.15779789,15.857701,3.9406776,-2.4414017,11.703319,0.1795175
mp-28439,KSc2F7,5.8983674,6.94392,-1.5613059,13.986878,0.18876864,2.4182596,4.314638,-0.6251462,9.960155,0.25221646
mp-29009,Li2MgBr4,6.614216,5.6526413,-2.181186,13.756561,0.18373436,3.415662,5.2379265,0.21591909,9.906089,0.26323345
mp-28250,Li2MnBr4,9.069637,6.353409,-2.4383993,14.288282,0.1739622,3.6565833,3.3905683,-2.1350293,12.093174,0.18455046
mp-33857,CrSbO4,4.1151037,6.360921,-2.0669913,14.03423,0.15675637,5.1980157,5.697114,-0.0063433573,9.782955,0.24252932
mp-676861,AlSbO4,7.2344675,6.5603666,-2.699584,13.8889885,0.16299541,4.0658355,5.565472,0.17158258,10.055111,0.24494688
mp-674490,FeSbO4,9.805111,7.1119413,-1.925658,14.571731,0.16094741,5.2676115,4.400461,-3.852054,11.529814,0.17074214
mp-755287,Ca3CdO4,12.937869,5.899474,-2.0743918,14.056024,0.1604368,4.252512,4.7784915,-0.22130257,9.8034115,0.24861763
mp-756849,LiFeF4,5.6341286,5.1201687,-2.3761632,14.023941,0.15965568,2.4549136,4.4562335,-3.2245367,12.172613,0.17746511
mp-756340,TaCrO4,173.86554,74.3801,3.753602,153.91232,0.021269267,5.951413,5.292113,-0.32851237,9.804381,0.27517197
mp-765970,Ti3Sn7O20,20.940521,23.423382,2.2357323,44.092983,0.08239432,5.3981514,4.6595907,0.022331255,9.861201,0.25439027
mp-761118,Ti7Sn3O20,133.46326,78.86501,1.5941485,160.31027,0.024499394,6.7745023,4.3855324,-0.023416243,9.476407,0.25641847
mp-760403,CaCd3O4,13.944618,5.7117767,-1.9908583,13.88543,0.18116643,6.067898,4.3547745,-0.28511903,9.261814,0.23964812
mp-8208,Mg(PtO2)3,2.4058468,6.080798,-1.5278761,13.845267,0.18023008,15.015072,19.79116,4.122526,39.417717,0.08055208
mp-8207,Zn(PtO2)3,2.841233,6.48405,-2.883803,14.528273,0.17964803,15.758667,19.927235,3.9136453,40.7054,0.083609276
mp-8212,Cd(PtO2)3,1.886582,6.2299433,-1.682416,13.7048025,0.17523886,17.373425,20.143581,1.4977527,40.000324,0.07995309
mp-866818,Ca2SnS4,3.521329,6.7631335,-2.1140301,13.987757,0.18168443,5.475268,5.2315845,0.13166952,9.025949,0.23952839
mp-1104062,Sr(GaSe2)2,4.9392314,5.766036,-1.9559119,14.454971,0.15060844,6.323589,4.6767597,-0.576309,9.428644,0.26797777
mp-1103722,Al2PbS4,36.31043,22.42857,3.6524096,43.33644,0.068644956,6.454179,4.8196416,-0.13242133,9.402809,0.26983675
mp-21183,Ba(InTe2)2,4.6464577,5.9449263,-0.9598228,14.454664,0.15414508,8.193711,4.9534063,0.3033396,9.716635,0.26228866
mp-20397,Sr(InTe2)2,5.8352456,6.6148276,-2.330918,13.580499,0.18378612,9.104777,4.472687,-0.40717518,9.222708,0.2495818
mp-36988,Ca(AlSe2)2,6.668388,6.510977,-1.844312,14.407866,0.16008227,5.9036245,4.458969,-0.14222385,9.487875,0.2391659
mp-8422,Sr(AlSe2)2,4.524414,6.7983284,-2.6627307,13.68587,0.17925547,5.388133,4.6763053,-0.17392334,9.465556,0.25523672
mp-6987,Sr(GaTe2)2,5.089027,6.1582336,-2.2255278,14.089577,0.14879689,9.124085,5.0960817,0.039283328,9.483223,0.2516542
mp-7841,Ba(GaSe2)2,4.3546977,6.5509777,-1.7458357,13.705888,0.16186796,5.8569775,5.14364,0.19912095,9.84641,0.25505054
mp-1214420,BaHfF6,9.26764,5.1182404,-2.3906598,14.557019,0.1808168,2.4645922,4.1217647,-0.23895863,9.148423,0.24028368
mp-1208602,SrZrF6,9.433822,6.94175,-2.9465199,14.213293,0.17065397,2.4976761,4.926899,-0.3735794,9.50382,0.24426195
mp-7310,ZrPbF6,16.82508,5.6044245,-2.2583141,14.803366,0.16951504,3.032481,4.8846197,0.5380135,9.3858385,0.2566602
mp-674341,Sc3TaO7,39.004444,21.390844,2.4978585,45.96908,0.07799267,5.4786367,5.028289,-0.57787824,9.979696,0.24120189
mp-8232,BaZrF6,9.282502,5.3081093,-2.2483916,14.908862,0.1541499,2.5396395,3.8819733,0.048265252,9.555414,0.2558324
mp-11695,Rb2Pd3S4,6.9335613,7.4747953,-1.7417501,14.674004,0.16569948,7.233717,4.450021,-0.15503602,9.405436,0.26414126
mp-1079718,Rb2Ni3S4,3.4137719,5.712778,-1.8742354,15.0698395,0.16166791,6.8508105,4.411375,0.13573542,9.407314,0.26698413
mp-11694,Cs2Pd3Se4,4.0134306,8.273242,-1.7556638,14.154605,0.16563262,6.8555465,4.8599916,0.07938103,9.411637,0.25327826
mp-14336,Cs2Ni3Se4,3.0993135,5.996229,-1.7681943,14.127531,0.16512142,7.8777447,4.913865,-0.2855485,9.62285,0.2630315
mp-13992,Cs2Pt3S4,4.1897607,7.054158,-2.3454392,13.619649,0.16966254,5.8597827,4.882916,-0.0597275,9.635354,0.2531034
mp-14338,Cs2Pt3Se4,4.142666,5.639645,-2.376433,13.9654,0.16938846,6.543259,4.838359,-0.030755708,9.495351,0.2596243
mp-510268,Cs2Pd3S4,4.3590035,6.072261,-1.6649747,14.2119055,0.16125411,6.1348047,4.901806,0.17029877,9.140112,0.24244672
mp-4030,Rb2Pt3S4,5.163937,6.031884,-2.236778,13.51952,0.17207444,6.0528283,5.0745506,0.33148158,9.97512,0.26917142
mp-1029679,BaGe7N10,13.4856615,6.4791,-1.6290913,14.596153,0.1717966,5.099603,4.5948324,0.023967648,9.683772,0.25015453
mp-13923,SnPS3,21.42097,18.343521,1.8965852,44.123264,0.06264144,7.062937,4.94436,0.033260345,9.635742,0.28266087
mp-23376,GaSeBr7,6.640809,7.318244,-2.1375554,14.149911,0.1796125,3.8573835,5.3640385,-0.12812571,9.601565,0.25867933
mp-29703,BaSi7N10,8.264546,5.7397337,-1.2390041,13.709733,0.16868751,4.3472385,5.196392,0.4405657,9.274456,0.30041686
mp-29541,GaTeI7,4.9798803,6.7479677,-1.587742,14.341029,0.17558041,4.6583138,4.32131,0.08277145,9.216465,0.2753307
mp-625254,P(HO)3,9.939033,6.30319,-2.7785647,14.566384,0.16028081,2.5157206,5.1034,0.039170995,9.497496,0.29983932
mp-570370,SnPSe3,26.360353,22.237259,-2.4735093,43.555153,0.070522316,10.383367,4.8505344,0.12349666,9.398557,0.23405288
mp-607953,FeSeBr7,6.1053286,6.7232237,-2.180831,14.335488,0.1721194,4.756602,5.180457,-2.2520955,13.061875,0.17874564
mp-504276,FePO4,2.8918004,5.578821,-1.047927,13.649109,0.1911297,2.9996083,4.8952923,-0.09818557,9.66523,0.25577354
mp-570598,SrSi7N10,21.468952,22.318249,1.0989348,44.320633,0.06814788,4.207383,4.8424873,0.096077316,9.603965,0.23001675
mp-625819,H8N2O,3.5682344,6.1854677,-2.3937392,14.188383,0.1718841,2.092078,4.6892548,-0.33122155,9.421292,0.25713187
mp-626448,H4SO5,2.8611665,7.638578,-1.6197845,14.422067,0.1725813,2.238473,4.14156,-0.21993728,9.686608,0.2558769
mp-626073,Al(HO)3,3.0433178,6.190669,-1.4468458,14.017929,0.1569632,2.5645149,4.8795795,-0.071932055,9.553848,0.27416766
mp-675420,Pr4Ag2Se7,14.800387,21.79121,1.2321318,44.797096,0.06796949,9.840045,5.088955,0.1043967,9.858336,0.25061944
mp-753460,BaCa2I6,6.2651625,5.41104,-1.8870977,14.098797,0.16368715,3.6310482,4.9756484,-0.08590068,9.318108,0.25678292
mp-675109,Y5O4F7,13.244315,6.553609,-2.4974535,14.687966,0.1796212,3.3471627,4.946683,-0.14961924,10.098312,0.24666555
mp-754919,VOF3,3.5544088,5.9250655,-2.050152,14.064115,0.17383315,3.029185,5.153041,-0.044343896,9.688166,0.24942379
mp-754840,TaAsO4,13.497597,6.005563,-1.8815732,13.948106,0.18153039,5.2806373,4.9320607,0.35029128,9.472383,0.2650225
mp-755816,Na4MnO4,4.795302,6.8258944,-2.1231072,14.012941,0.1714501,3.35826,5.2623262,0.44101435,9.269401,0.25485882
mp-778554,Li2MnF4,5.2057576,6.4509315,-2.2843754,13.830339,0.16607417,2.104149,4.730819,-2.636599,12.348505,0.180728
mp-850957,Na6Ti2O7,9.747049,5.681445,-1.9300935,14.002811,0.18028562,2.807848,4.3241334,-0.12761755,9.964779,0.27598736
mp-1104135,CaH2F4,6.832589,5.163888,-1.3879056,13.854081,0.18031181,2.0305352,4.433092,-0.16967766,9.13514,0.24932185
mp-1104130,Ba(P2Au)2,11.035013,6.2836323,-2.3988023,14.387318,0.205076,12.465965,21.473312,4.4316487,43.008343,0.07496056
mp-1190619,Ca(BH4)2,3.4287307,5.131983,-1.5315272,14.078241,0.15606776,2.6908612,4.794602,-0.6985609,9.030915,0.2580557
mp-1190390,Ba(ClO4)2,7.756809,5.965358,-1.8241118,14.37804,0.18172982,2.562122,4.9409842,-0.33307993,9.484178,0.23727153
mp-11641,Ag2SeO4,9.92391,6.3485317,-2.171781,14.421512,0.15536793,4.435849,4.7523003,-0.102425486,10.160198,0.2658485
mp-1188089,K2Ni3Se4,4.1096525,7.380565,-1.9868104,15.044709,0.16286789,8.576475,5.21327,-0.27341264,9.552215,0.2860915
mp-1205388,Rb2Pd3S4,4.8665767,6.288574,-1.6027306,14.116505,0.16543692,6.24772,4.8319483,-0.39403394,8.896554,0.24134795
mp-13995,Hg2GeO4,6.7880793,6.5638742,-1.9596994,13.323362,0.17003179,5.0973554,4.662778,-0.23251429,9.085259,0.23889814
mp-14340,Rb2Pd3Se4,4.714316,5.162607,-2.039513,14.674764,0.16190025,7.2773943,4.248869,-0.054196388,9.051926,0.26458132
mp-14339,K2Pd3Se4,6.006502,6.8316154,-2.1910958,14.451196,0.15671733,7.9729977,5.038669,-0.02205842,9.555187,0.28373688
mp-17228,K2Ni3S4,4.038144,5.982234,-1.9165627,13.940781,0.17320418,7.1872582,4.737424,0.3010437,9.279801,0.24230397
mp-23850,NaH2N,2.543044,6.111207,-1.8516623,13.591827,0.16805188,2.4071612,4.461886,0.13519159,9.705066,0.23557015
mp-29829,LiAuS,4.1657605,5.7592053,-1.5022035,14.006133,0.15284042,6.6409745,4.599515,0.14204212,9.827407,0.25322285
mp-5141,Na2SeO4,4.0065365,5.765359,-2.079379,14.67678,0.1749161,2.4866388,5.0433245,0.023858152,9.723583,0.26503474
mp-4770,Na2SO4,3.7373967,7.0437484,-2.5947192,14.285323,0.16704033,2.238205,5.306251,-0.19181113,9.764597,0.24887711
mp-4530,Cd2SiO4,8.611677,6.360311,-1.9814909,14.058003,0.19460557,4.0107474,4.5853987,0.20026533,10.009666,0.27334774
mp-5625,Ag2SO4,31.245592,22.672672,-0.378473,45.141853,0.073100455,3.507797,4.630557,0.08177502,9.656314,0.25891113
mp-560860,Na2PtO3,4.6415415,6.6607857,-2.6836004,14.09881,0.17967437,5.4356,3.967594,-0.17575,9.467167,0.25145948
mp-9910,K2Pd3S4,6.325836,5.8467193,-2.0860748,14.18802,0.15783226,6.6325293,4.953497,-0.5538453,9.558753,0.25081575
mp-1069706,K2PdSe2,4.770179,5.2395506,-2.3509705,14.29405,0.15983506,6.6547523,4.3774414,0.47322893,9.314717,0.24618465
mp-1068941,K2PdS2,4.5853553,6.200038,-2.4093294,13.597365,0.17475894,5.60226,4.379516,-0.15628408,9.320113,0.2404199
mp-1069771,Rb2PdSe2,4.3712544,5.3570642,-1.0556341,14.011898,0.16400626,6.717929,4.1220455,-0.5147169,9.524677,0.2554692
mp-1070356,Rb2Te2Pd,4.3176403,6.398081,-1.9773958,14.671972,0.16047321,7.528417,4.836881,0.017368633,9.610481,0.24896255
mp-1071505,Sr2FeO3,11.898221,5.7793274,-2.0609694,14.651241,0.1845272,4.357635,4.7579584,0.36845702,9.378984,0.26381424
mp-1070498,Rb2Te2Pt,4.3556914,5.805319,-2.4658453,13.519652,0.17197074,6.7325068,5.2304163,-0.355461,9.652697,0.22945648
mp-1103152,CsBrF4,5.5922112,6.271036,-1.5207341,14.331269,0.16739304,2.3917632,4.97749,0.014578934,9.956574,0.2603963
mp-1206350,K2Te2Pd,4.759902,5.729842,-2.0448916,14.524685,0.19211318,9.147867,4.6534863,0.20877232,9.577328,0.26620507
mp-1216058,Y2TeS2,8.307873,5.6958113,-1.1744169,14.047604,0.17651533,6.8132443,5.16706,0.0041881185,9.662762,0.27452266
mp-19218,Sr3Fe2O5,12.269856,6.4491787,-1.5076298,14.795424,0.18559055,4.57919,3.196198,-3.1049411,12.224005,0.19283442
mp-22313,Na2PtO2,4.7747355,5.847642,-2.0306656,13.915216,0.16305974,4.4745474,4.4125357,0.30382377,9.171536,0.25345463
mp-28901,AlFeF5,4.5161858,6.5394363,-1.9224194,14.843387,0.18644278,2.1296053,4.991332,-2.0902894,11.1314535,0.16295482
mp-27562,Na2Pd3O4,3.780553,7.283481,-1.635688,14.500449,0.18013914,9.783978,4.600875,-0.08390467,9.482319,0.24340442
mp-27713,VBr2O,11.735294,6.011183,-2.8751564,14.205259,0.15665735,8.155036,4.8245,-3.8442175,10.990904,0.19298701
mp-29025,Li5Br2N,4.7532663,5.5471654,-2.1757126,13.372398,0.17601524,3.729143,4.609441,0.061257742,9.671122,0.2704264
mp-28683,Ta(ICl)2,2.0722964,5.608341,-2.8906293,14.5318365,0.16034634,4.309095,5.4457016,0.13046892,9.577562,0.25462845
mp-4359,Sr2PdO3,10.348675,6.0127053,-1.6848843,14.120691,0.16506474,5.6913333,4.5078287,0.16206814,9.817154,0.26056528
mp-510076,Rb7Au5O2,6.5834603,6.0133905,-2.2740917,14.114145,0.1720988,4.3061085,5.0113626,-0.03583026,9.042038,0.24444547
mp-540584,K2PdO2,5.839726,6.005349,-1.360029,14.359589,0.18041828,4.2853184,4.6378126,-0.080144376,9.450935,0.23452608
mp-510075,Cs7Au5O2,7.9164586,6.0242167,-1.9854832,14.089386,0.15308295,4.2053595,4.243436,0.16848671,9.521391,0.25710896
mp-504838,CsPS3,3.2971475,6.1913643,-1.9973334,13.488437,0.16230614,3.2763186,5.1938744,0.15333427,9.294734,0.24005713
mp-556953,RbPS3,4.1065254,6.5506954,-1.356851,14.784773,0.18744928,3.5014586,5.0879836,0.15298814,9.271209,0.2678413
mp-606680,CsLi2Br3,3.1622696,6.110233,-1.1655988,14.837813,0.1916228,2.937976,5.0438914,-0.14410256,9.511089,0.24964042
mp-8249,TlPS3,21.842005,20.864029,-0.44098192,44.499493,0.07037024,5.243976,4.05047,-0.1400172,9.836848,0.2627658
mp-7929,Rb2PtS2,4.351559,6.620787,-2.0384634,13.759935,0.18326075,5.287673,4.0195184,0.018403448,9.312018,0.2554162
mp-7928,K2PtS2,4.6095552,6.0905156,-1.5567898,13.8982725,0.16753899,5.330502,5.4191203,-0.18242484,9.634815,0.25255296
mp-7608,Li2PdO2,6.3372693,6.0784388,-1.932473,14.149598,0.16882704,5.4371266,5.3851643,-0.11045778,9.937566,0.24161364
mp-8622,Rb2PtSe2,4.2763433,6.1279707,-2.2116144,14.945194,0.16716868,5.8769054,4.646199,-0.11876392,9.629211,0.24315087
mp-8267,KPS3,9.317796,5.078027,-2.5045476,13.895396,0.16920187,3.742062,4.7161436,0.067461744,9.47754,0.2572675
mp-8623,K2Te2Pt,4.9908485,5.3542185,-2.9128203,13.807342,0.16154774,7.087945,4.94767,-0.047572162,9.947355,0.24623847
mp-8621,K2PtSe2,4.662272,6.0870686,-1.148932,13.987148,0.18251948,6.0505333,4.9654436,0.08138583,9.779604,0.25117612
mp-1079149,Ba2ZnSb2,11.225929,6.2534895,-1.956945,14.221779,0.1723076,12.31513,4.990651,0.083304994,9.451491,0.23974647
mp-1079891,Ba2Br2O,7.0548387,6.2549295,-2.3321571,14.957101,0.17418863,3.397632,4.631668,0.120446295,9.403367,0.24249634
mp-1078636,Ba2ZnAs2,14.20036,24.636826,0.1876059,44.273502,0.07723958,10.777731,4.1408424,0.29890892,9.633477,0.2537282
mp-1106156,Cs2Hg3Se4,44.619133,25.391026,4.1207824,43.076717,0.07582129,6.06261,4.8324656,-0.0760342,9.482614,0.26653942
mp-1147773,K2ZnS2,5.264955,6.2099648,-1.4785912,13.851533,0.1630598,3.813564,5.1877627,-0.028576419,9.937253,0.2551274
mp-1147664,K2Zn3S4,8.06335,6.473739,-3.0255198,13.577855,0.16406873,4.478216,4.7421303,-0.17294498,9.325413,0.24820487
mp-1177695,Li3CuS2,3.5360672,5.4884825,-1.1393918,14.4018,0.1672314,4.873309,4.8410406,0.34212065,9.530323,0.23778911
mp-1232317,K2ZnSe2,5.062225,6.7098184,-2.151246,13.867946,0.15726195,4.273774,5.020232,0.08787088,9.6054325,0.24795482
mp-1232308,K2Zn3Se4,8.188806,6.4697156,-2.1427908,14.162865,0.17031476,5.2171454,4.438632,-0.19891557,9.703667,0.26612505
mp-15999,Li3AuS2,4.3346715,5.7954693,-1.4205735,14.377445,0.17938836,5.3989162,5.0351343,-0.075721584,10.034149,0.23849909
mp-1541753,Rb2MgO2,11.943028,5.8582835,-1.2907093,14.361284,0.17271207,3.1409595,4.853775,-0.03700886,10.034411,0.27780953
mp-12535,K2ZnTe2,4.659724,6.9618626,-1.711269,14.042322,0.19245023,4.888481,3.8767338,-0.3208334,9.329086,0.25128543
mp-27227,LiAg3O2,2.7486823,6.5438285,-2.198316,14.013356,0.17565429,7.4601064,4.7427053,-0.19385125,9.6048355,0.25604483
mp-20256,K3InP2,8.937678,5.2612147,-2.4098983,13.482031,0.16396916,6.7060857,4.4731255,-0.4134419,9.440359,0.24057049
mp-551203,Sr2I2O,7.9775906,6.7679486,-1.9419804,14.676931,0.16825609,3.8701086,4.5175924,-0.24132471,9.821668,0.26144662
mp-3592,KAuS5,3.8859031,7.166519,-1.8709638,14.048463,0.16564816,4.8445067,4.5813527,0.1291673,9.342302,0.24308865
mp-551835,Ba2I2O,6.855867,5.4601173,-1.7718772,14.303755,0.154659,3.8493266,4.9422083,-0.06589571,9.116434,0.25484008
mp-3527,Na3AgO2,3.7106044,6.8816414,-2.262208,14.504079,0.16164374,4.0712543,4.5441284,0.39355654,9.628328,0.2694225
mp-505034,Cs2MnS2,5.6276975,5.396111,-2.7131014,13.982939,0.16285451,4.1897016,5.0116844,-3.9712915,11.977347,0.16845928
mp-5122,Na3AlP2,12.744037,6.3662987,-2.7467117,14.449964,0.17354178,6.548768,4.5231686,0.2017294,9.94983,0.28106418
mp-505633,Cs2Zn3S4,5.912025,6.1246886,-2.0733242,14.362353,0.170153,4.593131,5.034409,-0.042667534,9.5812025,0.24583356
mp-567386,Cs2Cd3Te4,6.7911606,6.3340616,-3.1365387,13.354127,0.17935173,5.9675283,4.958298,-0.08490745,9.395983,0.26931053
mp-573947,Cs2MnSe2,5.187144,6.119357,-2.279803,14.812454,0.1639181,4.415583,6.2583513,-3.3939035,12.136202,0.18387479
mp-610744,Cs2MnTe2,4.234171,5.438622,-2.522778,14.331733,0.16135994,4.701479,3.2486753,-2.813911,12.189235,0.17161591
mp-573721,Cs2SiAs2,4.965576,5.3951154,-1.2876363,13.765154,0.16183643,6.1149025,4.533027,-0.19004378,9.639657,0.26122287
mp-6960,Rb2SiAs2,4.5675874,5.982601,-2.4324293,14.141772,0.16954023,6.1818695,4.0432596,0.23865566,9.693614,0.24305794
mp-8187,K2ZnO2,13.066029,6.3681607,-2.0381262,14.255184,0.16630405,3.3158064,3.9976077,-0.070001185,10.024296,0.25637963
mp-8235,K2SiP2,4.802682,5.9156494,-2.7757616,13.986198,0.16121407,5.4667063,4.8463373,0.13620347,10.22372,0.2645633
mp-6984,K2SiAs2,4.800803,5.1073685,-3.0407705,14.505568,0.17519335,6.3778243,4.728767,0.14220071,9.587131,0.23275946
mp-8257,Na2ZnS2,9.993321,6.608221,-2.0515444,13.945604,0.18130241,4.298218,5.038941,0.1237735,9.439081,0.25240746
mp-8716,K2MnSe2,4.8300343,5.186351,-1.2868356,13.832893,0.16812912,4.3726435,4.035353,-2.3098257,12.715822,0.18913028
mp-8930,K2GeAs2,5.7771225,5.720001,-2.1011243,15.193236,0.16558567,7.1668973,4.0435743,0.13642882,9.515816,0.24825194
mp-8543,Na3AlAs2,10.666131,5.595315,-2.5478392,14.076847,0.18937571,7.7151227,4.821794,-0.23717013,9.325468,0.2662699
mp-8714,Rb2MnS2,5.0618777,5.5616474,-2.9320438,14.032703,0.1805618,4.0021076,5.6293755,-2.5102143,11.977151,0.17734803
mp-8932,Cs2SiP2,5.2150617,5.779751,-1.9880046,13.028294,0.18802112,5.490509,4.4148827,-0.218944,9.581946,0.27691513
mp-8717,Rb2MnSe2,4.699008,6.9266114,-2.6738348,14.240296,0.18684973,4.331565,4.126715,-2.4597697,12.841118,0.19101384
mp-8931,Rb2SnAs2,6.7942777,5.668988,-2.465364,14.537534,0.16240817,6.733548,4.7183695,-0.052634012,9.773313,0.25604528
mp-8713,K2MnS2,5.176024,6.5169477,-2.3391156,15.327065,0.1861061,3.984124,4.9408865,-3.4445236,12.106469,0.15521482
mp-8719,K2MnTe2,4.214424,6.796253,-2.7237291,14.327418,0.16293931,4.849206,4.0786247,-2.6939235,12.7871475,0.1778452
mp-8720,Rb2MnTe2,4.064021,5.781493,-2.2931278,14.094426,0.18213941,4.712183,4.1859903,-3.2412186,12.520954,0.17067909
mp-8934,Cs2SnAs2,6.269695,6.2015643,-2.0550697,14.117763,0.18162975,6.5008035,4.2247157,-0.030983582,10.090918,0.2667341
mp-9634,Na3AgS2,3.0893242,7.6925845,-2.7932365,14.04819,0.17811425,4.0665746,5.1731663,-0.11280828,9.417375,0.25474888
mp-30129,Li4TaN3,5.2780714,6.334036,-2.2459273,14.042059,0.16884445,5.1931543,4.774831,-0.50005585,9.593149,0.26217973
mp-1041506,Zn(SnO2)2,11.011863,6.9088583,-1.8688455,13.967503,0.16768408,6.7169943,4.9976416,-0.38165745,9.174414,0.24111658
mp-1041556,Ca(SnO2)2,9.643145,4.83084,-2.5525975,13.642652,0.1706392,5.2751193,4.4601355,0.20708528,9.47855,0.25708225
mp-1041914,MgMn2O4,5.907202,6.4710517,-2.165349,14.546819,0.1633803,8.655821,4.386274,-2.5320895,12.663389,0.19243866
mp-1041901,Mn2ZnO4,7.022132,5.741779,-1.3366973,13.913195,0.16495262,10.149025,4.404968,-3.4983294,12.608024,0.17551243
mp-1041946,Ca(FeO2)2,14.562603,22.513466,0.18387331,44.6528,0.07550257,5.157465,5.224411,-2.947558,11.204185,0.18368384
mp-13109,SrHfO3,32.51757,23.557293,3.8457644,45.660477,0.06693514,4.356285,5.120695,-0.23975065,9.2634535,0.24932781
mp-16280,Ca2Sb2O7,15.463248,24.5668,-1.7518746,43.03013,0.07956486,4.001871,4.0837836,-0.051960222,9.504831,0.25066382
mp-20254,Na2Te2O7,9.532698,5.7507696,-1.5789778,13.891578,0.16010605,4.1259356,5.328004,-0.15944438,9.467302,0.26576164
mp-34501,Fe2CoO4,6.633128,5.8472576,-1.8982843,14.915278,0.15816666,7.9571896,4.173215,-2.3770564,12.015742,0.18429084
mp-33940,Mg2PtO4,3.9084034,5.6393595,-2.1490896,13.791799,0.17475818,4.6337347,4.79976,0.098659284,9.817691,0.2683232
mp-17708,Ge3Sb2O9,4.419833,6.1670027,-2.5126605,14.001701,0.1635215,3.622229,4.8139596,-0.19644885,9.165855,0.26536962
mp-12905,Ba3CrN3,7.26757,6.660851,-1.4688554,13.937177,0.16281287,11.972525,4.132042,-0.1452212,9.754942,0.26254106
mp-4584,Tl3BO3,7.6056156,6.112029,-2.6870596,13.985822,0.16062295,5.565485,5.006213,-0.041680723,9.38098,0.23395933
mp-769148,Sc(ClO4)3,29.995419,22.134266,-0.041686554,44.017677,0.07326566,3.0891914,4.625917,0.6436636,9.429417,0.25276956
mp-625394,La(HO)3,208.1015,75.08806,9.054605,152.98804,0.020440036,3.3630874,3.965916,-0.10076204,9.576531,0.23391005
mp-7191,Sr3GaN3,8.805993,6.139286,-1.4880009,13.9089575,0.18149455,7.121051,4.7436595,0.3701653,9.203975,0.25851136
mp-755561,MnP2O7,4.6095133,7.1962314,-1.4876479,14.194678,0.18571492,4.3929286,4.5242643,-2.9550605,11.581967,0.16311125
mp-36775,SrAl2O4,8.791908,5.618825,-2.5403452,14.361038,0.17629942,2.9267237,5.399328,-0.20084366,9.582203,0.2529837
mp-23032,CsCuCl3,5.3189735,6.2906494,-2.3114045,14.022471,0.166092,3.662951,5.0133643,-3.536602,12.247021,0.18033533
mp-27230,As2SO6,8.489996,5.530406,-2.3928726,14.267209,0.16196221,3.1864555,4.8804817,0.052031796,9.844425,0.25508165
mp-27322,Nb2Te3O11,15.758503,6.224922,-1.7989573,14.203863,0.15831158,4.9371734,5.2474813,-0.19126546,9.401616,0.265755
mp-648932,Nb2PS10,0.49772638,6.4235864,-2.05133,13.794902,0.15583998,5.1518946,4.2025213,-0.07002113,10.380611,0.2644717
mp-3082,CaSO4,4.3978,6.0737553,-1.7710735,14.20496,0.15695557,2.4162016,4.470999,0.11810689,9.795635,0.25054538
mp-560151,AlPO4,2.1812513,5.9618635,-2.1392424,14.530678,0.15990403,2.2663205,4.8113546,0.5093895,9.6123495,0.24708031
mp-19752,FePO4,3.4092548,5.8066654,-1.9466771,14.511542,0.16323073,3.0684726,8.644419,-18.920471,31.124868,0.05694962
mp-556372,CaSO4,4.3883677,5.245167,-1.9909316,14.269479,0.18680806,2.415847,4.5288315,-0.59708667,9.411863,0.2469512
mp-754676,LiMnF3,5.61072,5.145405,-2.4874563,14.357618,0.15470329,2.2872717,4.2970843,-2.801466,12.713963,0.16673344
mp-541462,SrTa4O11,40.616188,20.063356,-0.18167202,44.54234,0.077058725,5.2640066,4.252572,-0.10523092,9.889991,0.26192886
mp-29196,AuCN,0.17441684,6.2726173,-2.1346738,14.059857,0.18515594,4.4203925,4.8255343,0.27412882,9.825995,0.27368265
mp-5859,AlPO4,1.2570338,6.7563334,-1.6032436,13.251924,0.16757816,1.8405949,4.9952,0.20490164,9.647456,0.26510924
mp-19267,BaMnO3,15.056697,5.673065,-1.2147039,14.582678,0.1762739,5.073101,4.680152,-2.4772317,12.638547,0.17863573
mp-17853,YGaO3,9.156848,6.157043,-1.7854235,15.009443,0.17677446,4.2424827,5.0288706,0.18535724,9.700426,0.265466
mp-28548,Li8GeO6,4.71256,6.620083,-2.330673,14.049779,0.1675183,2.9212008,5.170553,0.17815913,9.514542,0.30058306
mp-27920,Li8CoO6,4.690858,6.827567,-2.296447,14.590454,0.16796325,4.0065618,5.5884886,-3.2166245,11.328921,0.18098308
mp-504607,YInO3,9.367926,6.18003,-2.0362191,14.524503,0.16247317,4.4491386,4.933687,0.16561884,9.482965,0.25076908
mp-29314,RbVBr3,8.989536,6.3503027,-2.537706,13.868148,0.17418385,3.4593227,5.1010776,-2.5907412,12.487601,0.17382361
mp-761931,Na8SnO6,3.959938,6.650486,-2.8891237,13.915312,0.1599684,3.23468,4.2813897,-0.19499728,9.8206005,0.24819355
mp-768353,YTmO3,13.546989,6.213998,-2.061287,13.7540865,0.15952918,4.0593047,4.5700274,-0.121290095,9.653613,0.24745758
mp-769079,ScGaO3,11.620976,6.598483,-2.4106505,14.732404,0.16263452,4.543873,4.5374327,-0.026663095,9.802321,0.24804376
mp-1024047,Na6ZnSe4,5.5178633,6.73014,-2.387004,14.511767,0.1675447,4.507848,4.173354,-0.23566635,10.165953,0.25465372
mp-1029313,NaRuN,9.113404,7.0336237,-2.226862,14.312914,0.16924663,19.741213,20.119661,1.6469762,38.649807,0.0846459
mp-1042561,Ca2Sn3O8,6.389151,5.645355,-1.5036527,14.726114,0.16674103,3.7382724,4.1070223,-0.43428645,9.554577,0.24550669
mp-1042514,Zn2Sn3O8,7.7034855,5.9118795,-1.8461751,14.050643,0.16932487,4.4730496,4.540502,-0.25191206,9.212506,0.27934277
mp-1042395,Mg2Ti3O8,125.59693,85.685074,-4.883006,158.59404,0.020432418,5.0365644,4.5380983,0.08906253,9.912626,0.2729363
mp-1190842,Rb6HgS4,5.329594,6.146166,-0.8731709,14.473244,0.18424356,3.8689969,5.0155783,-0.077929184,9.774073,0.24743253
mp-1209286,Rb6CdO4,8.890486,5.9013157,-1.8357782,13.830106,0.14787434,3.7598293,4.9885354,-0.3934081,9.741492,0.2631238
mp-12171,K6MgO4,6.904455,6.2515893,-2.316792,14.713268,0.16957535,3.201352,4.7009697,-0.053589605,9.410416,0.24435028
mp-12433,NaSnN,5.7338758,6.0260715,-2.160822,13.276661,0.18282053,8.446396,4.1061077,-0.22336462,9.664322,0.2399068
mp-17161,K6CdO4,7.403858,5.4934826,-2.1442623,13.823925,0.16147654,3.4665053,5.381649,-0.09579944,9.660218,0.23438439
mp-14794,K6CoS4,4.027639,4.7664614,-2.0546384,14.093129,0.17464297,4.2747474,5.0219035,-3.543641,10.979286,0.17297664
mp-14168,K2GeF6,5.61551,6.570822,-2.8213575,14.88532,0.19620837,1.9867326,4.7920427,0.08019516,9.282024,0.26183096
mp-14795,K6CoSe4,3.8033905,6.6401105,-1.4915689,14.562658,0.16278525,4.4063363,5.320829,-2.535917,11.559786,0.19941889
mp-14780,Na6MnSe4,5.1018567,6.4381056,-1.9138384,13.086701,0.16514954,4.6552186,3.9406242,-3.099951,11.86092,0.17817798
mp-18244,K6MnS4,4.1040726,6.6660843,-1.9905674,14.636947,0.1834701,3.7239711,3.9095128,-2.71845,11.980965,0.19239369
mp-14782,Na6MnTe4,5.4955993,6.7790174,-1.9033531,14.434,0.16643028,5.179466,5.1791625,-3.1440501,12.161546,0.17894936
mp-17698,K6CdTe4,4.0829577,6.109618,-2.0402098,13.926432,0.14859173,4.23569,4.4589834,-0.1820333,9.54357,0.26383466
mp-19241,BaNiO3,197.72691,72.734055,-5.6222224,161.40373,0.019983573,5.8472815,4.939172,-0.19429813,9.335455,0.24046957
mp-18481,K6MnSe4,3.9377263,6.6853247,-1.748349,15.229802,0.17495407,3.9987192,4.2541857,-2.72605,12.784349,0.17316678
mp-18246,K6MnTe4,3.7248704,5.8215303,-1.6386684,14.671062,0.16296177,4.242579,4.900676,-2.6557255,11.311237,0.18050264
mp-23321,Sr4Cl6O,6.093696,5.947693,-1.9071238,13.240905,0.16624163,3.042117,4.958756,0.3161242,10.107173,0.27442244
mp-23063,Ba4Cl6O,5.7621417,5.3607597,-2.5074093,13.604924,0.15455215,3.0633447,5.2095585,-0.04880849,9.341947,0.2499944
mp-23794,H4NF,2.1770582,5.7470655,-2.4442203,14.466979,0.15260062,1.7776884,4.5821238,0.2278667,9.754398,0.26205188
mp-23326,Ca4Cl6O,8.05511,5.867827,-2.1055534,14.178437,0.17416388,3.2297642,4.160878,0.22617881,9.068127,0.2354502
mp-28987,NaPt2Se3,3.9641936,5.7328167,-1.372017,14.221364,0.1653735,12.080409,4.7612615,-0.18061139,9.546782,0.23808877
mp-28546,Eu4Cl6O,6.2421274,6.8647995,-1.9590676,13.668266,0.16140866,4.0912523,9.204982,-21.248451,36.451523,0.05795547
mp-29117,Ta3TeI7,1.212677,4.795513,-2.8503215,14.61493,0.17162697,7.870299,5.0909185,0.0711011,9.599161,0.27014488
mp-28944,BiTeCl,13.94252,7.3757095,-1.8472586,13.4677515,0.17189083,7.578549,5.5249586,-0.07954882,9.915026,0.23334825
mp-29257,LaTlO3,27.979927,23.696796,0.9591623,43.374615,0.06759797,7.819904,4.815037,0.29123923,9.384505,0.2550364
mp-29529,NaSnP,5.69235,6.517707,-2.4745786,13.971316,0.17064008,10.613763,4.944704,-0.27780336,9.310277,0.25679234
mp-29689,Nb3TeI7,1.435201,6.0569305,-2.7892032,14.19164,0.16268946,8.622869,5.2206726,-0.15445007,9.4027815,0.23754413
mp-29909,Ba4I6O,5.8643403,6.9122367,-1.7067835,13.739371,0.2002199,3.9745274,4.8651094,0.047168393,9.91144,0.2773469
mp-29910,Sr4I6O,6.8869557,5.4864025,-2.3437328,13.850496,0.16387665,4.097445,4.494364,-0.23408604,9.453726,0.26208818
mp-3486,KSnSb,3.0822906,5.8131475,-1.5822456,15.350968,0.17480515,12.472392,4.881627,-0.48040825,10.001075,0.24226528
mp-3481,KSnAs,3.1938293,6.2318497,-1.8221819,12.973496,0.16206633,10.962142,4.417444,0.3199805,9.556173,0.25311255
mp-37657,Ca3SiO5,7.6721215,6.668594,-2.1242614,14.342722,0.16550666,3.1743562,4.8397455,0.60357976,10.025744,0.27871805
mp-5114,K6HgS4,5.0700917,5.925001,-2.103255,13.145028,0.1624704,3.7908669,5.463621,0.15101804,9.561301,0.24557552
mp-5055,Na6MnS4,4.898331,6.159741,-1.8586172,13.660664,0.16574639,4.1014338,4.5584955,-2.666589,12.861895,0.16777624
mp-545974,AlPO4,1.6077203,5.3088493,-1.9261373,14.2065735,0.17274427,2.0131521,4.5570087,-0.021302367,9.795812,0.25694135
mp-5481,Na6CoS4,4.649648,5.2740245,-1.5821828,14.257237,0.18189049,4.561135,4.089883,-2.7531307,12.546538,0.1723492
mp-555218,Ba4Br6O,5.7806525,5.8749676,-2.1630008,15.717624,0.18571861,3.4166372,5.1633167,0.5282259,10.049063,0.26285186
mp-556100,Si(Sn3O4)2,9.858457,5.9515924,-1.7322453,14.191086,0.15408507,5.377636,4.886534,0.33258876,9.421106,0.23865281
mp-556049,Sr4Br6O,6.326549,5.5498853,-1.9844579,13.48703,0.16049102,3.4378548,5.119342,-0.03978505,9.860331,0.2602748
mp-561681,CsSO3,4.2848506,5.5280743,-1.8790569,15.107932,0.17442414,2.3064687,4.706708,0.2829893,9.468851,0.2541803
mp-568400,Sc(AlC)3,47.290005,70.81233,8.071994,152.57843,0.019921778,11.317913,4.606387,-0.18062584,9.441397,0.25721854
mp-644223,LiBH4,4.316701,6.096367,-2.279498,14.568581,0.16261145,2.614366,5.515791,0.22805998,10.032934,0.2689216
mp-753473,LiCoO2,9.354488,6.6875935,-1.6483138,13.513659,0.16367228,6.506138,5.054401,0.0446032,9.053614,0.2766999
mp-754215,Mn4OF6,14.958868,6.510117,-1.9363327,13.824486,0.16160235,2.8896906,4.8463154,0.17550112,9.391575,0.26297593
mp-753816,Na6MgO4,6.0812254,5.227974,-2.2075875,14.795483,0.17892258,3.1345332,5.4214854,0.66201204,9.90708,0.23469076
mp-753227,LiCrO2,9.866138,5.545149,-1.4227226,14.306577,0.16934061,4.523205,4.507634,-0.4542654,9.477174,0.24229254
mp-755949,Ca4I6O,10.752816,5.7238636,-1.8555247,14.670926,0.16716452,4.5482273,4.362946,0.39400706,9.426408,0.24354054
mp-754977,LiFeO2,15.810325,5.439855,-1.7851871,13.794225,0.1651127,4.820983,4.1771307,-2.4056647,11.654854,0.17100418
mp-7664,Na6ZnO4,6.1976905,5.800762,-2.4602747,13.695253,0.15454726,3.4977293,4.904006,0.20070684,9.207674,0.26700747
mp-8389,Na6ZnS4,5.153337,5.9874864,-2.2934337,13.530381,0.14687817,3.9549596,4.261301,0.15761669,9.405907,0.23798177
mp-866663,K3TaF8,4.7927055,5.326167,-2.2210724,14.722593,0.16078924,2.1448298,5.1141105,-0.4869694,9.763946,0.2692357
mp-9007,Na6P4W,4.383153,6.931451,-2.9965818,14.812667,0.1683847,6.403114,5.46449,-0.7699082,9.312844,0.24936473
mp-9575,LiBeSb,4.8693786,6.247139,-2.1225684,13.527538,0.19217795,13.246475,5.1986756,-0.016397718,9.702581,0.25851867
mp-9919,LiZnSb,13.34185,23.189526,1.7446156,42.96618,0.06887163,18.55679,22.033457,3.9593453,38.160694,0.075678684
mp-10161,KZnSb,4.5637307,6.4815645,-2.729931,14.087168,0.1840341,18.410282,23.022741,1.921498,40.83738,0.081911355
mp-10616,BaLiAs,14.909251,6.2016935,-1.5873393,14.314431,0.17582835,10.256426,4.7651663,-0.038849533,8.9486885,0.25430608
mp-10614,SrLiP,12.771475,5.3930264,-1.7865747,14.0336685,0.14733289,8.362255,4.366722,-0.32999897,9.617562,0.25088885
mp-10615,BaLiP,16.646795,22.901722,2.1730447,44.25935,0.07277572,9.366148,4.779161,-0.20091224,9.668397,0.23497202
mp-15687,KZnAs,5.0199366,19.10159,1.2874191,44.950542,0.06986364,32.99501,21.58729,1.5121171,37.900883,0.07652162
mp-28797,YHSe,5.8374047,4.9969845,-2.3168197,14.07722,0.16024768,8.835691,4.4815664,-0.08071883,9.6345215,0.28964332
mp-24012,HoHSe,5.58815,6.101028,-2.4958491,13.832195,0.16086559,8.773382,4.197507,0.23491286,9.363279,0.24043594
mp-28989,Li10BrN3,7.186446,5.8121676,-2.657473,13.719283,0.18006288,5.1146517,5.3822236,-0.4614711,9.63665,0.26059175
mp-14485,LaTa7O19,39.19548,22.435379,1.7642205,43.716354,0.06890342,5.640935,5.029119,0.0717173,10.006399,0.26792833
mp-15492,DyTa7O19,39.621765,21.534508,-0.24704336,42.49827,0.066314556,5.568321,4.711842,0.4737919,9.526911,0.2533791
mp-26910,Cr(PO3)3,2.3906581,5.049549,-2.1878088,14.682213,0.16567194,2.716808,3.8008287,-2.9457717,11.698514,0.18119295
mp-13978,Rb2ThF6,6.886004,5.6575356,-2.005541,14.262184,0.16476332,2.333187,4.550185,0.20800321,9.46764,0.25412712
mp-13275,NaSrP,10.600842,6.3812404,-1.8226963,14.595287,0.1758485,7.8674293,4.466751,-0.23888548,9.691717,0.26965374
mp-14193,K2ThF6,7.1866403,7.0577393,-1.8130018,14.614987,0.17399777,2.2975428,5.1095343,-0.12002083,9.450182,0.25806227
mp-27149,CsCrF4,5.149986,6.052479,-2.0983288,14.031012,0.15808865,2.3473346,3.37447,-2.0460477,11.898734,0.17967263
mp-29877,K2ReH9,5.516126,7.434516,-2.4835196,14.619095,0.17185193,2.7432392,5.294313,-0.03351,9.625845,0.29322547
mp-31235,BaNaBi,9.032396,24.15268,1.4581655,44.339855,0.07560315,15.27044,4.874535,-0.30449438,9.7350235,0.26127988
mp-3652,Ta9(FeS3)2,11.046017,79.0842,-1.5291231,157.46477,0.019479163,56.718815,20.932236,3.2128093,39.2811,0.08037306
mp-4731,K2UF6,9.343329,6.445652,-1.5758125,14.593584,0.16947529,2.5249114,4.1345906,-2.6408317,11.4620285,0.17119098
mp-561189,Rb6Si10O23,7.1714935,6.830773,-1.8130105,14.169053,0.19270524,2.3775382,4.8633595,-0.22643632,9.468619,0.2521425
mp-560641,Ba12Cl5F19,9.1271515,6.635947,-1.9925268,14.066946,0.180522,2.6692526,5.2034693,0.25036058,9.439701,0.2590675
mp-555731,SrGeO3,8.456705,7.335273,-1.6290045,13.596236,0.16645126,3.1415079,4.6041384,0.10457965,9.560503,0.25364634
mp-8415,K2HfF6,7.0027013,5.4451528,-2.1990101,14.114432,0.1779601,2.3120465,4.862028,-0.33796856,9.471844,0.25503743
mp-9732,BaNaP,12.457956,5.2660327,-1.3525823,13.813914,0.16668066,8.646003,4.87662,0.25675303,9.869031,0.25252572
mp-866580,Ca2SnS4,16.876217,24.636839,0.038543675,44.799004,0.06849863,7.653845,4.9906535,-0.21910624,9.392503,0.25980002
mp-760418,Ba2SrI6,9.315307,5.950205,-2.2504115,15.235891,0.16656215,4.438113,5.3596582,-0.039705135,9.136608,0.23539606
mp-9775,NaSrAs,10.230185,6.578969,-2.2929804,13.600441,0.17436118,9.023895,5.1609116,0.12605606,9.429804,0.2561403
mp-1019560,Ca2B2O5,5.3666925,5.8095913,-1.9758751,14.444228,0.1713258,2.8847246,5.1006804,0.293536,9.208924,0.28349623
mp-1019967,LaSi3N5,10.227601,4.932919,-2.034695,13.94329,0.17786643,5.3694544,4.6972866,0.065270886,9.390253,0.2529237
mp-1188559,YAgSe2,10.096932,6.4257536,-1.7662187,14.177584,0.18116908,8.737416,4.2240458,-0.007511565,9.59877,0.25021976
mp-12955,HoAgSe2,10.628633,23.072905,1.5445788,43.85905,0.062905155,8.706229,4.5757685,0.29146954,9.5551815,0.24577457
mp-17426,Er2WO6,13.378808,6.1233044,-1.9008721,14.681023,0.17949781,4.4868593,4.766467,0.028366134,9.583853,0.25246006
mp-14367,AsPO5,5.3956876,6.186035,-2.161979,15.039172,0.15868753,3.4158678,4.904475,-0.051073886,9.334598,0.2545104
mp-17066,Y2TeO6,9.381757,6.6465583,-2.3272698,13.541237,0.17805856,4.0499353,4.309227,0.11146773,9.647301,0.2611409
mp-13956,Ag2PSe3,5.2452674,6.5837607,-1.4677709,14.595493,0.15243256,9.639077,4.761738,0.2262388,10.142245,0.28515768
mp-14368,SbAsO5,4.785695,6.0144715,-1.8927761,14.171594,0.17994635,3.4957886,4.208172,-0.49292782,9.806173,0.2581058
mp-13863,BaGeO3,8.768294,6.064783,-1.8592674,14.372868,0.16903773,3.2199016,4.489494,0.26742014,9.694041,0.2633189
mp-17350,La2TeO6,11.960244,6.8232994,-1.4923615,13.623018,0.17244011,4.152486,4.354765,-0.3317397,9.83947,0.26153484
mp-17095,CsCuSe4,2.7682123,6.2552347,-1.8509074,14.271633,0.17786606,7.851462,5.077677,-0.3224056,9.666387,0.25269055
mp-18105,CsAgSe4,3.2274408,6.8155127,-1.5850142,14.462147,0.16298814,6.22634,5.044652,-0.56114954,9.598501,0.23620763
mp-23866,H2SeO4,2.2654588,5.536601,-1.9760131,13.751413,0.16904518,2.540242,3.8719754,-0.3029993,9.042251,0.26033723
mp-23963,HIO3,4.8340855,5.084005,-2.3143845,13.965326,0.1574765,3.899368,4.8313684,-0.16289008,9.345453,0.24103962
mp-26600,Mo(PO4)2,6.036601,6.331853,-2.198059,14.450877,0.17295615,3.6273763,4.4348235,-0.36028922,9.615743,0.25318554
mp-24064,PHF2,0.9877088,6.2662106,-2.1425743,14.245567,0.16972691,2.3303504,5.3361998,0.09489329,8.996315,0.26551998
mp-27235,H5N2F,3.8770337,6.1382246,-1.7760293,13.394655,0.17228064,2.3021772,4.947604,0.008387501,9.428915,0.27397302
mp-27457,Ba(PO3)2,6.055156,5.7429633,-1.9503312,13.377945,0.162627,2.7191622,4.685099,0.39949077,9.3173,0.26651052
mp-27897,Ba(NO2)2,4.4597764,5.0108776,-2.2649977,13.591661,0.1820019,2.6454687,4.640626,-0.060777668,9.783712,0.24584115
mp-27936,Na2SbF5,4.268512,6.158499,-1.6060317,13.190672,0.18432863,2.1853254,4.755871,-0.047681488,9.885869,0.2553376
mp-27996,H2SeO3,2.9874513,6.7361584,-2.4185667,14.568455,0.17481127,2.8375742,4.171678,0.041021563,9.758943,0.27169588
mp-27949,Si2H6O,0.67201287,6.119161,-2.652713,14.293785,0.16332787,2.1861517,5.040842,-0.050302535,9.489053,0.23216973
mp-27579,Na4P2O7,4.173906,5.1202517,-1.8534207,13.711844,0.16253956,2.2914445,4.660083,0.3095066,9.558392,0.2530548
mp-27931,Rb2SnO2,6.5673738,7.678728,-2.8235269,14.607328,0.18095253,3.772099,4.284413,-0.32337812,9.957649,0.2590808
mp-28000,P(WO4)2,12.308086,6.3834124,-2.2445595,14.524758,0.13841476,4.789062,4.7145605,-3.6743884,11.411326,0.19425426
mp-28932,Sn4OF6,9.8859005,6.510414,-1.8559295,13.155183,0.15317665,3.4046547,5.0043774,0.22635034,9.237318,0.2662439
mp-28108,Na4SnTe4,21.130175,23.829754,-2.1808767,43.07211,0.077119276,6.622402,5.128626,-0.34478754,9.4170475,0.2454852
mp-28569,NaInBr4,9.063088,5.4079094,-1.982943,14.483241,0.17858766,3.0470047,5.3223534,0.6260027,9.653871,0.27009633
mp-29526,BrNO3,23.920933,22.676115,1.693133,44.3498,0.06708749,3.4078243,4.159789,0.25944924,9.504064,0.24849626
mp-29060,Ba5(SiN3)2,15.381915,24.204912,0.4122741,41.56736,0.07106749,6.703398,4.7812705,-0.21970043,9.420402,0.24262433
mp-29966,NOF,2.429742,6.847308,-0.8294115,14.251251,0.16979165,1.9463134,4.5553637,0.197904,9.834841,0.24887013
mp-31306,C2O3F2,0.58484757,5.866296,-1.6855838,13.566228,0.19627824,1.876725,5.05443,0.25245693,9.321765,0.26461145
mp-29756,RbB3O5,3.4107575,5.1422544,-1.0952743,14.81715,0.16415784,2.3646088,4.444248,0.27813226,9.658213,0.2528857
mp-30905,Ba3(BN2)2,13.729629,7.255938,-1.7820315,14.164375,0.17084076,4.5224204,4.0410767,-0.27651355,9.610902,0.27022842
mp-30539,Y2WO6,13.425908,6.643745,-1.984158,13.564801,0.16958715,4.498872,4.679093,-0.016833454,9.451699,0.26867777
mp-29820,Ca3(AlN2)2,11.798739,6.4320173,-2.7344584,14.204577,0.16694166,5.613928,4.8687754,0.35205007,9.522035,0.26362985
mp-29946,IO2F,6.6606655,6.2739124,-1.5068266,14.240047,0.15172023,3.930634,4.268083,-0.47992644,9.606073,0.2546937
mp-31318,Nd2TeO6,9.469396,6.2392635,-1.4337466,14.04116,0.16176112,4.1063037,4.7570386,-0.021643745,9.344732,0.25158972
mp-4044,ErAgSe2,10.220448,6.698442,-2.423228,14.168212,0.16930008,8.688264,4.654174,-0.019677555,9.805788,0.22046036
mp-505702,Pb2CO4,16.605368,5.7692757,-2.0647407,14.295497,0.17048934,4.2202134,4.601799,-0.19271035,9.373201,0.24889092
mp-505077,NaH9O5,3.40838,6.1538324,-2.0075428,14.468774,0.16711941,2.0989082,3.8336349,-0.70356715,9.435101,0.24185614
mp-541629,BaGaF5,8.323767,5.142397,-3.2162457,13.739228,0.1746063,2.3708234,4.6370335,-0.21070343,9.390046,0.26002705
mp-504422,H7NO6,2.846017,7.8115783,-1.5981854,13.750117,0.14939809,2.1728408,4.414589,-0.12033917,9.657192,0.24383214
mp-558521,B2Se2O7,3.231088,4.759759,-0.8123194,14.657202,0.17118661,3.216706,4.3839707,-0.35873652,9.7966795,0.25051057
mp-558879,OsOF4,1.4462377,5.8780823,-2.0958083,14.368955,0.17796233,3.246697,4.859848,-0.48380047,10.024147,0.23595208
mp-559826,ErCuS2,8.364626,5.1213593,-1.9231099,14.790315,0.17940995,7.6093106,4.4382877,-0.06621043,9.575092,0.23861751
mp-557614,Cd(PO3)2,4.563864,6.453456,-2.226127,14.500248,0.17586294,2.7933838,4.3222466,0.47299078,9.737002,0.26212886
mp-559377,IOF3,3.9641826,5.9111195,-1.8455385,14.470668,0.16264266,2.6925278,4.8325996,-0.33035114,9.314222,0.23748687
mp-559961,Tl2SeO4,19.778936,22.725525,2.8502195,46.284775,0.077041894,3.8181622,4.484892,0.26025173,10.051998,0.23285867
mp-568450,SrAlH5,8.363377,5.3041067,-1.8266243,14.549578,0.1856765,4.52981,4.7532816,-0.267703,9.4562,0.26088
mp-561055,RbB3O5,3.6246443,7.402281,-1.3263466,13.90274,0.15950991,2.390086,5.080512,0.39137265,9.956377,0.22451493
mp-625830,Zn(HO)2,2.6197457,5.1210346,-2.078424,13.9535885,0.18871234,2.716501,4.5502462,-0.40119803,9.893929,0.23857301
mp-583071,CaAlH5,20.195374,24.176804,0.49290127,44.157955,0.070256814,4.850816,4.6377716,-0.5133328,9.468357,0.26150113
mp-625927,H5NO,2.0413103,5.218515,-2.2678494,14.274844,0.15629974,2.0932224,4.1475096,-0.04344562,9.34902,0.27635527
mp-626066,H7NO6,9.271912,5.658345,-2.2274392,13.630011,0.18079944,2.1608727,5.000661,-0.042633366,10.1192465,0.28122187
mp-625837,Be(HO)2,2.7481904,7.159238,-2.133104,14.380476,0.16593778,2.6502433,4.822502,0.31501353,9.765616,0.24758787
mp-626046,H7NO6,3.3689864,6.204148,-1.3522738,14.47994,0.16065636,2.1158671,5.3791056,0.19655186,9.916788,0.2429681
mp-626201,H5ClO6,7.8300133,7.130765,-2.7379966,14.519985,0.17530105,2.2308588,4.667035,0.02151082,9.377422,0.24379796
mp-625924,H5NO,1.8522122,5.549551,-2.4586346,14.630624,0.18432492,2.0502307,4.783987,-0.20823365,9.351187,0.24277993
mp-625823,Be(HO)2,4.7209797,5.289667,-1.3918196,14.126783,0.16938621,2.5610876,4.5405126,0.26531723,9.475215,0.26880717
mp-625826,Zn(HO)2,3.4658303,5.222543,-2.6812248,14.4512,0.16229725,2.8670273,5.201416,0.26951575,9.579321,0.27002335
mp-642682,CsHO,32.012444,85.6759,2.1214552,158.79791,0.020188697,2.5946577,4.3805733,-0.0025151968,9.680653,0.26652017
mp-697136,Be(HO)2,2.29528,7.2774096,-1.8205009,14.457344,0.1582139,2.47841,4.4425163,-0.24123116,9.692453,0.26726943
mp-697146,Zn(HO)2,2.890878,4.7781944,-2.4199896,13.743326,0.17710246,2.6928856,4.8870707,-0.319303,9.229182,0.2849227
mp-697139,PHN2,3.0965667,5.4556828,-2.4246712,14.522268,0.16841209,3.7402403,4.4424114,0.14832123,9.323848,0.26419112
mp-753030,VOF3,3.133259,5.761294,-1.7706621,14.096328,0.16947305,2.5716565,5.1939917,-0.33671442,9.625899,0.2543639
mp-753200,VOF,6.3587065,5.5790615,-2.4988701,14.551161,0.17603168,4.5714426,4.559746,-3.696822,12.39987,0.17668885
mp-753398,WOF3,4.401495,5.1461663,-2.0055752,14.248681,0.17207506,3.1101315,5.2596703,-3.2641597,11.703591,0.16958326
mp-759495,Cr(PO3)3,3.032318,5.850399,-2.2462628,14.184237,0.18319573,3.0769925,4.3329763,-2.161505,11.855006,0.17345244
mp-756042,VO2F,57.899456,82.51784,-0.23899196,154.25313,0.018764473,4.886204,4.375905,0.27314913,9.774981,0.23994358
mp-754496,Li5SbS,6.9630947,5.3123083,-2.5457768,15.213886,0.16660506,6.877991,5.0244017,-0.5393675,9.9289465,0.270829
mp-760762,NbOF3,7.935463,6.775117,-2.3432188,13.746891,0.1600329,3.156213,5.526986,-0.5483922,9.701042,0.25788483
mp-754712,NClO3,0.5035916,5.7664914,-2.142333,14.590071,0.1580758,2.5917428,4.3740206,0.40628096,9.741016,0.24970846
mp-766094,NbO2F,13.469477,5.6053524,-2.448791,13.903138,0.16064546,4.1025333,4.1895447,0.5201113,9.987354,0.25553316
mp-768502,Lu2WO6,13.623765,5.627042,-3.1240108,14.2661295,0.17428145,4.475567,4.2660017,-0.53415126,9.45972,0.27086732
mp-774557,Er2TeO6,9.258451,6.2040615,-2.3641648,14.415374,0.16302545,4.036367,4.4568048,-0.03749194,9.577986,0.2268212
mp-771568,SrCa2I6,5.19144,5.7415543,-2.576161,14.95463,0.16971397,3.742604,4.5456524,0.045395114,9.649591,0.2275047
mp-775758,Li2FeF5,12.32397,5.9793863,-2.0724156,14.166004,0.16864029,2.1346982,4.4321275,-2.396391,11.969311,0.19603716
mp-773512,Tm2WO6,13.109599,5.7525682,-1.6238245,13.892624,0.17968975,4.489289,5.3090315,-0.31082106,9.438736,0.26268247
mp-776356,Li2SbS2,15.510942,18.694252,1.8762891,45.124306,0.080580026,7.8145504,4.8945932,-0.37923926,9.273828,0.24872948
mp-780172,Tm2TeO6,9.116538,6.598885,-2.2655773,14.281713,0.1944236,4.013496,4.472982,-0.34908462,9.56521,0.24894346
mp-985293,Al(HO)3,4.2039356,5.6026745,-1.761619,14.303402,0.16765676,2.8698473,4.6004114,-0.2587463,9.805621,0.2511644
mp-983589,Ag2GeO3,4.779121,5.7008114,-2.156677,14.805682,0.1686094,7.950756,4.5271482,-0.16455872,9.401081,0.24722175
mp-781712,Na2SnO2,8.659516,5.443539,-2.106068,14.4905615,0.17235652,4.302198,4.5523586,0.556576,9.268919,0.2596784
mp-27791,SrBe3O4,5.829053,6.2891626,-2.0050402,13.33742,0.16852339,3.1453786,4.507391,0.17504689,9.548563,0.24613929
mp-754739,CaBe3O4,11.995232,5.7634974,-2.1351898,13.988405,0.1703647,3.1527884,4.904871,0.4756192,9.439877,0.25962803
mp-1210286,Na2ReO3,3.862969,6.8268433,-1.7321472,13.021132,0.16439202,3.4934857,4.9309635,-0.05202783,9.695098,0.26540276
mp-17577,Ca6MnN5,8.781353,5.780775,-1.734964,14.175749,0.1848436,6.742539,4.447194,-2.5102594,12.145321,0.19497348
mp-17875,Ca6GaN5,10.36188,23.832788,0.5104622,43.6049,0.080039635,5.6417847,4.9360414,-0.694479,9.613636,0.2372444
mp-39105,MgTa2N3,15.343605,24.811516,1.9188029,46.42755,0.06897082,50.0056,19.325008,2.2869112,40.663567,0.081165895
mp-983061,Sr(AsO3)2,6.376068,6.22747,-1.7669442,14.504524,0.15555052,3.5241838,5.15674,-0.15025228,9.837807,0.24260311
mp-1025496,LiNbSe2,3.4449632,6.0193043,-1.7637287,14.825233,0.17490415,13.329274,4.6340747,0.18094583,9.717358,0.25264415
mp-10667,SrAgP,16.895147,81.52431,-3.6724064,165.73653,0.019557904,125.7724,143.10895,-15.190187,304.592,0.011654533
mp-10485,BaLiSb,13.544677,22.969532,-0.9444937,45.183037,0.079308845,10.442355,5.05035,0.09024773,9.66131,0.25358865
mp-1079726,Zr2SeN2,14.629029,23.885551,0.38156885,43.625786,0.07404007,10.712159,4.2544503,0.4793151,10.008677,0.24116854
mp-1079772,Ca(InP)2,8.356728,6.80657,-2.2587063,14.659489,0.15895891,11.753195,4.545835,-0.71780556,9.406478,0.24405938
mp-1080570,CsNiBr3,6.038134,7.002595,-1.3268737,14.236233,0.16457629,3.874171,5.036642,-3.4828393,11.1279,0.18722644
mp-11020,GaAgO2,5.3030605,7.5005455,-2.8041062,13.644043,0.16387461,6.1328864,4.640293,0.32170776,9.307577,0.2504006
mp-11019,GaCuO2,4.650936,6.0919094,-1.1264857,14.040492,0.1555134,5.83756,4.972236,-0.22216472,9.326627,0.26303923
mp-11022,ScAgO2,7.9675856,5.9135833,-2.033283,15.207049,0.16677746,5.8439946,5.002017,0.1474569,9.126376,0.24909846
mp-11023,ScAuO2,8.118107,5.833126,-2.5275826,13.840958,0.16800924,7.153651,4.761795,-0.039301675,9.836205,0.24720821
mp-11583,Zr2SN2,14.931975,23.269302,-0.007351786,45.64214,0.06362356,9.539794,5.2158294,0.22991392,9.585286,0.27168077
mp-1178449,CsLaO2,19.615873,23.17375,0.5938162,44.54028,0.07014687,4.10003,5.0721908,-0.05263199,10.147166,0.2568534
mp-1205638,Cs3BrO,13.862149,6.3096695,-2.0316305,14.297657,0.17479922,3.254948,4.3243647,-0.055378973,9.872787,0.23738608
mp-1205652,TlNiCl3,108.41353,85.278564,-1.1470653,162.28156,0.021070687,4.4830713,4.938327,-3.0660217,12.012785,0.18924756
mp-1206881,LiTaS2,3.1031773,6.3030186,-2.030944,13.891056,0.17548612,11.367359,4.5187445,0.027286489,9.837898,0.25971615
mp-1206444,Cs3IO,8.116297,5.1981206,-2.30058,13.580041,0.16348124,3.3778965,4.7682705,-0.012086568,9.50603,0.2617564
mp-1213834,Cs3Sc2Br9,5.7419286,6.5577793,-2.027833,13.167505,0.17209816,3.0823174,4.867542,0.18461484,9.768674,0.24649814
mp-1228446,Al3BC,79.86344,85.98718,5.5827675,158.68365,0.025057323,11.897221,4.5923295,-0.19799906,9.846529,0.24071375
mp-12814,Ba3SbN,31.215021,22.66069,0.66620785,45.614334,0.07374988,11.13957,5.2478943,-0.3294073,9.624922,0.24743539
mp-13277,BaLiP,20.935747,20.707756,2.1827288,46.43728,0.06390091,8.788002,4.620838,0.19033548,9.656198,0.26212603
mp-13312,ScTlS2,22.186077,22.596172,0.46203312,45.229786,0.0689785,8.649247,5.3019934,0.33192506,9.4141445,0.24316277
mp-13276,SrLiP,15.136907,5.825913,-2.293905,13.703744,0.16352363,7.992069,4.789504,0.09396886,9.457977,0.2454004
mp-14624,K5P2Au,7.599048,6.016821,-1.5451049,14.142792,0.16866636,6.075671,4.672102,-0.44343126,9.623748,0.25761974
mp-16764,RbYTe2,6.923075,6.9520674,-2.5725224,14.614412,0.19296388,6.4215803,4.833151,-0.19312178,9.260734,0.26183948
mp-19156,BaMnO3,10.356204,5.8773694,-2.3907254,13.86008,0.16906276,5.1299453,4.761319,-2.7647376,12.247283,0.17754625
mp-19178,CoAgO2,5.1740365,6.8125687,-1.9215759,13.612524,0.17385869,10.634136,4.8697786,0.10625947,9.841193,0.27878144
mp-18966,FeAgO2,6.221231,7.237238,-2.3293219,13.793147,0.17486812,7.2231793,4.383853,-2.035769,12.223813,0.17954817
mp-20329,InAgO2,3.6061287,6.283347,-2.3054817,14.117144,0.15904768,5.5923014,4.7303534,-0.063986376,9.518678,0.2735672
mp-20042,TlInS2,35.776787,22.166622,1.6359183,43.71615,0.07005391,9.850603,5.5555763,0.3903598,9.272379,0.2550507
mp-22991,CsVI3,11.445479,5.92187,-2.0209868,14.777753,0.17939892,4.0733776,4.8532834,-3.2425423,12.00892,0.16181809
mp-22977,CsVCl3,12.081862,6.802972,-1.7846549,13.835661,0.17214112,3.084203,4.5780087,-2.5085318,12.119933,0.16438265
mp-22950,CsNiCl3,6.4901896,5.49321,-1.973976,14.841709,0.16495268,3.479726,4.1139054,-2.6217976,11.541424,0.18547644
mp-23048,CsMnBr3,9.142366,5.6731844,-2.617399,13.351573,0.15984632,3.328563,5.1462,-2.6297581,11.677787,0.17673616
mp-23004,CsMgCl3,7.8699045,6.030752,-2.100727,15.2111435,0.15407966,2.6206048,5.220974,-0.020211156,9.794108,0.2511526
mp-23038,CsVBr3,6.1600723,5.7571287,-1.6121113,14.015811,0.15373902,3.4769008,4.4622607,-2.7131634,12.386634,0.17439687
mp-23029,Cs3Sb2I9,9.497899,6.941334,-2.210902,14.908611,0.16091815,4.2994957,4.813202,-0.12284712,9.395821,0.27600804
mp-23486,RbNiCl3,6.7778788,5.8961287,-2.1960595,14.207018,0.17832132,3.5012155,4.3417635,-3.3932774,12.169173,0.1967306
mp-27409,RbNiBr3,6.3863263,6.2403793,-1.8443373,14.238127,0.16383728,4.1466317,4.601885,-1.9924804,11.473725,0.18480463
mp-28911,BaReH9,8.622981,5.5453196,-1.3244101,14.373557,0.16878578,3.7102456,4.981162,-0.12073844,9.474445,0.25784627
mp-28486,Cs2Ni3S4,2.875294,5.337348,-2.2415285,14.125152,0.16647296,6.536617,5.6880198,0.17104724,9.451709,0.2603684
mp-28553,Ca2IN,9.804493,6.6506834,-2.0517523,13.8041525,0.17528357,5.674737,4.7249537,-0.50865906,9.5815935,0.26054928
mp-29750,CsMgBr3,7.9202256,5.890027,-2.471569,14.196414,0.16329797,2.9691246,4.883897,-0.07120176,10.121855,0.25464353
mp-2918,YCuO2,6.8554325,5.992196,-1.6344362,14.055338,0.16658859,4.8763556,4.1871266,0.3021712,9.580088,0.25928992
mp-29763,RbMnBr3,17.169891,22.485664,0.14500538,43.436836,0.061889183,3.3423629,3.926354,-2.8664856,12.010236,0.17252286
mp-30250,YAgO2,6.5199866,6.752469,-2.2297995,14.176975,0.15911369,4.8861327,5.140642,0.28446057,9.622986,0.25165436
mp-30167,Rb3Os2Br9,5.408689,5.6930356,-2.2037785,14.714508,0.17467345,3.915359,5.121002,0.13889061,9.67355,0.24698277
mp-29751,CsMgI3,9.774904,6.0647,-1.5526493,14.486592,0.1504821,3.5058208,4.612481,0.16586915,9.616302,0.27766624
mp-3098,AlCuO2,4.0384746,6.5366135,-1.8525761,14.285689,0.17440732,5.564234,4.5843463,-0.16529122,9.628749,0.26820898
mp-34127,K2NaAs,5.2777796,5.332321,-2.4900637,14.045758,0.16789296,9.936482,4.3280134,-0.36411,9.858306,0.26695535
mp-3642,ScCuO2,8.110343,6.2051787,-2.1786604,14.101675,0.18488495,5.9063888,4.7359815,-0.42774186,9.671064,0.24610075
mp-3924,LiNbO2,7.765896,5.8942976,-1.1973891,14.265805,0.16969581,8.69647,4.435829,0.25647166,9.564441,0.24838075
mp-3744,NaNbO2,2.991547,5.4277654,-2.4780242,14.5314,0.16441374,8.203703,4.5133505,0.019092666,9.224615,0.25007784
mp-505212,Cs3AuO,11.621393,5.3926344,-1.9003689,14.288359,0.16064118,4.3228436,4.299119,-0.16732088,9.291693,0.2632259
mp-540609,CsMnI3,9.980129,4.9618263,-2.6632433,13.841095,0.15510444,4.037407,4.35711,-3.0450294,12.444962,0.17295887
mp-541044,CsYO2,16.692379,23.388538,-0.053039223,42.254562,0.066979334,4.0816965,4.3030767,0.32635996,9.654668,0.26999524
mp-541899,CsCdBr3,15.268059,5.682571,-1.4936659,13.791465,0.16451721,3.2755754,4.6475883,0.238211,9.291148,0.27632785
mp-549158,InCuO2,3.4581687,5.810443,-1.5787065,14.230735,0.169496,5.5023985,5.7207117,-0.15454875,9.539898,0.261049
mp-557772,CsNiF3,15.392443,24.425005,2.0784507,44.494053,0.077955306,2.3059387,4.557532,-1.7401932,12.1798315,0.18065493
mp-567666,Ba3BiN,28.208847,23.654144,1.4211272,44.504887,0.06783606,12.773036,4.5441937,0.024040999,9.897451,0.2523398
mp-570099,RbVBr3,11.38854,6.0251455,-1.9095151,13.909294,0.1550143,3.4963636,4.117487,-2.1920407,11.671517,0.1883871
mp-643573,Mg3MnH7,27.373959,22.835161,0.4056131,42.350616,0.069696166,5.2302003,5.1547394,-0.114076994,9.967271,0.24524388
mp-643061,Mg3ReH7,25.090782,23.699156,-0.24516094,43.84828,0.069671735,4.9465356,5.046855,0.18910807,10.044478,0.23489216
mp-7435,KCuSe,6.0369225,21.572388,-2.6673527,44.59595,0.07021263,45.992264,23.055443,4.483022,40.298748,0.08371612
mp-696944,LaHBr2,3.0920556,5.328535,-2.8297565,14.186389,0.17052515,3.9919598,4.600024,-0.1289696,9.276415,0.23987094
mp-7421,KZnAs,5.3921833,21.768885,3.189061,43.610733,0.06581201,34.678116,18.95202,4.1615157,40.2447,0.08838825
mp-7437,KZnP,4.530596,5.9483285,-1.6847136,13.629746,0.16454561,8.518522,4.685952,0.14174466,9.571962,0.2409409
mp-7288,Sc2SO2,12.017649,6.646552,-1.8921063,14.306823,0.17201714,6.356145,4.686577,-0.108634904,9.117786,0.26585412
mp-7438,KZnSb,5.3110685,23.247349,2.8024347,44.085743,0.07131866,24.779697,20.184963,2.8253126,40.201862,0.083110236
mp-7436,KCuTe,3.0742183,5.7844586,-2.0586996,14.603432,0.17707099,8.973497,4.305298,-0.09393982,8.962523,0.26144454
mp-754384,ScTlO2,165.43523,72.64101,-7.92133,157.05151,0.019875204,8.834158,4.972791,-0.08295424,9.464989,0.2565524
mp-754535,LaAgO2,7.7737536,6.449623,-1.8541973,13.742167,0.17280252,4.7182016,4.5982194,-0.31664923,9.98027,0.24428622
mp-752927,LiAgF2,12.920265,6.7133512,-1.7837114,13.928363,0.16554536,3.349774,4.8757324,0.12269641,9.625251,0.26174468
mp-755342,LuGaO3,23.217335,23.561148,-0.23755918,43.78108,0.07944095,4.114606,5.1129603,0.33078507,9.860802,0.2777032
mp-7650,RbScO2,16.869602,6.52147,-1.465988,14.904832,0.16414775,4.048801,4.0509205,0.24829167,9.901711,0.26430613
mp-7937,NaNbS2,1.8181249,5.507845,-1.2800965,14.62542,0.1675165,11.0729265,4.56767,-0.0047789235,9.145535,0.25433308
mp-7938,KNbS2,1.6270509,5.4987164,-2.746494,14.526773,0.1693161,10.621689,4.3731,-0.032671764,9.552511,0.23766285
mp-768479,YScO3,17.635334,21.837711,1.5586507,48.591873,0.06996188,4.265562,4.977111,0.24388526,10.005956,0.26423457
mp-7738,LaSeF,14.935303,21.963161,1.4638277,43.098305,0.078835875,6.3079333,4.9265995,-0.18013562,9.750071,0.24985188
mp-7936,LiNbS2,3.477128,4.714513,-1.4961312,14.333725,0.20515347,12.006017,4.772167,0.085038915,9.13138,0.2536465
mp-7939,NaNbSe2,2.0573695,6.308469,-1.7889189,13.964361,0.17645168,12.352597,4.907555,-0.7784342,9.654187,0.24977936
mp-7940,KNbSe2,1.62939,6.5152464,-2.0683413,13.665469,0.17797069,11.615472,4.409686,-0.20839924,9.596185,0.25198463
mp-8098,InGaO3,8.402782,6.599593,-2.7808943,15.002148,0.17557456,4.6170764,4.658953,-0.23916943,9.448281,0.2552588
mp-864954,MgMoN2,4.245717,5.503726,-2.180634,14.174216,0.1759611,11.793974,19.825039,3.0669248,40.223587,0.08234714
mp-9631,AlAgO2,4.8874116,6.854556,-2.0025182,14.59267,0.17505717,5.8376627,4.2994967,-0.010811227,9.581178,0.25204816
mp-9573,NaBeAs,4.3822746,6.7224526,-1.9842589,14.016816,0.1749026,8.228908,4.5677557,-0.10116463,9.643824,0.26711416
mp-9244,LiBC,5.467559,6.5476594,-1.9553231,13.877814,0.17387302,11.668263,4.8236217,-0.6343213,9.512422,0.2616085
mp-9899,BaAgP,14.7282915,21.627472,0.19324328,42.764137,0.06434055,28.198887,21.977869,6.2082505,40.51367,0.083011046
mp-23352,Ge(Bi3O5)4,31.107534,20.942722,0.7154352,46.529533,0.06918436,6.2386703,4.6541634,0.12562332,9.791529,0.26102805
mp-23492,Si(Bi3O5)4,33.989765,19.357529,2.5689266,44.30092,0.06812663,6.213837,5.14966,-0.31084958,9.757692,0.25532272
mp-23494,Ti(Bi3O5)4,34.471878,19.785343,1.6928036,44.019596,0.07094546,6.26923,4.4339275,-0.12671164,9.405097,0.24376844
mp-1102430,SbTeIr,6.782012,6.8160105,-1.8240207,14.317545,0.1734197,20.59189,21.235455,1.6552471,40.858135,0.07449965
mp-1095507,SbIrSe,5.5860834,5.468548,-1.1636455,14.992779,0.16817378,18.407076,18.062899,2.0123515,40.729427,0.084534705
mp-1101765,BiRhSe,10.148422,18.898968,1.693815,42.934914,0.071964055,33.2906,20.810623,2.2183788,38.01767,0.0844687
mp-1103228,BiIrSe,8.438357,6.7153215,-1.8328754,14.734731,0.15644528,25.232521,9.212991,-24.776897,53.9925,0.03525732
mp-1193111,K3AsS3,6.307646,5.5936623,-2.098987,13.820895,0.16447532,3.5311742,5.0538654,-0.07183522,9.279549,0.2691462
mp-1102531,PRhSe,3.9735663,6.389821,-1.9632369,13.932367,0.16966352,20.069494,21.806387,2.4931638,39.536015,0.07829131
mp-1192816,Cs3SbSe3,6.403783,5.9923162,-2.5813682,13.655988,0.18609254,3.8386774,5.0262327,0.011132736,9.1308775,0.26706782
mp-1194266,K3SbS3,6.055003,6.4809227,-1.9942757,14.244042,0.16374552,3.7447968,4.800535,-0.1985694,9.087455,0.26131606
mp-1193265,Na3SbSe3,8.052391,6.7190905,-2.242046,14.80008,0.16098072,6.075813,4.0796404,0.07437797,9.385179,0.27670306
mp-1193894,Cs3SbS3,8.601087,6.558852,-2.2250376,13.691743,0.16118601,3.5785837,4.904237,0.26004457,9.621635,0.2822123
mp-1193319,Rb3SbS3,6.543431,6.235183,-2.056345,14.176156,0.16333362,3.5746334,4.4369555,0.23085693,10.014691,0.23722748
mp-1193673,Na3SbS3,8.94921,6.4666142,-1.3539953,14.009591,0.16072477,4.999862,4.4768267,-0.0044111526,9.65727,0.24094361
mp-1218926,SnPtSe,8.590307,21.67388,-0.48961648,43.22771,0.062042832,26.736914,17.487404,3.6509602,40.43176,0.07667664
mp-1220004,PIrS,3.0063753,5.4799814,-1.867363,14.438093,0.16410743,14.572739,5.1640882,-0.19194327,9.628093,0.26597965
mp-1219924,PRhS,3.2180939,6.208357,-1.2195222,13.858057,0.16223255,17.811413,19.768208,1.3023684,40.23608,0.079895
mp-1219458,SbTeRh,8.036189,5.5755444,-1.9607816,14.506887,0.16115324,27.247707,20.8309,0.98405373,40.060753,0.08500606
mp-1228724,AsRhSe,4.967062,25.916672,1.6465266,45.58777,0.06490386,22.03456,22.029459,1.7426163,40.157036,0.079605214
mp-1228810,AsIrSe,4.398387,5.9205084,-1.5493594,14.299917,0.1866306,17.525656,20.681767,4.355773,39.330593,0.08183593
mp-16363,CoAsS,7.067724,5.556058,-1.6885673,14.871841,0.15547319,24.866278,22.471012,3.2837555,40.032585,0.08209504
mp-1226003,CoPS,5.2721524,6.694064,-2.6213255,14.416943,0.17889337,20.976515,21.51109,2.9919186,41.110527,0.08260365
mp-1228823,AsIrS,3.7586362,5.339631,-2.371679,14.311373,0.1895893,15.719453,19.903374,2.4081912,38.681988,0.07604294
mp-1227372,BiTeIr,9.362821,21.730583,2.033661,41.286034,0.07445747,27.832615,19.38905,2.9125762,40.715588,0.08904137
mp-17250,K3SbO3,5.1553707,4.6798124,-1.2739011,13.976409,0.17702548,2.9939609,5.4537997,0.54135716,9.383008,0.25548014
mp-1228745,AsRhS,4.251243,5.4012375,-2.1840491,13.894893,0.17018794,19.40779,21.667965,0.7755744,38.81711,0.07630188
mp-18594,K3AsSe3,5.389635,5.923056,-1.8870414,13.807091,0.17316885,3.9446383,4.6620674,-0.27144745,9.529455,0.23284133
mp-17912,Rb3SbSe3,5.6068764,5.8768654,-2.4105666,13.774759,0.16992918,3.9218369,5.3722467,-0.55939716,9.212755,0.25790203
mp-18778,Zr(WO4)2,8.709301,6.6718664,-2.351344,14.1248455,0.1804967,3.6248276,4.868344,-0.4431328,9.9601555,0.24622135
mp-23330,NaClO3,3.3332121,6.0215077,-2.4995906,13.822153,0.16700703,2.3449104,4.6288357,-0.1274906,9.897679,0.23806174
mp-23333,Hg3Cl4O,8.540328,6.009806,-2.0470212,14.306038,0.16076137,4.143529,5.0793276,-0.038567863,9.27505,0.25160936
mp-23339,NaBrO3,3.5208013,5.6824336,-2.6788936,13.344848,0.16084658,2.7331467,4.133414,-0.13813688,9.638722,0.23713528
mp-29505,Cs3BiO3,7.394246,5.683052,-2.2238688,13.841912,0.15624884,3.38155,4.5108624,0.20946053,9.754149,0.26115015
mp-29379,K3BiTe3,4.4698267,5.3865633,-3.3681676,14.059745,0.18173157,5.4426847,4.713193,-0.025007753,9.586222,0.24386232
mp-29252,Sn2ClF3,72.73817,74.98352,2.6895974,160.05263,0.021813972,3.8070526,4.653055,-0.12374644,9.569744,0.2636749
mp-3519,ZrSO,9.983335,5.7839127,-2.0378196,13.946164,0.18544354,7.735338,4.9999156,-0.08759629,9.649721,0.2604122
mp-28980,K3BiSe3,4.9057627,6.3725615,-1.1565456,14.693422,0.14421447,4.5787125,4.987821,-0.029833589,9.54449,0.24671482
mp-29513,CsXeF7,4.5695453,6.11442,-1.8755969,14.358953,0.16309376,2.5195327,4.602831,-0.2973001,9.642439,0.27861518
mp-29168,Rb3BiSe3,4.950563,7.5595927,-1.5237418,14.559399,0.16234607,4.1665406,4.9693007,0.033668168,9.440933,0.25462216
mp-4876,Tl3SbSe3,15.562472,22.94028,-1.0054617,46.22684,0.071351625,10.592976,4.913507,0.15301566,9.520069,0.27508926
mp-555726,NaClO3,1.2312,4.9096174,-2.410992,13.228659,0.16727951,2.001889,4.4127336,-0.5253002,9.395361,0.27900508
mp-5830,Na3AsS3,6.9695435,6.8717923,-2.444714,14.502293,0.16968295,4.4583793,4.7101965,-0.06497713,9.505918,0.24053447
mp-560869,K3VO4,4.7218943,4.9790955,-2.185996,14.482833,0.16972426,2.7319415,4.7937946,-0.15558764,9.917674,0.26333725
mp-557203,SrZrO3,44.714245,24.635262,-0.1361792,43.137444,0.07272339,4.6534095,4.0750456,0.26516742,9.294764,0.24850363
mp-756361,ZrSeO,10.188747,5.1773095,-1.908385,14.629938,0.17282966,9.247824,4.637191,0.111491784,9.53776,0.27745384
mp-752636,LiSbO3,7.703434,5.9162245,-2.0381477,14.533531,0.15920217,4.5173764,4.4485693,-0.18439266,9.624609,0.27625945
mp-775761,AgClO3,6.965756,5.5894895,-1.74313,14.423414,0.18133895,3.2352457,4.71257,0.042793147,9.297059,0.2451381
mp-7787,HfSO,9.161198,5.418582,-1.1831367,14.401751,0.16067925,7.050192,5.0937424,0.032370992,9.433747,0.27355042
mp-768232,Rb3SbO3,5.745483,5.95568,-2.5515246,14.307323,0.18166892,3.077094,5.0333166,0.028461093,9.786372,0.2735518
mp-755811,Na3CoO3,20.57717,20.97571,0.74390256,45.490517,0.06789542,3.165224,4.6124897,-3.0683954,11.331365,0.17347455
mp-8630,SbIrS,5.1737137,6.1753364,-2.401172,14.442471,0.16219212,16.750698,22.408031,3.8532214,39.0359,0.08284346
mp-8686,Na3AsSe3,6.3026495,6.6193004,-2.281462,14.930978,0.1869383,5.3576736,4.549447,-0.2100692,9.131938,0.23729704
mp-20694,K2Pb2O3,6.0241194,5.937508,-1.9729245,14.541987,0.16750774,4.884531,4.7125072,-0.030228015,9.464626,0.273234
mp-23418,Hg3(SCl)2,18.544992,6.5818114,-2.2493963,14.38807,0.16189854,5.0665555,4.856305,-0.20859475,9.539022,0.2655071
mp-27851,Hg3(SeCl)2,18.743282,6.6882505,-2.0751362,13.777524,0.17527132,5.63268,5.1608324,-0.38452652,9.53669,0.24097107
mp-27852,Hg3(TeCl)2,18.543837,23.135689,1.8086475,42.940975,0.06827986,6.654142,4.8067713,-0.25624293,9.901255,0.2638821
mp-27853,Hg3(TeBr)2,30.818089,20.778175,-0.5966313,44.32931,0.06678754,6.858039,4.7030783,-0.30930758,10.179426,0.26668283
mp-1213706,Cs2Pb2O3,6.482083,6.1821113,-2.0657492,14.019812,0.17665674,4.490087,4.326777,0.43163455,9.271146,0.2273649
mp-1212164,Hg3(SeF)2,12.613735,6.3499336,-1.903504,13.916414,0.18763565,6.225408,4.6725693,-0.070102364,9.699588,0.24586716
mp-1209489,Rb2Pb2O3,5.5281396,5.251235,-2.1149726,13.250503,0.16155638,4.593829,4.7535934,0.13191257,9.866495,0.2538349
mp-7580,Hg3(SF)2,13.988303,5.4092617,-1.7633787,15.106014,0.1450795,5.33907,4.64262,0.21577233,10.275454,0.26699588
mp-761872,Na2Sn2O3,12.437545,6.1864815,-2.5318744,14.011589,0.16888633,6.404976,4.312314,0.04148387,9.239543,0.2478287
mp-8624,K2Sn2O3,5.295622,5.8001366,-1.3776686,13.873275,0.16472784,4.8299737,4.4931197,-0.24523796,9.37854,0.22353546
mp-1020122,MgS2O7,2.426813,5.9665146,-2.876811,14.012506,0.16311888,2.275674,4.182374,-0.5141274,9.778406,0.25997302
mp-1029965,K15Os7N19,32.18594,27.0466,0.05471608,44.02483,0.06303556,39.625126,20.488564,2.8784401,41.323032,0.08351182
mp-1029705,Na15Cr7N19,19.668085,24.317207,0.5539649,43.101032,0.07412954,8.361829,5.2937455,-0.47956347,9.519252,0.26647893
mp-1029580,Sr4ZrN4,10.909304,6.1916723,-1.3586832,13.582603,0.17645788,6.288035,4.958684,-0.59532076,9.3174925,0.2867165
mp-1029490,Sr3B3N5,8.005183,6.2281404,-2.2911942,13.508292,0.17164785,4.4306717,4.6986,-0.13062881,9.313682,0.28856292
mp-1029921,Ca3Al3N5,11.846718,6.795784,-2.4901612,14.486004,0.18744275,5.2513027,5.2664394,-0.25011116,9.605455,0.23034802
mp-1029660,Ca4ZrN4,5.837596,6.4715805,-2.1391304,14.615859,0.16151053,6.113946,5.2360287,-0.64403725,9.959895,0.24558541
mp-1029799,Sr4TiN4,13.5384865,21.738321,1.9534075,43.00363,0.07368602,6.521456,4.8280654,0.25312644,9.329851,0.24400802
mp-1029730,Ca4HfN4,9.007974,6.288353,-2.0761542,14.043777,0.15081495,5.924842,4.510807,-0.42660683,9.662925,0.2337056
mp-1029862,Na15Mo7N19,8.764697,6.0014296,-2.1891835,14.501586,0.1717525,5.473136,4.7206764,0.14754273,9.287126,0.25377432
mp-1029699,Cs2CN2,4.006529,5.9126654,-2.4443817,15.036808,0.18114859,2.7020743,5.024667,-0.3338524,9.539361,0.27405214
mp-1029733,Sr3Al3N5,6.1727743,5.6799316,-2.0368872,12.869348,0.16244029,5.393178,4.439741,0.19772746,9.609205,0.2567189
mp-1029850,K15Cr7N19,10.806157,5.974778,-1.4859661,14.439244,0.16208322,7.23589,4.5467725,0.11907353,9.451837,0.2701553
mp-1029869,K15Mo7N19,9.380241,6.2471986,-1.2671624,13.963776,0.16447465,5.161074,5.0643334,-0.08330521,9.777453,0.26259264
mp-1029967,Rb15W7N19,7.5688605,7.220217,-2.4871604,13.30386,0.18937314,4.735537,3.9323056,0.04755268,9.65551,0.26240176
mp-1029863,K15Re7N19,11.192241,27.374317,1.5084388,45.234573,0.063641414,13.481803,4.6323195,0.40061873,9.478054,0.24938557
mp-1030704,Na15W7N19,7.9524612,5.674066,-2.174369,14.372949,0.16816786,4.8894906,3.8785315,0.15469037,9.543141,0.25151956
mp-1041611,Mo(WO4)2,5.9324684,6.1620173,-1.8961374,14.051812,0.17113224,4.1046395,5.1260943,-2.4993994,11.7592535,0.17662612
mp-1041750,Ti(WO4)2,18.12747,22.49037,1.3664017,43.871372,0.075771846,4.3664684,4.5249057,-0.10809034,10.013205,0.25158963
mp-1030950,K15W7N19,8.063628,7.329632,-2.2595828,14.516592,0.16335568,4.675053,4.291272,-0.10332904,10.053817,0.25999227
mp-1079487,Nb(SBr)2,0.8269757,6.729555,-2.4818978,13.398958,0.16058266,4.697965,4.95828,-0.581812,9.284423,0.24631158
mp-10621,RbSbS2,20.902372,22.087786,-0.32006186,44.089626,0.07669227,5.130646,4.5905333,0.07063784,9.903393,0.2563976
mp-1087549,Cs15W7N19,15.137311,5.829687,-1.9187562,13.943198,0.14551271,5.037755,4.5437922,0.36456645,9.402465,0.27791065
mp-10809,AgSnF6,3.5549257,5.3742623,-2.1709642,14.191163,0.16849867,3.5944822,5.1334257,-2.547411,12.224273,0.18252108
mp-10810,TiAgF6,8.147564,6.115279,-2.670982,14.060614,0.17474261,4.0127516,3.1253989,-2.9657578,12.6269045,0.18337475
mp-1103091,GaHgCl4,4.6169643,5.012142,-0.8434162,14.455329,0.16782406,2.8306377,4.6924486,0.50938535,9.55667,0.26339072
mp-1102961,AlCdCl4,2.9605935,6.2052317,-1.9964125,14.309458,0.19178379,2.6114748,4.8145447,-0.16468759,9.73439,0.26016712
mp-1118832,Ca2WN2,11.185643,5.271537,-1.7280986,13.676102,0.16368093,10.297838,4.1320863,-0.16712022,9.527865,0.26677278
mp-11737,Li4SiO4,5.211547,6.6842856,-2.170642,13.446469,0.1751571,2.7233527,4.155137,-0.008758422,9.628826,0.24211258
mp-1120733,K2SnS3,5.058539,5.9923563,-2.7718928,14.67812,0.17042096,3.708117,4.74388,0.48706007,8.987465,0.27628466
mp-1189259,RbSbSe2,20.638071,24.022465,-0.40398052,46.304707,0.07072567,6.1556044,5.425484,0.20736283,9.921725,0.27952445
mp-1188535,Y6NiI10,3.9761608,5.8908277,-1.6481979,14.106051,0.15128566,6.902779,5.1233225,0.25632867,10.4310055,0.27315214
mp-1205381,Cs4FeO3,8.831754,6.2146955,-2.0002067,14.68349,0.15178473,3.7008321,3.526465,-3.2576933,12.124237,0.1741793
mp-1398557,LiAgF3,186.53685,75.82777,5.634417,157.12419,0.021238664,5.210367,4.1441684,-2.5830104,12.667173,0.1943144
mp-14241,Tl2SiSe3,14.45787,22.822872,1.3579749,44.313225,0.06946637,7.0499425,4.893783,0.030919045,9.262006,0.2466443
mp-14726,Na4TiO4,4.0104513,5.5167527,-1.9075751,14.766609,0.17541698,2.8352644,4.2979155,-0.014724332,9.4988365,0.2655951
mp-1542038,CsSnSe3,5.7845526,6.906786,-1.5112971,14.464756,0.17450072,5.673322,4.206457,-0.2276488,9.683981,0.24808198
mp-14653,AgSb2F12,2.380141,7.3263807,-2.2659888,13.796629,0.164148,2.6406002,4.551075,-2.8107347,12.235083,0.17752455
mp-15391,Na4TeO5,8.721384,6.1087265,-1.7215892,13.752587,0.15420204,3.0904288,4.32358,0.06724981,10.077268,0.23745549
mp-1542856,ZnCoF5,6.982448,5.82514,-2.2299972,13.887732,0.15304193,3.1097717,4.9539557,-2.8644009,11.920838,0.18127033
mp-18849,Fe2P2O7,8.868317,5.4489813,-2.242246,14.013229,0.16409844,3.1030562,5.02025,-2.7001812,12.075165,0.19262218
mp-19334,Na4WO5,10.434359,7.12504,-1.9281987,14.515195,0.18346335,3.2876773,3.8959312,-0.43868062,9.34396,0.26363426
mp-20088,Na4PbO4,4.851206,5.9972715,-1.9419054,14.291064,0.15679476,3.533867,4.381959,0.20300701,10.0272045,0.24063121
mp-23079,SiCl2O,0.6223606,6.284166,-2.118117,15.036384,0.1621187,2.1891856,4.5433736,-0.048061967,9.461439,0.2584227
mp-22328,K4PbO4,5.2242928,7.8851795,-2.3444395,13.640709,0.16534357,3.0780485,4.5822573,-0.027446764,9.7787,0.25732523
mp-23563,SiCl2O,0.4884142,5.6521883,-1.8088458,15.11473,0.18193725,2.1490161,4.9608502,-0.14440201,9.6456175,0.2520228
mp-27178,HgPS3,5.588817,5.5234194,-2.4052706,14.617989,0.1731954,6.099792,5.092594,0.3970518,9.253689,0.24597721
mp-27361,Nb(SeCl)2,1.2692553,5.9689355,-1.4583365,13.436235,0.1790429,5.3641057,4.950411,-0.022452123,9.646149,0.2290843
mp-27404,As3(HO2)5,3.6418474,6.689082,-2.63211,14.12376,0.16854432,2.989841,4.8659725,0.012688065,9.42308,0.2465197
mp-28003,H6OF4,3.1330109,7.3640013,-2.1082528,14.49122,0.16759552,1.7738569,4.6887074,-0.3037172,9.586344,0.24508607
mp-28174,Pd(SCl3)2,1.782649,5.0581784,-2.2711663,14.231503,0.16950537,3.5407164,4.8373814,-0.61043274,9.084247,0.25221384
mp-28230,TlSbS2,51.654354,88.16405,1.4918168,157.31801,0.018906824,8.834633,5.116315,0.052117262,9.309554,0.23110944
mp-28375,Ta2AgF12,3.0421667,5.2603106,-1.757791,14.989334,0.14223605,2.5209627,4.596776,-3.3914373,11.557695,0.18316631
mp-28965,AgBi2F12,2.708066,6.8648486,-2.180676,14.155501,0.15560712,3.5639668,5.2874365,-2.9003124,12.575939,0.19945322
mp-28883,GeP2O7,3.8448036,6.1345687,-2.6473384,13.870477,0.18593442,2.8363745,4.5610943,-0.011930289,9.466451,0.25838163
mp-29110,Al2(FeSi)3,22.374344,22.04562,3.2384498,43.452007,0.06891956,29.647581,19.582027,2.5461655,40.246017,0.08892964
mp-28691,TaTe4I,16.877886,85.54309,-0.039989457,153.82417,0.019710211,,5.7695594,-0.19339883,9.248649,0.24459812
mp-28926,Ba5(TiN3)2,14.251531,6.481488,-1.8678452,14.663645,0.17642385,7.3318253,4.152297,0.24962853,9.477973,0.2690851
mp-29185,Te2O3F2,8.640862,5.3330173,-1.8632307,14.085792,0.16647156,3.913709,4.706875,0.488698,9.725169,0.26020297
mp-2970,Na4GeO4,4.2027063,5.7357125,-1.7897995,14.721318,0.15697457,2.7325187,3.9582644,0.12054364,9.571088,0.25950116
mp-30001,Ba16Nb5N19,19.926842,21.217367,2.8678865,43.62968,0.073062144,6.76793,5.310896,-0.21077278,9.773308,0.24771854
mp-29568,RuS3Cl8,1.5131,6.0531425,-1.4037601,14.779098,0.16467083,3.7319427,4.819553,0.011216804,9.798636,0.2472275
mp-31126,Na3CoO3,5.023083,5.6586714,-1.5203102,14.276844,0.16334495,3.456097,3.7667317,-3.022045,12.30999,0.20092992
mp-30304,Bi3SbO7,31.975414,20.622778,0.6203297,44.98416,0.0754254,5.958303,4.480135,0.1965383,9.619603,0.24918534
mp-30120,K3BiO4,5.623934,6.536927,-1.6045988,13.558868,0.17517872,3.2966769,4.943746,-0.10312629,9.626279,0.25829956
mp-31268,AlBiBr6,5.049333,5.7370596,-1.4148409,13.851085,0.16735092,3.4336274,4.0586605,0.254788,9.236113,0.267977
mp-31232,In2PO5,9.402533,5.5734444,-2.3885238,14.658173,0.15553333,4.386324,4.492687,-0.04686924,9.607526,0.28248215
mp-31231,Sr5Mo2N7,9.882201,5.8535566,-2.0444744,14.397788,0.16090895,5.763744,4.4152884,0.18068649,9.418646,0.2617885
mp-3312,Cs(SbSe2)2,12.401034,6.524151,-2.0945718,14.416632,0.16050594,8.498113,5.0211678,0.18011318,9.370547,0.2295853
mp-4804,Li4TeO5,14.611575,6.034297,-2.1046484,14.332594,0.17027937,3.4293747,4.3854446,-0.24656719,9.904542,0.24641554
mp-4701,CuSnF6,3.30235,6.086436,-2.1017861,14.0942745,0.18010412,5.814802,3.742217,-2.3726366,12.8438015,0.17127106
mp-555052,MnSb2F12,2.0646105,5.127552,-1.8664227,14.581409,0.19444299,2.1810389,5.9643793,-2.299602,12.427488,0.1795079
mp-555377,Li4WO5,15.735346,23.067785,1.159664,42.023624,0.06885779,3.7828562,4.902177,0.22840527,9.166693,0.2637016
mp-561710,CsSnS3,5.0740514,7.080201,-1.2784253,14.09506,0.17610061,4.5294924,4.5734453,0.26534465,8.933027,0.27986515
mp-568469,Ca4TiN4,11.0983095,6.0137167,-2.3292696,14.0025625,0.1844935,6.244872,4.920107,0.119215146,9.541446,0.2485223
mp-569060,Cs2PSe5,3.779166,5.6074724,-1.9742496,14.759996,0.18500718,4.458083,4.5131245,-0.036608625,8.870503,0.24198239
mp-570971,Sr3Ga3N5,12.377569,5.998376,-2.1981943,14.3245535,0.17364015,6.3225493,4.5527735,-0.01843954,9.84694,0.26741138
mp-580748,Re3Se4Cl,0.49636936,6.6963024,-2.0217214,14.4428425,0.17301323,9.512157,5.038639,-0.0062692743,10.069109,0.29468828
mp-625211,LiH3O2,2.4595683,6.5974226,-2.044583,14.117476,0.15875031,2.2803268,5.2927866,-0.36900914,9.670319,0.23820062
mp-675926,LiBH4,4.4150114,7.431158,-2.0673153,14.505585,0.16509445,3.0186021,4.5210385,-0.39855918,9.349768,0.25970706
mp-675918,Li9CrN5,7.4886627,7.2180386,-1.6649672,13.842436,0.16029271,5.97831,4.9839807,-0.076365136,9.273116,0.23959358
mp-6999,ScPS4,2.863534,5.76842,-2.123275,13.650503,0.16042985,4.773258,4.8552628,0.031182438,10.025085,0.25634098
mp-7118,Rb4SnO4,6.1482487,6.8109655,-1.7960403,14.620974,0.16737923,2.960147,4.6763425,-0.17763105,9.788934,0.26416996
mp-7210,Cd2B2O5,6.5838966,5.932085,-2.0892425,13.694073,0.15876326,3.4191844,4.9706936,-0.70572805,9.186691,0.26016355
mp-7258,K4SnO4,5.2133827,6.109997,-1.6802181,14.563682,0.16135396,2.8366466,4.764511,0.22995216,9.6676035,0.2678177
mp-7277,Tl2GeS3,15.042536,6.3694563,-1.7174934,13.835179,0.15977846,6.2445254,4.6018753,-0.46735442,9.517614,0.27252787
mp-7500,Na4SiO4,4.3382673,5.64939,-0.8970492,14.221255,0.16452876,2.5264146,4.977064,-0.22618869,9.791798,0.2417519
mp-752538,KSnO2,5.687702,6.3356767,-2.5331554,14.525687,0.16389248,3.8391306,4.802249,-0.14881381,9.556806,0.2612389
mp-753206,Mg10FeO11,7.5935526,6.4200706,-1.2586024,15.26017,0.14901298,3.3785942,4.0294538,0.22562395,9.872466,0.24884132
mp-756746,Rb4PbO4,6.1292214,6.351928,-3.1213443,15.116213,0.16119142,3.178086,4.167159,0.0036665415,9.927292,0.26297116
mp-756632,NbO2F,24.365103,22.934351,-0.15838684,44.21945,0.07208625,5.1741004,5.042425,0.26058242,9.397005,0.26337528
mp-764850,Li3(NiO2)4,8.547871,6.6086226,-2.5125554,13.457046,0.18592718,12.815241,4.061522,-2.6035888,12.039836,0.18204002
mp-774192,Li2VO3,17.25315,22.055576,-0.6884448,43.209602,0.07113208,4.924246,5.1355,-0.15283814,9.789047,0.25564364
mp-8190,Tl2SiS3,12.043416,4.94631,-2.7981677,14.314707,0.16298592,5.7025456,4.3436623,-0.33865166,9.800371,0.24408393
mp-9655,Na4SnO4,4.280959,5.800275,-2.2165167,13.834228,0.15319772,3.0162249,4.2033615,0.10773049,10.297144,0.25150385
mp-9693,K2SnSe3,4.898076,7.260004,-2.992492,14.813546,0.16009913,4.397065,5.2422714,0.45750707,9.03727,0.26574674
mp-9145,Rb2SnSe3,4.7375364,6.0979524,-1.9671313,14.199192,0.17016639,4.125243,5.041501,0.037474666,9.39008,0.23212403
mp-8890,Cs(SbS2)2,10.976798,5.0591936,-2.2535584,14.155567,0.16328463,6.268105,4.7975817,0.05109294,9.269429,0.23422591
mp-990238,Au(OF3)2,16.514935,6.9040947,-1.6574459,14.386948,0.16152233,8.857049,4.7427,-3.2997606,12.129042,0.16406411
mp-9798,Rb(SbSe2)2,12.8939085,5.6592884,-1.4839767,13.609678,0.18105502,9.363357,5.272489,0.04532805,9.819103,0.25725743
mp-997036,CdAuO2,5.083085,6.271663,-2.2811213,14.420389,0.1518089,7.5348344,4.9759703,0.30420068,9.425716,0.26319963
mp-11321,Y3TaO7,19.294558,22.399673,1.1292408,43.508713,0.07212693,4.530342,5.008662,0.10678499,9.8686285,0.25851345
mp-27167,Sn2IF3,99.5756,88.32834,7.7094316,162.13138,0.02059682,4.776909,4.574662,0.07026338,9.496427,0.26125914
mp-27336,CsCuBr3,9.121966,5.68357,-2.3766272,14.167709,0.16799778,6.8167896,4.3978386,0.38202456,10.129067,0.25320566
mp-30957,Pr(PO3)3,4.659764,5.8460035,-2.8749714,14.136806,0.16624793,2.7650716,4.8549623,-0.32495788,9.896591,0.2807941
mp-30321,Y2P4O13,4.4327664,5.805594,-1.8606616,14.629633,0.15568101,2.742514,4.511826,-0.38197333,9.3937645,0.23292653
mp-4051,AlPO4,14.698941,5.5160365,-2.32493,13.641302,0.17900144,2.292918,4.5011425,-0.7110104,9.618955,0.2489634
mp-553932,GaPO4,21.767502,21.440388,1.0795016,44.588207,0.06835318,2.6908743,4.781394,0.25427485,9.405445,0.249732
mp-548403,CaCO3,9.47889,5.056772,-2.1142952,12.879605,0.16892973,3.2094185,11.5058365,-28.356426,52.731873,0.035636064
mp-7264,Nd(PO3)3,4.7143126,6.3117657,-1.785395,13.683048,0.17101063,2.7741196,4.75002,-0.18604219,9.042106,0.27140796
mp-756591,Sm3NbO7,46.96559,24.117302,0.044050638,43.97971,0.070793666,4.99523,4.156994,-0.09319067,9.496337,0.2486091
mp-769931,Tm3TaO7,25.011938,22.692244,3.374014,44.91029,0.072240464,4.5412955,4.4669466,-0.006072346,9.803321,0.26424775
mp-771147,Dy2P4O13,4.456384,6.764768,-2.4196768,14.253686,0.17093524,2.7493057,5.348115,0.19348443,9.302686,0.23424684
mp-755898,Er3TaO7,27.552582,23.397194,1.1799761,43.949917,0.06760342,4.5577416,5.1682887,-0.24667144,9.8354025,0.28651434
mp-752535,TaIn3O7,32.34669,22.247717,1.3398504,44.983772,0.069653355,5.734246,4.747998,-0.1325491,9.319527,0.24125844
mp-772232,Tm2P4O13,4.4492917,6.142825,-2.905791,13.094084,0.15537654,2.7495825,4.6029024,0.16403389,9.703295,0.27290088
mp-974267,KH8N3,3.845157,6.3627014,-2.6519117,14.438846,0.16322584,2.555224,5.0843215,-0.012982893,9.667557,0.22662112
mp-24136,Cs(BH)6,1.7918569,6.0544014,-2.2360609,14.050924,0.17413194,2.4248643,4.829612,-0.075149186,9.298429,0.24508744
mp-23691,Tl(BH)6,9.634211,6.9230857,-2.9159694,14.357727,0.17602117,3.1202967,4.9923105,-0.18726066,9.638828,0.2875769
mp-24239,K(BH)6,3.006571,5.862078,-2.2140548,14.478038,0.16163617,2.5035203,4.962782,-0.081737794,9.289631,0.26402032
mp-24123,Rb(BH)6,1.7496843,6.3979406,-2.1968625,14.141505,0.15866975,2.5201845,4.8335056,0.029511318,9.487763,0.25951174
mp-1029502,Ba(NbN2)2,16.25021,22.848255,0.3484331,43.74166,0.077200875,7.79042,5.164547,-0.022901587,9.451427,0.26277444
mp-1029505,Ba(MoN2)2,73.44897,82.111664,-6.478604,157.73492,0.021627907,251.03284,133.20891,-27.380222,286.70093,0.011301387
mp-1029568,Ba(CrN2)2,7.5165825,22.22631,0.46195132,44.923454,0.074431784,53.231033,123.673584,-22.905104,283.82495,0.010887516
mp-1029616,Ba(TaN2)2,12.169839,6.0673018,-2.283718,14.386645,0.16064772,6.5346355,4.517381,-0.29050368,9.613649,0.28525314
mp-1029619,Ba(ReN2)2,37.397144,77.99708,-3.4899604,148.46245,0.02111885,90.98417,104.19827,-22.082947,275.94632,0.011452689
mp-1029918,Ba(VN2)2,27.825247,24.674894,1.1664406,42.732338,0.06772402,9.343523,5.0014906,0.6267829,9.7718315,0.23616186
mp-14753,Li7TaN4,4.613751,6.594372,-1.640795,14.179785,0.1725148,4.833862,4.3977222,-0.016885197,9.860988,0.25423035
mp-14827,Li7NbN4,4.8078485,6.277025,-1.4889085,14.502793,0.17283046,5.047583,4.9531355,0.0015149513,9.130435,0.27789778
mp-4604,Li7VN4,4.975113,5.0876017,-2.4024088,13.633654,0.17711435,5.1007266,4.6750298,-0.19756351,10.030534,0.25238657
mp-771046,Mg(NO3)2,2.5576472,4.433399,-1.9428397,13.826733,0.16730607,2.447205,5.0048876,-0.15867579,9.757661,0.2615908
mp-1029562,Li3InN2,11.5390415,24.904346,-0.8533668,43.90968,0.077820584,6.4449244,4.5785475,0.13061734,9.714754,0.27699608
mp-1029592,Li3YN2,8.91026,4.9528594,-1.4428118,14.21075,0.18235889,5.976813,4.585799,0.35237935,10.036114,0.22916768
mp-542435,Li3ScN2,6.406677,5.783737,-1.8366275,14.679908,0.1798663,5.680094,4.7980647,0.28330088,9.516276,0.25415218
mp-3887,Li3GaN2,6.539286,6.713064,-2.0096304,13.845218,0.16081852,5.2321057,4.4556503,-0.27651286,9.618035,0.2663828
mp-13944,Li3AlN2,5.0501156,6.1457357,-2.9644039,13.71231,0.16389117,4.60245,4.1389856,0.11881368,9.986796,0.24024297
mp-1019589,Ce3Zr5O16,44.220634,19.078468,2.1461425,42.305096,0.067378044,6.640801,5.25968,-0.13402706,9.687976,0.24281411
mp-1019595,Ce5Zr3O16,34.34159,25.5256,-1.138447,44.011696,0.075498514,7.2023106,4.9757576,-0.55071366,9.02329,0.25243172
mp-18929,BaV2O6,6.90969,6.626601,-1.5776645,13.932589,0.15674777,3.7440698,4.554136,-0.45621237,9.337039,0.24416432
mp-753533,Li3VF8,15.884259,6.536789,-1.7413516,14.094899,0.17373443,2.702272,4.8907804,-0.233799,9.752022,0.2416285
mp-28146,LiGa5O8,7.707099,6.87388,-1.3623419,13.397285,0.18655883,4.0960608,5.4392686,-0.32455152,9.643693,0.24821995
mp-530399,LiAl5O8,5.7442155,6.335573,-2.215729,14.397984,0.16935985,3.1604645,4.8625326,-0.16147582,9.11009,0.25690615
mp-27843,Zn2Ge3O8,6.6112494,6.3740873,-2.3508835,14.534896,0.16972111,4.0440383,5.2165084,-0.34649143,9.967087,0.24558647
mp-29104,Ti3Zn2O8,21.64153,20.332294,-0.26164058,44.180008,0.06921761,5.3910995,4.627875,-0.09549096,9.798327,0.2589286
mp-774361,Li2Mn3F8,3.811277,5.5704174,-2.9571083,14.076014,0.17408308,2.1516829,1.312922,-19.344694,34.756344,0.067168266
mp-770865,Mn3SnO8,6.971779,7.110366,-1.8853908,14.167624,0.17033799,6.071152,5.9778357,-18.765333,32.538025,0.057412058
mp-774833,NaV5O8,10.724995,5.8664885,-1.995375,13.906377,0.18473786,6.17622,7.6084867,-18.8097,35.04185,0.06055286
mp-775810,Mn3NiO8,7.550806,6.0623665,-1.4515965,14.889935,0.17131121,8.525197,7.1181912,-18.044361,34.200848,0.058889817
mp-27192,CsBe2F5,5.9766183,5.897893,-2.1238735,13.838509,0.16883504,1.9240952,5.0799737,-0.13352938,9.391004,0.24686037
mp-1208807,Sr3SbI3,4.46972,7.522586,-1.4577163,14.061158,0.17979492,4.641212,4.9237356,0.0014947604,9.192813,0.27403173
mp-1214080,Ca3SbI3,4.904826,5.010348,-2.257392,14.400071,0.17063712,5.044221,5.012699,-0.29254618,9.944182,0.24891435
mp-5710,Ag3Te2Au,18.312174,21.121023,0.7936596,45.312008,0.07160774,23.510887,23.425442,3.9679503,42.643383,0.08427897
mp-27272,Ca3PI3,5.229693,6.250108,-2.6350725,14.276729,0.17106695,4.7831306,4.733472,0.017314216,9.466799,0.27874276
mp-1214087,Ca3AsI3,5.1417356,6.7229996,-1.5351447,14.187812,0.16744386,4.8744655,5.232367,0.15531124,9.345718,0.25259915
mp-1019380,Al3BN4,5.241481,7.27981,-2.261934,13.109219,0.16764124,4.857493,19.53986,2.349081,40.48718,0.08081677
mp-1019508,AlGa3N4,4.597641,5.8666506,-2.4357274,14.315789,0.17768285,5.5569744,22.153488,3.4352832,39.800976,0.08555194
mp-1019740,GaB3N4,4.3950176,6.9404197,-2.922939,13.400343,0.17049997,4.978493,21.686441,2.8929484,40.247776,0.07507328
mp-1019379,AlB3N4,4.175742,6.311252,-2.0141115,14.287167,0.15094991,4.7023273,4.5492287,0.18148209,9.512622,0.25091398
mp-1019743,Ga3BN4,5.353182,5.7922783,-1.8717997,14.205466,0.16297174,5.894582,4.56686,0.021633122,9.750283,0.257942
mp-10748,TaCu3S4,0.30834687,6.3572664,-1.7505372,14.311202,0.15736745,6.0601926,4.624494,-0.18786138,9.977672,0.23521619
mp-1019378,Al3GaN4,4.142382,7.4370627,-2.4413104,14.821742,0.18508372,4.901747,5.009389,0.20577367,9.558704,0.27134085
mp-21855,VCu3Se4,0.742864,5.204303,-1.999769,13.759787,0.17637302,8.207708,4.6709538,0.031799767,9.30773,0.24788187
mp-4043,NbCu3Se4,0.3636197,6.294096,-2.3101754,14.493066,0.16379718,7.3569508,5.169699,-0.05597112,9.778671,0.2463639
mp-34337,H4NCl,4.783253,6.026285,-1.6681309,14.057579,0.16776359,2.792502,4.1005454,0.55889237,9.921084,0.2490199
mp-4081,TaCu3Se4,0.32202584,6.260063,-2.5583758,13.701124,0.16104653,6.9758177,4.459691,0.49127078,9.429612,0.22881164
mp-36248,H4BrN,4.5067515,5.5526056,-2.1478212,14.126763,0.1809974,3.0591588,5.3561134,0.1981656,9.621795,0.24777082
mp-3762,VCu3S4,0.44864956,6.2873955,-1.4999492,14.910025,0.15206492,7.1891356,4.579738,-0.2498516,10.187204,0.26287287
mp-546202,Li4CO4,40.649876,25.662601,-1.2935693,44.97984,0.065582655,2.9678423,5.009239,-0.37314433,9.056728,0.27179384
mp-991652,VCu3Te4,0.9324991,6.145144,-2.3765895,14.013735,0.21063347,11.318889,5.600645,0.25145033,9.6897335,0.26520896
mp-755309,Li3NbS4,0.9910149,5.7397985,-2.1876457,13.812314,0.14599706,3.0387156,4.7514486,0.20048176,9.764061,0.24658164
mp-9295,TaCu3Te4,0.5507965,6.7412786,-2.0145347,13.525419,0.17723477,9.134332,5.1989794,0.2729848,9.850397,0.23937194
mp-5621,NbCu3S4,0.3270705,5.4234586,-1.9495422,14.42535,0.17868179,6.3913045,4.388962,0.0027840524,9.797829,0.24890032
mp-760375,Li3VS4,0.97784424,6.6860046,-1.3097818,13.90957,0.17652729,3.1660254,4.3670835,0.106088154,9.97584,0.26694083
mp-991676,NbCu3Te4,0.45640594,5.7078056,-2.1335456,13.520053,0.1532077,9.8242445,4.943798,0.027709495,9.181291,0.24333
mp-850275,Li3SbS4,1.4747688,6.788425,-2.9099684,14.686369,0.18535614,2.9912777,4.63107,-0.18331687,9.708094,0.25865594
mp-1008858,NdBiPd,1.760248,22.883032,1.2246445,42.692406,0.07163035,25.990782,18.853203,4.2082157,39.176945,0.085709006
mp-1018118,TmSbPd,7.206051,6.3139215,-1.516249,14.418899,0.16761269,15.26109,4.329491,0.13291186,9.692206,0.24109457
mp-10182,LiZnP,5.9393587,5.7038426,-0.6164071,14.427154,0.15258388,10.018303,4.680685,-0.21023329,9.11876,0.27194068
mp-10623,ThSbRh,7.456193,6.2836647,-1.3704131,14.512094,0.16743211,20.289566,22.33818,3.2087905,41.738255,0.07908532
mp-1094088,NbCoSn,12.408384,22.37741,1.0222021,43.39279,0.07072122,24.97274,20.484661,3.042978,41.826744,0.07904335
mp-1100408,TaSnRh,8.581297,6.848654,-1.8696988,15.175799,0.16623259,20.581474,21.051071,3.095023,38.792385,0.08898526
mp-1100405,ScTeRh,5.1300683,5.1970167,-2.127889,13.841798,0.15908322,17.016552,20.968754,4.2320733,41.194244,0.07062153
mp-1100415,ZrSbRh,6.609955,6.3956394,-2.5867412,14.358118,0.17655322,16.580725,21.494478,3.2195442,39.852005,0.07705673
mp-11390,LiGaSi,2.965748,5.029146,-2.0164957,14.547502,0.15911894,21.689379,19.198656,4.395831,40.651382,0.083201446
mp-11836,ErSbPd,2.4057624,5.4318576,-2.3198996,14.053149,0.18844391,18.343395,20.704441,3.129674,39.63181,0.08298584
mp-11520,YNiSb,2.9555583,5.31365,-1.6692324,14.7896595,0.1544279,18.692188,22.098473,3.0363681,40.769142,0.088745944
mp-11869,HfSnPd,4.2201037,6.269383,-2.2548516,13.817558,0.1707793,19.565474,22.651905,2.5657406,38.791264,0.079369605
mp-1207082,LiMgSb,4.960262,5.9054656,-1.6053338,15.12192,0.16642646,9.179493,4.748353,0.040605254,9.415134,0.26792178
mp-1219553,RbBH4,2.9801283,5.7824225,-2.3557985,14.414133,0.15190013,2.2487464,4.340246,-0.08415313,9.581524,0.24998349
mp-13308,HoGeAu,0.7008412,5.8241177,-1.2178708,14.299529,0.16307215,35.190033,21.871088,3.2965941,39.819553,0.07575893
mp-12411,Li2ZnGe,13.873395,23.757252,-0.29532707,44.757866,0.066104755,38.97619,22.418514,1.8894622,37.763615,0.08873278
mp-16313,TbSbPt,1.2193013,6.4258804,-1.439115,13.794901,0.17461562,23.271948,20.603401,1.6975356,38.58675,0.08075118
mp-16238,Li2AgSb,20.09097,85.891846,-4.1484246,157.89551,0.021592516,171.6807,139.51434,-17.300863,277.73178,0.010986577
mp-15988,Li2CuSb,8.933391,21.820385,0.75307906,45.834557,0.07452491,20.83671,18.021524,2.7542214,39.900826,0.080222495
mp-12558,LiMgAs,4.9592633,6.067499,-1.9824764,14.575468,0.17809664,8.015366,5.59909,-0.22185032,9.955428,0.2406813
mp-13305,SmSnAu,0.6232093,6.4729714,-2.1237729,14.499886,0.17411765,24.925566,22.274065,2.836885,40.234226,0.08509661
mp-16376,HoSbPt,1.275852,6.1428537,-2.596922,14.701786,0.18440944,24.468744,21.868885,1.1051592,40.919662,0.092739284
mp-21272,ErNiSb,2.88038,5.346323,-2.02086,15.070222,0.15304199,18.459322,21.508726,0.9586326,39.341713,0.07429551
mp-16314,TmSbPt,1.2522142,6.3985915,-1.2502677,14.799941,0.17428927,28.708286,25.289454,2.977939,39.701214,0.07742642
mp-16327,DySbPt,1.2703445,6.455654,-1.5341185,13.874677,0.16556637,23.510618,23.26414,4.3325124,40.274467,0.08431558
mp-16329,ErSbPt,1.2698921,23.163294,0.34537998,42.72529,0.060541715,26.099632,23.33339,3.2587357,39.065212,0.08797932
mp-19886,ThSnPt,2.3036308,22.484032,3.1482534,42.349796,0.06364067,25.64859,21.370733,2.9632318,40.427753,0.07467052
mp-22229,TbInCu4,4.786968,19.365753,1.2216308,44.792797,0.06855906,49.117477,21.841825,0.85791916,38.323444,0.084386796
mp-22786,ThNiSn,4.636284,5.55995,-2.302241,14.47263,0.17605509,31.983473,25.05258,3.2212412,41.672955,0.08531942
mp-27608,Be4TeO7,4.2754903,6.470874,-2.7094238,13.640935,0.18215844,3.4106152,4.6857343,0.08343183,9.5613785,0.25120118
mp-30452,DyNiBi,2.6999795,6.833748,-2.0363364,13.652475,0.17549667,25.167383,22.82967,3.6545744,39.860813,0.07768489
mp-2885,Ga(MoS2)4,0.9688211,6.082994,-2.585789,13.207288,0.19341293,15.881455,10.855047,-20.629143,35.465443,0.0572315
mp-30390,HoSnAu,0.8678563,22.159607,0.44300815,45.58101,0.07686935,22.532078,19.724503,2.7370248,40.264313,0.07850034
mp-30459,ScNiBi,4.055036,5.857729,-2.5480008,15.058081,0.19437139,22.89899,23.561598,0.21549018,40.794594,0.09180526
mp-2894,ScSnAu,1.5912077,5.7671223,-2.354265,14.435076,0.16290167,21.2819,20.432339,3.1613529,39.14162,0.083117254
mp-30460,YNiBi,2.5934837,5.9565716,-1.7438983,14.815878,0.16268007,26.219229,20.628996,2.0802984,41.371025,0.08605322
mp-30530,TlClO4,19.392052,24.672394,3.1683164,42.6376,0.067727394,2.5112462,5.136325,-0.12547502,9.661252,0.24012062
mp-31455,VSbRu,24.050056,23.369282,0.5544872,43.70834,0.07119149,32.279808,21.741116,2.5054646,39.66865,0.096320085
mp-31451,ZrCoBi,9.83447,23.794111,0.30191723,44.881977,0.07478426,20.93949,20.533955,1.741519,38.88602,0.08191117
mp-30847,TiSnPt,5.6786866,6.1345515,-2.7915168,14.103039,0.16274619,20.773764,19.88797,3.5949492,39.95406,0.07162722
mp-31454,TaSbRu,12.518008,21.613632,0.9709883,44.1642,0.0701717,19.57165,24.1297,1.636903,40.694042,0.08591042
mp-3161,LiAlSi,3.676551,6.118296,-1.6476622,14.25126,0.1691173,15.55239,19.211334,3.5724328,39.199284,0.08210129
mp-3432,ScNiSb,4.0999603,6.1190066,-1.5449919,14.0468445,0.1519328,18.341822,20.983166,1.7149032,38.537315,0.084379695
mp-33300,Fe5CuO8,8.448975,6.3616743,-2.3396127,14.342601,0.17482719,12.690323,5.1188893,-2.6490624,12.103025,0.18442562
mp-37381,SmOF,11.868639,6.560133,-1.8841757,13.469002,0.18029384,3.6383176,4.995694,0.14502148,9.833389,0.25176173
mp-36111,LiMgP,4.894245,5.814226,-1.8206247,13.608784,0.17403062,6.97044,4.60867,-0.07161172,9.875827,0.2302898
mp-38194,YOF,11.55396,6.2641125,-2.6472466,13.350146,0.17340414,3.5586753,4.7491827,-0.0074254777,9.3674135,0.24649449
mp-3716,TbNiSb,2.8822134,6.623324,-1.6526462,13.517522,0.18748091,18.853476,20.509987,2.6490173,37.9896,0.07854023
mp-37990,AlPO4,1.1340369,5.148658,-2.313397,14.444423,0.17755184,1.7838027,4.2972965,0.48886198,10.020187,0.24507502
mp-35267,Al5CuS8,4.797185,6.8170004,-1.4815547,14.640142,0.18304677,6.79593,4.54488,-0.28705075,9.400459,0.23418142
mp-35208,NdOF,11.982378,6.064701,-1.966338,14.201731,0.1777611,3.6785293,3.9439676,-0.4895356,9.528462,0.27249742
mp-4025,TmNiSb,2.9088962,7.442679,-2.139657,14.270979,0.17012516,18.578459,22.562016,2.8813472,41.234463,0.078905866
mp-36033,PrOF,12.036711,5.8408074,-3.1728454,14.26215,0.16947491,3.6931102,5.171562,-0.50110084,10.17701,0.24955554
mp-37906,LiMgN,5.5955014,6.0061483,-1.6452168,14.635509,0.15335427,5.1168923,5.276009,-0.013804771,9.114148,0.25282884
mp-35555,LaOF,14.260586,6.255254,-1.492296,15.086223,0.17089476,3.762642,5.116425,0.14759669,9.754114,0.25732726
mp-36526,AcOF,11.043871,6.342802,-1.4808841,14.204723,0.17002356,3.4931047,4.7541456,0.21707092,9.667883,0.26468208
mp-37405,Al5CuSe8,4.9825506,7.363654,-1.9743195,14.137308,0.16828218,8.701274,3.98381,-0.32059914,9.171452,0.23219778
mp-4174,HoNiSb,2.8824286,6.1880856,-2.024487,13.971587,0.15136048,18.655806,20.147182,3.450963,40.444145,0.07834991
mp-5222,ReTeS,0.80968803,7.6239524,-1.1598332,14.057858,0.16962442,16.675585,21.599941,1.1249648,41.33877,0.08125287
mp-546633,KClO4,8.59009,6.5538535,-1.9141892,14.222604,0.17479078,2.042393,5.2133493,0.2054493,9.453031,0.23348734
mp-4964,YSbPt,0.9355312,270.833,-90.72307,657.7215,0.004896441,,4.474964,-0.35492945,9.525684,0.25726393
mp-546711,CsClO4,3.5093358,5.053712,-2.2066214,14.150709,0.18597126,2.079586,4.7870274,0.20463331,9.448268,0.25165296
mp-4510,DyNiSb,2.8771808,4.8558283,-1.5069656,14.110752,0.15118164,18.729588,22.888601,2.2276664,41.778053,0.08846374
mp-505297,NbSbRu,15.195512,21.258068,2.204453,43.65984,0.066782326,22.8349,20.77445,2.9095397,40.071835,0.08190951
mp-545756,ZnSO4,1.9506947,5.6714454,-2.1523006,13.155396,0.17159252,2.0581093,4.8907146,0.40860817,9.507435,0.25490168
mp-550759,RbClO4,4.299329,6.1052356,-1.3402992,15.080778,0.1658308,2.06356,5.3018703,0.009244773,9.496442,0.25465024
mp-554769,MoSBr,0.60143006,5.5003433,-1.8519136,14.247654,0.1559232,8.333493,4.943672,0.038220905,9.396087,0.26997402
mp-567636,VFeSb,28.319641,23.42632,2.9539037,46.39618,0.0761421,31.816208,21.334549,1.9113703,39.09632,0.07876769
mp-568269,TmNiBi,2.7714045,23.411213,-1.3300219,44.120293,0.07191812,27.597721,21.479382,5.544362,40.315372,0.08749037
mp-569779,ScSbPd,3.117707,6.1086493,-1.458706,14.040406,0.17494729,18.062895,23.227627,2.6094227,40.232037,0.07940379
mp-5920,LiAlGe,3.6627698,6.9985456,-1.644867,14.345229,0.17425203,16.56455,20.197598,2.0872908,39.62491,0.081085026
mp-570213,LiMgBi,5.5152307,20.969883,2.2201393,42.014023,0.06384742,19.534594,19.051815,2.838857,39.6766,0.08011186
mp-5967,TiCoSb,11.261675,20.705244,0.6452056,44.64379,0.0709686,20.471643,20.926928,3.901157,39.810448,0.08507915
mp-924128,HfNiSn,5.34057,7.131616,-2.0093968,14.3230095,0.1706843,20.942825,20.630394,3.4181125,38.31406,0.085659064
mp-759877,Li4CuF7,2.166368,5.882618,-1.0283754,14.673695,0.17305882,2.4262877,4.3155346,-3.435897,11.540632,0.16155474
mp-7173,ScSbPt,2.5560725,6.789912,-1.108503,13.80224,0.16594769,18.870981,22.587875,3.084258,39.960735,0.0911733
mp-9124,LiZnAs,6.61497,6.7515154,-2.2098215,14.819472,0.16407366,15.288489,21.649704,2.0286613,39.01658,0.08425191
mp-7575,LiZnN,9.379624,5.7092104,-1.7019937,14.212085,0.18456592,10.482004,4.1765223,-0.164866,9.722911,0.26372984
mp-9437,NbFeSb,19.567617,21.293451,1.9262103,46.938175,0.07691744,24.741074,21.789642,3.7540197,42.44708,0.078267485
mp-924129,ZrNiSn,5.337861,5.7806277,-1.768784,14.261266,0.15069763,22.107485,22.531254,2.7283976,40.3238,0.071177036
mp-924130,TiNiSn,7.004348,22.153614,1.5446539,47.09395,0.063077606,24.271837,22.308006,1.6671392,41.25568,0.076190256
mp-961665,MgScGa,6.7600226,21.933691,2.3034165,43.982166,0.07230445,44.49757,20.750168,3.9202597,40.34493,0.10665878
mp-961687,ZrSnPd,4.0451293,25.014507,1.3940966,43.903946,0.073677026,20.778042,21.187428,2.5821216,39.37498,0.0922359
mp-961675,ScNiP,3.444039,21.774689,2.1364534,45.085884,0.0764911,16.430183,4.354594,-0.27622303,9.247376,0.23771304
mp-961673,TiFeTe,17.234016,22.914736,1.1492169,43.5388,0.07584925,21.359201,21.363642,2.6395936,39.402603,0.08140393
mp-961685,NaCaAs,4.1850514,5.9442806,-2.1962094,13.799206,0.16463767,6.5280805,4.376812,-0.051324215,9.636173,0.26139528
mp-961693,ZrInAu,3.0315278,24.661783,1.1770412,42.141457,0.06317325,24.612652,24.242744,1.8677051,41.477886,0.08484795
mp-961684,LiCaAs,4.146551,6.620427,-2.2103517,13.325477,0.17496678,6.642749,4.7530065,-0.22145449,9.470254,0.23986466
mp-961682,TiSnPd,5.5831165,23.14027,-0.34038964,45.073723,0.06510582,24.516396,18.126507,3.8585835,41.572624,0.082664326
mp-961706,TiSiPt,5.190277,6.600449,-2.3047323,13.879221,0.17136344,18.312805,22.385246,1.7952447,39.542816,0.08588621
mp-961711,ZrSiPt,4.039467,5.854677,-1.8904871,14.119928,0.17526075,16.455711,20.130161,2.4793108,40.79383,0.07530815
mp-961698,LiZnP,8.298777,18.561905,0.0074476376,42.799297,0.07657218,11.973829,4.982563,-0.3729939,9.2286415,0.2615736
mp-961713,ZrSnPt,4.0603666,5.665946,-1.5465881,13.769505,0.17235868,17.477139,21.01068,2.6510963,39.2252,0.08103743
mp-999052,Ti2MnAl,1.382172,78.83032,3.6090493,158.08093,0.020975279,178.17964,123.45958,1.3912609,284.6618,0.010733817
mp-1025549,Tl3VSe4,15.093367,23.192104,0.7408143,46.061127,0.073593415,8.6833725,4.9405603,-0.47658166,9.458103,0.27197734
mp-1025396,NbTl3Se4,14.671672,4.843145,-1.7399374,14.221706,0.1671772,7.7239585,5.360749,0.17999221,9.829981,0.24976112
mp-1078419,Na3PSe4,7.62834,6.1586084,-1.3295038,14.190319,0.1759709,5.1677656,4.558935,-0.34908465,9.816577,0.2490488
mp-1091384,NbTl3S4,15.541886,6.458716,-2.2575061,14.780124,0.16372629,6.6387506,5.2426853,-0.018655062,9.861372,0.23895176
mp-10644,TaTl3Se4,14.124459,6.5359526,-1.7125602,14.428784,0.17985117,7.292054,4.2700596,0.028920162,9.690238,0.2655575
mp-19343,Co4B6O13,4.0534945,5.2313604,-1.9568627,14.718802,0.15283197,3.5180027,5.230752,-0.696888,10.007479,0.24690813
mp-17862,Ag3Ge5P6,2.523872,6.4739637,-2.0728326,14.173872,0.16559124,18.547482,21.001862,5.580519,39.171455,0.0818088
mp-27623,Na6PbO4,5.0754037,4.709162,-1.4217542,14.92881,0.16781062,4.0675144,4.5501146,0.30234876,9.465678,0.25570002
mp-30252,Na10CaSn12,6.401377,6.857621,-1.895305,14.464715,0.17058174,15.789941,4.3410587,-0.04302135,9.807156,0.24077985
mp-31488,Li3NbO4,15.0839405,6.213525,-2.081545,14.986172,0.17200977,3.9649959,4.314203,-0.78346103,9.377071,0.25881338
mp-30253,Na10SrSn12,6.530027,6.81607,-1.8756604,13.7585745,0.17097196,15.800141,21.155289,1.5889149,38.868942,0.08577481
mp-5513,Tl3VS4,16.006504,22.422039,3.0102189,45.341072,0.06975494,7.379518,4.941132,0.14164779,9.51444,0.2582119
mp-555863,P4PtF12,0.7483195,6.3746862,-2.3925219,14.287548,0.17643712,2.1588001,5.3913164,-0.344539,9.377713,0.25034553
mp-569571,Nb3Sb2Te5,3.2883608,6.3790827,-2.4822557,13.848893,0.15969542,23.799196,20.542208,3.8381813,41.748806,0.084030315
mp-4812,Zn4B6O13,4.518788,6.033392,-1.857521,14.546853,0.17211628,3.2698262,5.3855867,-0.22980502,9.346841,0.24867828
mp-756935,Li3SbO3,12.572532,5.859188,-1.657113,14.462444,0.16690157,4.0887156,4.9546757,-0.33725646,9.79757,0.26077217
mp-755260,Cd4B6O13,6.046809,6.4474835,-1.4196467,14.315662,0.17496388,3.4558206,4.019293,0.015766166,9.458787,0.24701972
mp-7562,TaTl3S4,13.7648535,5.487623,-1.4359599,14.9003935,0.17808488,6.320655,4.458,-0.4059958,9.29264,0.25649077
mp-774357,Na6CoO4,40.08489,20.981285,1.2046537,42.930367,0.07395536,3.5356154,4.2046056,-3.0562437,12.074207,0.16576163
mp-8076,Na3SbO3,3.8369038,6.263342,-2.448105,14.433648,0.17041017,3.4116712,5.2539406,0.040279686,9.406835,0.24953714
mp-849528,Li3FeO4,13.24745,6.4706545,-1.6065202,14.555553,0.15610433,8.751211,4.4139204,-3.097541,11.62939,0.19198027
mp-8703,Na3SbSe4,10.929078,6.64682,-1.0506706,14.33086,0.17127241,6.0174274,4.6100874,0.35098958,9.167386,0.24945587
mp-9911,K3SbS4,5.5739026,6.914358,-2.384326,13.925984,0.16082405,3.819805,4.0663023,0.058788333,9.296598,0.24490455
mp-985584,Na3PS4,7.785847,5.8514395,-1.6195247,14.282371,0.16703546,4.1646566,4.6175475,0.038678613,9.976716,0.23150654
mp-1029517,Li7BiN4,7.841694,5.777369,-2.8220444,13.522004,0.16934003,6.123625,5.0594187,0.09369027,9.483197,0.2588394
mp-1029522,Li7SbN4,5.901082,5.8672915,-2.6710382,14.436643,0.16972542,4.9093876,5.4730844,0.36288434,9.70865,0.2654971
mp-14001,Ba4SiAs4,11.404332,22.251253,-0.54062927,43.960457,0.07201337,9.94141,4.458606,-0.040090393,9.695911,0.24711706
mp-5515,Li7MnN4,6.8784823,4.6001253,-0.8534709,14.157815,0.16570593,6.6175175,5.31944,-3.1000452,11.918218,0.1594152
mp-1105594,La3Cu3Sb4,5.5494776,5.7777596,-2.8085685,13.858093,0.17093873,25.546629,20.296375,4.961315,40.77053,0.07933407
mp-1106051,Y3Cu3Sb4,7.887026,23.52921,1.9673171,44.700912,0.068102404,26.530203,19.696499,2.289666,40.96431,0.07628981
mp-1190030,La3Sb4Au3,5.34982,23.143196,1.9321196,41.643627,0.07705521,26.372295,22.033152,0.20772317,42.679096,0.08402946
mp-1212441,Hf3Ni3Sb4,15.805183,21.880919,1.7467858,44.69874,0.07817451,31.759663,20.550259,3.4220443,39.008236,0.08889155
mp-13654,Y3Sb4Au3,8.112324,5.4696226,-2.2296503,14.153721,0.15484527,27.359865,21.54132,1.5927553,39.839046,0.07273253
mp-1207448,Zr3Sb4Pt3,15.593811,20.881126,2.4669673,41.637535,0.07040323,30.240602,20.540674,3.7476597,41.072838,0.08253368
mp-17926,Zr3Ni3Sb4,15.101704,21.831182,1.6922071,42.210484,0.067900285,34.756542,20.077717,3.3018131,39.818127,0.0781942
mp-984350,Dy3Sb4Au3,7.5542145,6.014409,-2.3005085,14.183796,0.16747966,27.324015,21.41177,3.4500914,43.085934,0.08316607
mp-1013555,Sr3AsN,57.123005,23.096062,1.3102945,45.067734,0.0646143,9.85817,4.038685,-0.30787924,9.571463,0.25667426
mp-1013548,Ca3SbN,16.444128,22.213432,1.3930182,45.556835,0.07985348,13.84886,19.693954,2.7036479,41.113075,0.073024586
mp-1080847,Mg3SbN,15.346998,21.793129,1.9948385,42.290092,0.072700955,14.120785,5.364785,0.09557028,9.584232,0.2383149
mp-11824,Ca3PN,44.365425,21.563126,0.17493367,45.23805,0.06950162,8.444817,4.9212956,0.15045351,9.488072,0.22931232
mp-1206514,Mg3AsN,25.031218,20.718296,2.3025515,42.65328,0.07515193,10.320902,4.994835,0.14878732,9.653205,0.25862488
mp-1218347,Sr3(BN2)2,13.138656,5.871253,-1.7835126,14.597308,0.17410289,4.1578283,4.483883,-0.12408621,9.868357,0.24448012
mp-27294,Ca3AsBr3,6.4092913,6.4713264,-1.8028427,14.761115,0.16355044,5.0102124,4.7334824,0.3711565,9.418694,0.25112385
mp-28069,Ca3AsCl3,6.7797313,5.395862,-1.4399474,14.093693,0.16099527,4.461393,4.761529,0.40816063,9.758553,0.24848986
mp-23949,RbCaH3,8.402861,5.38411,-2.1015086,14.3757105,0.17514431,3.145042,5.496728,-0.10468846,9.579049,0.2554968
mp-23737,KMgH3,5.898661,6.204555,-2.4299827,14.655067,0.17912209,3.5507343,3.9794252,-0.55433124,10.112794,0.23930475
mp-23818,BaLiH3,10.250593,6.0426035,-2.1428058,14.058708,0.16112494,4.981334,4.2298737,-0.6739684,9.120414,0.23728415
mp-27214,CsSnBr3,90.33815,72.5058,9.271112,151.09079,0.022804193,5.904725,4.6173916,0.27631047,9.995352,0.2575989
mp-28166,K3BrO,12.670518,5.9989924,-1.7054386,14.326146,0.16617838,3.0089004,4.776126,-0.4445744,9.844017,0.25411496
mp-28171,K3IO,6.480718,5.7669344,-1.5043553,13.98155,0.1647091,3.2561438,4.995694,-0.68722326,9.149174,0.26496375
mp-28602,Na3ClO,6.836581,6.5640173,-1.7197937,13.9262705,0.17494425,2.8823278,4.834757,0.064981624,9.539172,0.25786418
mp-30056,CsCaBr3,16.844011,6.5365744,-2.3159506,14.7970295,0.17005777,2.9725776,4.4216385,-0.03413053,9.556794,0.26275945
mp-29342,Ca3PCl3,6.2260637,6.100357,-2.032072,12.907319,0.16429205,4.369634,5.154715,0.13019788,10.157177,0.25379252
mp-30055,Rb3BrO,19.633183,23.226019,-1.0916444,43.86769,0.064671814,3.459951,4.7073746,-0.29697785,9.686063,0.251811
mp-31149,Ca3BiN,18.377493,20.960766,0.8968358,43.107693,0.06832533,15.897937,16.144573,2.805569,42.72782,0.08230893
mp-3163,BaSnO3,17.042006,20.592278,1.6501554,44.334953,0.06579046,5.4676576,4.930834,-0.083279215,9.628703,0.2554223
mp-3614,KTaO3,3.3289013,7.0684376,-2.1447155,14.699362,0.16587996,5.4811654,4.641342,-0.122983836,9.674779,0.22332883
mp-3448,KMgF3,4.870839,4.625182,-2.0917165,13.529084,0.1634822,2.0573618,4.82504,0.22416346,9.719932,0.24135306
mp-3654,RbCaF3,13.159731,6.446336,-2.1039364,13.644507,0.15614232,2.1170626,4.524742,0.40473732,9.722458,0.2649661
mp-4170,NaTaO3,47.221657,71.71434,1.4392462,158.32462,0.017389394,5.2060585,4.644638,-0.23900966,10.405406,0.26824927
mp-4405,Rb3AuO,16.032978,6.2014875,-1.5044415,15.188273,0.16732398,6.405117,5.5817842,0.31954718,9.416955,0.25235787
mp-3834,BaZrO3,50.321583,20.660187,2.3857646,44.813835,0.07312486,4.927721,4.202979,-0.24983649,9.404505,0.25432894
mp-5304,LaAlO3,38.02903,23.83913,1.6108984,46.023796,0.07486175,4.808813,4.675271,0.08862099,9.880937,0.24931167
mp-556424,RbVF3,4.0501957,5.498665,-2.4991996,14.880054,0.15522401,2.3738782,4.9856462,-3.3161013,12.548651,0.16110997
mp-557257,KVF3,6.3280015,7.2124653,-2.3530517,14.017936,0.15991761,2.2611635,3.8517938,-2.6929085,11.979916,0.16750805
mp-555123,KMnF3,11.166143,6.237375,-2.4996786,14.104593,0.17649442,2.2249954,4.027607,-2.329195,11.523474,0.1752558
mp-561947,CsHgF3,11.7603655,4.811983,-1.3332056,13.934577,0.17725012,3.1800365,4.8112946,-0.20074178,10.309049,0.26640412
mp-558749,RbMnF3,6.73072,6.910265,-1.652531,13.962169,0.1456304,2.33138,4.4671707,-3.051986,12.267852,0.16981801
mp-568544,CsCdCl3,10.102709,5.7878046,-2.2363293,13.866385,0.17274414,3.407688,5.3824434,0.03721472,9.8369665,0.24743691
mp-560976,KNiF3,4.9115458,6.8729076,-2.2751257,14.346245,0.15350974,2.3309588,4.1606646,-3.2033136,12.863551,0.17399324
mp-570223,CsGeBr3,4.523285,6.3582025,-3.148838,14.230207,0.165177,6.549908,4.46616,0.090478905,9.636423,0.25776315
mp-570008,Sr3BiN,26.509478,24.878656,2.9420152,42.76154,0.07248334,20.07726,21.049149,2.7064753,40.495056,0.07624864
mp-5811,CsPbF3,20.922781,24.442781,-1.364458,43.94346,0.065079115,2.9032574,4.466861,-0.05302511,9.403332,0.2935347
mp-5878,KZnF3,7.6861567,7.329297,-1.5594592,14.048706,0.17894568,2.3497436,4.3826876,-0.43044034,9.358488,0.23417778
mp-644203,CsCaH3,6.0419536,4.860911,-2.0246456,14.279533,0.18139176,3.4185767,4.791686,-0.22162259,9.528486,0.25421587
mp-614013,CsSnI3,162.23,82.0511,2.8800662,158.28696,0.019948263,7.351835,3.964784,0.057108164,9.236304,0.26354176
mp-6951,RbCdF3,12.718927,6.465899,-1.6167097,14.113286,0.17016234,2.385164,4.8143387,-0.14883697,9.545638,0.2593838
mp-7104,CsCaF3,6.893018,6.9525633,-1.5804168,14.279333,0.17366819,2.3080642,4.923463,0.07457364,9.550194,0.27168187
mp-7482,RbHgF3,74.85622,82.28643,3.6306727,152.27414,0.018775564,3.023295,4.522583,-0.11381389,9.605473,0.28154647
mp-7223,Ca3AsN,33.842697,21.836296,2.5578353,46.64234,0.06462075,9.071729,3.8749728,-0.14572607,9.486275,0.2533888
mp-7752,Sr3SbN,24.505201,23.778088,-0.36828053,41.574783,0.06728107,9.843976,5.1269503,0.3384852,9.408079,0.23103204
mp-7604,Mg3NF3,6.195421,5.4168434,-0.98661965,14.200281,0.1628146,2.8116992,4.600253,-0.44419104,9.124696,0.2398251
mp-8397,CsSrF3,82.76089,80.55354,2.4846942,158.27296,0.018418744,2.197282,5.510684,-0.33435935,9.537391,0.23693222
mp-8399,CsCdF3,7.516999,5.708802,-1.8611449,15.154913,0.18296878,2.5896463,4.252467,0.05600433,10.210347,0.26365274
mp-8402,RbMgF3,4.292505,6.432123,-2.607917,14.032186,0.18215083,2.1855187,5.261673,-0.15329973,9.510481,0.2497257
mp-9200,K3AuO,9.031525,6.3628078,-2.0783694,14.24137,0.16843113,4.9551315,5.0842113,-0.34805858,9.53619,0.25437397
mp-998552,BaHfO3,36.04942,21.639118,1.559056,43.426125,0.0765787,4.648779,4.9722557,-0.22740258,9.452001,0.24332896
mp-998745,TlZnF3,18.41556,6.4935613,-2.024244,14.064016,0.1712661,3.356227,4.736128,0.41079083,9.646636,0.2733202
mp-998358,MgAgF3,18.7008,21.28429,-0.01971474,43.95426,0.081973955,2.7255955,4.3889856,-0.090273425,9.672056,0.2556559
mp-998739,MgTlF3,12.0977745,6.38964,-2.6936562,14.825183,0.17096367,3.1141634,4.9044514,0.12368265,9.594999,0.24950275
mp-998762,MnTlF3,30.667429,22.338535,-0.5558187,42.76311,0.071802355,3.1677186,4.440634,-3.3185163,11.435451,0.2007131
mp-1025456,CaZrF6,3.7338424,4.8522754,-1.403031,14.935649,0.18943787,1.9682511,4.1743975,0.28825703,9.766556,0.26633823
mp-10492,Rb2SiF6,3.6845853,5.1988583,-1.9931988,14.1428585,0.18567538,1.8810248,5.2618103,0.22277449,9.448196,0.2508854
mp-1025460,MgZrF6,3.5878782,7.009907,-2.5317454,14.157629,0.15481526,2.023729,4.427039,-0.27824527,9.593164,0.2674306
mp-10474,NaPF6,1.6761243,4.989447,-1.4737582,13.725103,0.14456849,1.6690991,5.4477777,-0.27674186,9.464151,0.26970664
mp-1078746,Sr2FeH6,6.632032,6.1581345,-2.558097,14.248956,0.18836509,4.3811164,5.3400383,-0.3103614,9.179358,0.2655888
mp-1078677,Sr2H6Os,6.4272265,6.22416,-1.9461647,13.695906,0.1600511,4.2545424,5.043962,0.17036279,9.956842,0.26072118
mp-1078552,Li2H6Pt,8.311039,6.3910456,-2.411828,14.065353,0.16301356,4.1375914,4.7375746,0.044284243,9.448738,0.26966965
mp-1079896,Ca2H6Ru,7.363792,6.252797,-2.3373458,14.469526,0.18409787,4.6395254,4.878348,-0.32661444,9.854308,0.26562673
mp-1120741,Cs2HfCl6,4.316398,4.8002205,-2.185942,14.426315,0.1617399,2.6910295,5.059627,-0.14734769,9.281332,0.24466729
mp-1185537,Cs2HgTe,8.887585,6.1446886,-1.9906971,13.918481,0.18618055,5.9260216,4.663493,0.2174095,9.49055,0.2594113
mp-1205847,Cs2PdBr6,3.3006864,7.096917,-1.6098073,14.012147,0.15748855,4.0509663,5.054548,0.09790373,9.459775,0.24636082
mp-1205964,Ca2FeH6,7.354039,6.2630987,-2.2195747,14.691099,0.2000848,4.717279,4.473634,-0.5870967,9.305321,0.24520506
mp-1206098,ZrMnF6,4.284552,5.4079356,-2.587739,13.949603,0.16014189,2.1304448,4.7312984,-2.7254822,11.602558,0.16909014
mp-1205992,HfMnF6,3.892821,5.8175745,-1.7965027,14.185923,0.16963941,2.060281,5.504445,-3.1943512,11.583115,0.19984058
mp-1206530,ZrNiF6,3.2958374,5.5898514,-1.7683607,14.433854,0.15763377,2.2085443,5.227837,-3.150329,11.714865,0.16796193
mp-1206511,Cs2ZrI6,6.695519,6.560047,-2.7284927,14.747345,0.17750058,3.9806962,5.3293734,-0.33063015,9.604225,0.2577671
mp-1206568,Cs2PdCl6,2.592422,6.7524824,-1.8967319,14.151786,0.16435541,3.1268027,3.69988,-0.06579489,10.004934,0.27554053
mp-1207196,Ca2H6Os,7.063756,5.870035,-2.4435122,13.796213,0.15462372,4.573943,4.344239,0.16969965,9.566803,0.2583595
mp-1206662,Cs2TiI6,7.0712447,6.8412952,-1.7874389,14.244792,0.17629728,4.708753,4.6980486,0.57472664,9.814466,0.24140134
mp-1208058,TlBi3F10,28.577778,24.507008,0.82809204,43.274826,0.07975759,3.441013,4.6199403,-0.0796038,9.824368,0.24326466
mp-1208033,TlPt3O4,10.812942,5.37273,-2.392196,13.67996,0.1865423,12.033708,4.329354,-0.27324736,9.588237,0.26933625
mp-1210184,Na6MgCl8,3.457743,6.7962923,-2.6564481,13.638927,0.17582648,2.45357,4.1253204,0.0419847,9.625265,0.27817023
mp-1209302,Rb2TcCl6,5.004996,5.684728,-1.5123382,14.410272,0.18762037,3.079297,4.217888,-2.5868094,11.988019,0.17354494
mp-1209295,RbBi3F10,24.464209,22.542946,0.8945812,44.487915,0.077784784,3.2048228,4.548009,-0.3164935,9.701603,0.25640547
mp-1211670,KBi3F10,23.733583,22.606459,0.4669056,41.67645,0.0755722,3.1666644,5.211691,-0.10679629,9.405137,0.2524761
mp-14088,Rb2PdF6,3.7495837,6.0820837,-1.6587061,14.343888,0.18347782,2.2544866,4.8459444,0.05088059,9.850499,0.24290136
mp-16180,Na6S2O9,3.1025212,6.0418005,-2.2668188,13.793066,0.16467328,2.3200736,4.797213,0.2296878,10.191443,0.262063
mp-15724,KNa2Sb,10.2634,6.8982034,-1.980607,13.321143,0.18913884,9.143271,4.8833523,-0.11120077,9.809499,0.25832143
mp-19239,Mg6MnO8,5.831489,5.854167,-1.665242,14.909752,0.18739995,3.6328955,4.8811255,-0.2324203,9.157005,0.27592167
mp-20463,CaPbF6,3.4329493,6.0600886,-2.4718578,14.062918,0.1648824,2.0608892,4.4617004,-0.26760054,9.237154,0.22532518
mp-23036,K2SeBr6,17.091799,6.194718,-1.8496779,14.480794,0.1604355,4.1801805,5.126539,0.22408672,10.237149,0.2695474
mp-22947,K2ReCl6,8.80886,5.830101,-2.1611514,13.596257,0.17609379,3.026688,5.460285,-2.889557,12.315936,0.16580671
mp-22975,Rb2TeCl6,7.820506,5.1890798,-2.905596,13.08852,0.16809073,3.115404,4.068678,0.020514674,9.517006,0.22977364
mp-23059,Rb2SnCl6,5.8744893,6.553907,-1.7437943,13.698364,0.17134146,2.732935,5.125842,0.14061351,9.548458,0.22456035
mp-23060,Cs2PtI6,4.8125978,4.9656343,-1.417544,14.378454,0.15480384,4.800297,4.5130196,-0.093224615,9.591043,0.24628
mp-23021,K2ReBr6,11.664219,5.7284937,-2.229923,14.446029,0.16755074,3.5879505,4.692227,-2.8562484,11.030897,0.16898048
mp-23067,K2PdCl6,6.2775207,6.673908,-1.2360266,13.958765,0.1655306,3.570488,4.352941,-0.12428908,9.403021,0.27851003
mp-23804,Mg2FeH6,11.629273,8.041525,-1.7699083,13.563498,0.17622939,5.4982443,4.0555553,-0.062655166,9.376999,0.23579317
mp-23499,K2SnCl6,13.683221,5.264994,-1.7135174,14.549656,0.16352037,2.7566729,4.957446,-0.62722903,9.629215,0.27107602
mp-23465,Cs2TeCl6,4.7688227,6.8524,-2.3134139,13.8848915,0.16807401,3.0080755,5.169477,-0.009133091,9.637912,0.24443926
mp-23513,K2PtCl6,6.3257732,6.2986,-1.9942248,13.736542,0.18049036,3.1837032,4.327146,-0.24494441,9.930916,0.2493525
mp-23475,Rb2PbCl6,7.1198096,5.1425323,-1.9019521,14.903822,0.18450016,3.0720572,5.913084,-0.20118608,9.6089525,0.28607818
mp-23350,Rb2PtCl6,3.6146011,5.777823,-1.0619888,13.927375,0.1757268,3.0841653,5.538639,-0.27028117,9.779393,0.25639972
mp-23425,Cs2PbCl6,6.939711,5.495934,-2.0821378,13.5685425,0.1805863,2.945493,4.5745077,-0.012672786,9.215399,0.23411112
mp-23406,Cs2PtCl6,4.1487756,5.1470413,-1.6089716,14.285307,0.15622851,2.9039326,4.835511,-0.17546247,9.856106,0.266904
mp-24292,Sr2H6Ru,6.665149,5.4698334,-2.125867,13.612627,0.17464471,4.2861757,4.7826962,-0.30988076,9.445248,0.27506912
mp-27635,Rb2SnI6,15.213486,6.405705,-1.3693867,13.653324,0.17320363,4.746306,5.256898,-0.41750777,9.811489,0.24722861
mp-27691,K2PtBr6,10.677074,6.8726854,-1.8410318,14.411603,0.17100802,3.9323044,4.354845,0.08425222,9.549275,0.24729706
mp-27125,Na6MnCl8,3.7480106,4.231431,-1.7535249,14.308831,0.17735052,2.5712051,4.188195,-3.749113,12.020808,0.17901859
mp-27827,Rb2TiCl6,5.542046,5.3874006,-2.8658986,13.831695,0.15111063,3.0731142,5.1225376,0.58603644,9.383337,0.25925756
mp-27315,CaTiF6,4.250934,6.7474346,-2.18212,14.130498,0.1660951,2.1329553,4.733078,-0.16108735,9.579928,0.25478676
mp-27829,Rb2SeCl6,5.6410913,6.1437616,-1.8512387,15.808546,0.15951571,3.2164319,4.5135546,-0.21717805,9.612195,0.23821187
mp-27830,Cs2SeCl6,5.058689,6.547534,-1.6922435,13.937566,0.16010953,3.0830863,4.7862372,0.187426,9.603624,0.25425908
mp-27304,K2MnCl6,6.062019,6.2418156,-3.0571287,14.0799465,0.16515507,3.458768,4.247106,-3.9111743,12.169122,0.17989425
mp-27828,Cs2TiCl6,5.674529,6.9608116,-1.868408,14.380862,0.17887717,2.9793203,4.5890512,0.054520525,9.680621,0.26192257
mp-27834,Tl2PtCl6,35.269726,21.337593,2.0288572,43.421745,0.07471517,3.9913242,4.5735197,0.49090487,9.621806,0.24366333
mp-27833,Tl2TeCl6,1.2170393,6.739698,-2.1484656,13.646452,0.1561063,3.9355884,5.2981358,-0.15092544,9.507504,0.24814834
mp-27831,Rb2ZrCl6,7.453199,7.124152,-2.0655468,13.890814,0.16942129,2.8052611,4.868599,-0.098309755,9.376525,0.23890081
mp-28022,Na6CdCl8,3.7229342,6.0880995,-2.000388,13.633728,0.17189799,2.5759177,4.7217436,-0.472677,9.598502,0.24245283
mp-29250,Li6VCl8,8.3213215,6.6826034,-1.3460575,14.762433,0.16552307,3.063148,4.3864927,-2.768479,12.099693,0.15935215
mp-28110,Rb2PtI6,5.8010964,5.766939,-2.6228771,14.070381,0.17120284,5.146617,5.4695206,0.3879017,9.59676,0.24990687
mp-27832,Tl2SnCl6,97.28151,79.42212,10.731852,157.45772,0.02159675,3.5218556,4.7469454,0.14838381,9.285264,0.25647292
mp-28145,Rb2PdCl6,3.7091477,5.2492466,-1.5935019,14.939087,0.15984432,3.4060874,5.001008,-0.01668664,9.663022,0.2455409
mp-27839,K2TiCl6,9.523399,5.365065,-1.3134717,14.622608,0.16778603,3.2055016,4.736532,-0.023193687,9.443494,0.2348061
mp-27882,Cs2GeCl6,4.428594,5.8317804,-2.0784883,14.16319,0.16885208,2.7335162,5.0761695,-0.69803,9.662291,0.27958626
mp-28084,Rb2PdBr6,4.247859,6.290945,-2.1323848,13.340747,0.17426805,4.6804643,4.50743,-0.33693963,9.92356,0.23884894
mp-2943,KY3F10,7.875377,5.380459,-2.110529,14.204175,0.16308072,2.4246006,5.4169207,-0.05628495,9.348058,0.24329674
mp-30062,Cs2PtBr6,4.26266,6.0664067,-1.853229,14.877598,0.18945107,3.5214283,4.506839,0.18121675,9.404406,0.24884214
mp-29398,Cs2HfI6,8.558249,6.8784723,-1.449414,14.503054,0.19350858,3.8024385,4.575465,-0.10289443,9.826571,0.24837287
mp-3042,K2SiF6,4.091507,7.247752,-2.9850078,14.949584,0.18437165,1.8578804,4.626341,0.16767098,9.475734,0.25793704
mp-34418,AgPF6,2.4948914,6.7811203,-1.5896275,14.007717,0.17020741,1.8688879,4.7985973,0.15554607,9.489572,0.27163875
mp-37153,AgAsF6,1.9102998,6.7606936,-1.8322167,13.788322,0.17736594,2.2668395,4.8948345,-0.029191162,9.113737,0.25414008
mp-4047,Cs2SiF6,3.3749828,6.393343,-2.7965555,13.968534,0.18278882,1.9659001,4.9938893,-0.52206296,9.816763,0.23628274
mp-5033,Tl2SiF6,13.568813,6.303562,-1.9617565,14.173565,0.157021,2.486794,4.8810377,0.083961844,9.26667,0.2593953
mp-504729,Cs2PdF6,3.266981,6.2376356,-1.0399587,13.913465,0.19772786,2.2819076,4.260206,-0.59021443,9.777845,0.2434502
mp-5077,NaLi2Sb,8.223354,5.128144,-1.4892131,14.284981,0.17604609,9.259635,4.8994126,-0.02749902,9.8424835,0.25382194
mp-540957,Cs2TeI6,8.06985,6.128686,-1.4886494,13.487799,0.16876474,4.844932,4.2963853,-0.42988893,9.711674,0.26614338
mp-5478,TlPd3O4,18.000834,21.329529,0.46344236,42.85464,0.06472869,12.631362,5.113533,0.19948667,9.86081,0.24452226
mp-556417,Rb2NiF6,2.9685721,7.0862656,-1.6638254,14.742855,0.19420111,2.2406723,4.555601,0.43866435,9.353286,0.2495664
mp-557938,HfVF6,2.3455982,6.6584024,-2.9886422,14.248451,0.16148297,2.1770475,3.8379211,-3.3016403,12.244996,0.16245092
mp-555403,K3WF6,0.5926196,5.249832,-1.8322366,13.338128,0.17037591,2.006658,4.5493917,-4.1511927,11.894495,0.17908949
mp-560878,Rb2CoF6,4.6367435,5.4686904,-2.8755043,14.671191,0.16260813,2.3809478,3.7144017,-4.0648174,12.51032,0.17130075
mp-553896,K3MoF6,0.6728219,6.343604,-1.8622892,13.877407,0.17153513,2.0243936,4.8746595,-3.6619558,12.331013,0.1808064
mp-557397,K2MnF6,4.4410233,7.2377615,-1.8569342,14.638824,0.17274456,2.1775792,3.512113,-2.7584748,11.765803,0.17095727
mp-557686,ZrVF6,2.4721665,6.947975,-2.057729,14.5487175,0.15545313,2.394777,5.4686575,-2.9760761,12.105044,0.16020067
mp-558111,Rb2MnF6,3.7332375,6.5213585,-1.8102022,14.289961,0.1909834,2.1576395,3.764836,-2.6364233,12.393861,0.19167942
mp-557912,Cs2MnF6,3.4580708,7.673064,-1.9541385,13.877813,0.15859243,2.2000346,5.7384434,-3.1702688,12.166181,0.17684847
mp-569028,Rb2SnBr6,7.7328124,6.299446,-2.218153,14.011277,0.1627819,3.2631807,5.595156,-0.016951682,9.755533,0.24687473
mp-569066,Cs2PdI6,5.7078166,6.408333,-2.21584,14.100828,0.15767787,6.430495,4.9302497,0.07982048,9.705891,0.26042664
mp-567942,Cs2ReCl6,3.1558297,5.959771,-2.375796,14.007407,0.15938619,2.8822284,4.0833845,-3.0499494,11.826063,0.17503646
mp-605034,K2NiF6,3.2665918,5.5514383,-2.2262383,13.83385,0.17098895,2.2958498,4.1171637,-0.3005858,9.216781,0.23357931
mp-581024,CsK2Sb,11.9489,22.294424,2.3649085,43.997448,0.06537196,7.640906,3.9328897,0.046482507,9.756252,0.25668365
mp-5955,NaSbF6,1.7355214,6.668098,-2.2030838,14.843331,0.15268993,1.7327418,5.186362,0.4601565,9.75693,0.27704322
mp-608555,Cs2SnCl6,3.7019794,7.1727505,-2.06319,13.577229,0.16513513,2.6836782,4.6575575,0.20027477,9.589672,0.2592951
mp-610706,Cs2CoF6,3.5416248,6.1763678,-2.09225,13.648114,0.1562296,2.3872406,4.9505816,-3.1971765,12.163354,0.18075147
mp-571648,Rb2MnCl6,4.0406084,5.665346,-1.6917058,14.321293,0.17876345,3.2408826,5.1811857,-3.5841143,12.582483,0.18173322
mp-643002,Mg2H6Os,12.559581,6.8219595,-2.6530666,14.18431,0.16498901,5.098065,4.61537,0.4701986,9.390074,0.2575012
mp-641923,Cs2SnBr6,4.9635835,5.781065,-2.1563096,14.487425,0.16693442,3.2052577,4.719016,-0.37653634,9.648337,0.2603079
mp-638729,Cs2ZrCl6,8.370809,5.313283,-1.9017292,13.819672,0.1556081,2.7366498,4.3794756,-0.37705842,9.677253,0.2516232
mp-643101,Rb2H6Pt,3.091077,6.480714,-1.8214761,14.672539,0.1600002,2.6734645,4.3709183,-0.14149208,9.992099,0.24124461
mp-643279,K2H6Pt,3.206197,6.489525,-2.551073,14.362197,0.17791997,2.7378547,4.4069996,-0.13184159,9.78698,0.2532903
mp-697030,Mg2H6Ru,12.814338,4.3794465,-1.9628956,13.248392,0.15576409,5.287233,5.151103,0.02417328,9.633156,0.2671781
mp-697038,Ba2H6Ru,7.359675,5.7480507,-2.3644724,14.470068,0.15446179,4.4299192,4.808143,-0.29948944,9.799756,0.2836961
mp-689925,Cs2NiF6,2.7876987,6.8423877,-2.390576,13.800695,0.18835768,2.2580397,4.2923245,0.1144022,9.479202,0.25584486
mp-690785,Na2H6Pt,4.2715616,5.6736917,-1.4840418,13.981276,0.16735306,3.233764,4.516676,-0.11880285,9.649296,0.2537106
mp-697044,Ba2H6Os,7.2286186,6.058293,-1.6792309,14.478735,0.16278931,4.4329004,4.9168797,-0.06814832,9.647839,0.2710368
mp-753571,LiVF6,,325.63403,-50.81172,692.8433,0.004386936,2.9510593,4.458199,0.23215878,10.324094,0.23844707
mp-8217,Cs2GeF6,3.7150676,5.5471177,-1.8869281,14.182391,0.17279257,2.0186758,5.004038,0.442223,9.39515,0.2501887
mp-8224,CaSnF6,2.9044666,5.576269,-2.7972136,13.352615,0.17270237,1.8908523,5.1730986,-0.22483271,10.1835375,0.25913945
mp-861507,ScAlIr2,10.924967,22.121494,1.5928496,47.884747,0.065204576,29.453762,20.603815,3.0546095,41.322598,0.074782304
mp-861950,Ca2SbAu,27.956179,27.365974,1.5321556,44.767365,0.06043746,60.186935,20.705364,0.322264,39.92178,0.089137375
mp-861937,Ba2AsAu,18.148756,22.444075,-1.6405531,42.196564,0.07783144,20.12437,22.809687,3.2477906,41.030357,0.07944245
mp-861978,Hf2ReIr,8.989676,76.792755,8.036353,149.28294,0.020322835,214.0899,135.56743,-3.6754541,283.44925,0.012576569
mp-862631,Ba2SbAu,13.597661,22.776215,-0.85355806,44.62477,0.06838782,18.817104,22.490738,1.685496,39.968124,0.0784193
mp-862947,Ba2BiAu,14.9391,22.228165,1.0943196,44.248592,0.06871394,22.219633,21.998745,1.310577,40.11176,0.07891567
mp-863251,Sr2SbAu,12.731709,22.232418,0.7136647,43.428604,0.07629436,22.352203,22.071678,1.5308403,43.031452,0.07795786
mp-865101,NaLi2Bi,8.857912,4.4962044,-2.1001382,13.135148,0.15497592,16.512548,21.340649,3.3283064,38.720783,0.08478009
mp-865179,Hf2FeOs,30.103045,73.749756,4.572036,157.22879,0.018893743,205.74008,120.08767,-15.1018715,276.84482,0.010048469
mp-865320,Lu2PdRu,10.301854,27.048214,1.5408005,40.6095,0.07275735,29.96447,24.057476,1.8413222,41.562542,0.09682367
mp-865278,NbAlOs2,27.769299,23.586708,2.8940458,46.201965,0.073801145,27.633997,20.057245,3.1462364,40.794064,0.07872042
mp-865280,NbAlFe2,31.480066,24.621704,0.8664534,45.2566,0.07003312,58.421158,22.272312,2.1596851,40.841824,0.07716246
mp-865384,Tm2PdRu,10.524865,19.604084,2.694736,42.34897,0.06343016,32.6019,19.17952,3.3808389,40.0924,0.07940339
mp-865368,Tm2NiOs,7.7936063,22.334976,1.5438181,44.4091,0.07528985,40.026733,21.828308,1.8606884,39.217693,0.08543677
mp-865374,Tm2OsPd,10.069857,5.613901,-1.3429651,13.443602,0.18148881,32.890213,19.049381,2.4487612,38.84305,0.08017123
mp-865519,YTaRu2,30.757803,81.43295,-3.5751445,159.46037,0.019990243,66.02054,122.23154,-2.1235795,287.68042,0.011523618
mp-865603,Y2IrRh,12.210418,23.99836,0.019471517,44.415794,0.064250685,26.724596,20.980625,2.300976,39.926544,0.08336215
mp-865573,Li2ErTl,8.823198,87.615265,7.983195,148.60754,0.022337507,35.760036,20.751902,1.9515463,38.266342,0.079735026
mp-865713,Li2TlBi,82.56647,80.818665,3.8996322,154.15317,0.022047574,95.4376,145.3848,-1.4729507,297.0108,0.011628554
mp-865791,CrSiRu2,32.69791,24.41964,1.3182352,43.04289,0.06146061,36.424263,136.49274,3.1782792,278.6102,0.010009006
mp-865892,Li2CaPb,7.9137645,21.21735,1.4555292,44.05113,0.071523115,26.074928,21.884626,3.7924333,41.780777,0.08257531
mp-865986,Li2CaGe,11.412919,21.062458,-1.7227023,44.349094,0.066677086,18.071486,21.565685,3.603225,40.51131,0.07872341
mp-865964,Li2CaSn,7.5492616,6.3795614,-1.8049462,14.707791,0.19053008,18.470917,20.843311,0.63152665,38.95787,0.07752433
mp-865965,Li2CaSi,10.551263,7.0584965,-2.4507415,13.104728,0.18120812,16.275982,21.606056,1.2788182,40.1328,0.07951921
mp-866085,Tm2IrRh,11.303582,5.877859,-2.0955346,14.290822,0.18238486,24.559658,21.770664,2.037873,40.62511,0.08007729
mp-866051,HfFe2Sn,19.7089,73.209915,7.0334377,156.08154,0.020744605,38.16379,22.104443,2.6487477,38.5557,0.088069335
mp-866062,HfSiRu2,30.717052,22.226923,2.2734044,45.33719,0.06486117,51.228725,21.594162,4.0625863,39.408108,0.08199178
mp-866141,TiFe2Si,28.674063,23.914593,1.7830443,43.173122,0.063923806,38.3123,19.113281,5.409409,40.71895,0.096500404
mp-866105,Ca2HgPb,49.057034,81.41971,12.328888,153.62343,0.022476744,181.19296,138.75198,-18.488188,286.779,0.010089494
mp-866132,Na2TlSb,136.14493,312.90533,-24.676605,645.507,0.00442387,36.372208,24.116491,2.6797183,40.537743,0.07790206
mp-866106,Ba2HgPb,22.800367,268.69388,-78.90115,686.7978,0.004322833,67.050575,133.57199,-6.488558,296.1438,0.010908167
mp-866178,Li2NdAl,28.490963,68.66249,-1.3826127,160.8105,0.019326946,220.14723,132.29614,-1.2307472,287.1916,0.010834251
mp-866154,TiBeIr2,17.589176,19.820892,2.1005948,47.294395,0.06260894,34.831524,21.705269,4.3127847,41.12529,0.07720162
mp-866163,YInRh2,11.586291,19.277098,0.7618001,46.001427,0.06985621,28.254354,22.243769,2.4034445,40.33899,0.07672597
mp-866229,Ca2SnHg,49.93965,77.90526,-0.8295052,147.65149,0.02368815,217.3364,146.39752,-18.861563,282.42175,0.011060079
mp-867113,Ca2AsAu,23.928635,20.418243,-0.80736756,44.511993,0.07498134,34.74582,23.540916,1.949088,40.560715,0.08504571
mp-867146,ScNbRu2,29.658346,80.34216,9.532947,161.96207,0.020350961,120.02212,132.2143,-22.291864,273.06348,0.0112646315
mp-867169,Sr2SnHg,24.91021,81.38492,4.1669455,160.50125,0.022389052,69.21735,157.88129,-13.238353,296.80316,0.011226593
mp-867193,Sr2BiAu,13.044128,21.049341,1.2152143,45.75366,0.07589083,27.234295,25.309599,2.7245684,39.76408,0.08166829
mp-867207,Sr2HgPb,23.680614,74.96543,3.4516804,151.69196,0.021466056,95.56945,130.13603,-23.998371,274.4941,0.010794363
mp-867249,TaAlFe2,25.302807,21.126152,-0.073031396,42.94241,0.0722598,40.422066,21.641258,3.49422,40.270775,0.09300368
mp-867266,CaMgTl2,43.41027,260.5101,-69.963196,659.64667,0.0041207075,,4.9612284,-0.51360995,9.610598,0.27238846
mp-867507,TaGaFe2,25.154247,22.821985,0.87785417,44.70306,0.07962771,40.29237,21.483444,4.2585163,39.352154,0.08919747
mp-867799,Ca2BiAu,15.852944,21.441113,2.2957041,45.032574,0.07479799,45.24995,21.194668,1.8337408,38.272465,0.076343544
mp-867829,LiVRh2,48.19663,73.59432,4.747368,153.809,0.020835444,297.33777,151.60016,-27.300758,290.49448,0.009147653
mp-867899,Sm2IrRh,17.361221,21.166569,0.796107,44.30037,0.081889294,34.331837,20.884083,2.9762094,39.69833,0.08100014
mp-9262,Cs2PtF6,3.4355197,6.1162777,-1.9705292,14.1684,0.1582586,2.2285373,5.4817734,0.117218204,9.346992,0.26375172
mp-867912,Ba2SnHg,30.909002,77.59284,0.1597735,146.90874,0.021167956,80.45944,132.52057,-19.871485,279.285,0.011186547
mp-8812,Rb2GeF6,4.0357904,6.1346626,-2.0559714,13.933414,0.16386971,1.9469811,5.3987207,0.3995044,10.246226,0.24814996
mp-979420,YErIr2,11.064662,5.6333947,-1.8522054,14.0816145,0.15325746,18.458727,5.3545284,-3.7971785,12.091987,0.17127666
mp-1001034,Mg(InSe2)2,6.5139184,5.4923673,-2.749426,14.745755,0.16734843,7.7888927,4.1842127,-0.18470146,9.386251,0.2721699
mp-1029293,CsVN2,55.359474,76.83707,13.988636,154.35901,0.01904873,18.973001,19.802353,4.253244,42.20945,0.08515199
mp-1042046,Ca(MoO2)2,5.062845,4.6435347,-1.5525764,13.862428,0.1778039,4.2029552,3.7435079,-2.6149926,12.046567,0.17158523
mp-10953,Sc2CdS4,9.649152,5.8084745,-1.7290846,14.350817,0.17129682,7.241639,5.7661514,-0.1686736,9.9140415,0.26377305
mp-1104783,Mn(AlS2)2,5.0603566,7.7700605,-2.4578443,14.015214,0.16756368,6.7753077,4.591365,-2.8802433,12.019432,0.18455444
mp-1191189,Cd2Sb2O7,9.727956,7.22009,-1.6828337,13.998509,0.19775106,4.931842,5.0666246,0.11003698,10.125264,0.2671131
mp-12533,La2Hf2O7,26.189837,23.194904,2.335065,43.302757,0.06361987,4.5959573,4.972414,-0.097361535,9.809507,0.23938921
mp-13801,Tl2Pt2O7,7.315146,22.805082,1.5304196,46.1404,0.0796413,10.155569,4.580866,0.12904777,9.204737,0.26448625
mp-1400392,Mg(CrS2)2,3.3771455,5.9349747,-2.09751,14.790342,0.17845164,8.831606,4.2603607,-2.7982874,11.683196,0.17616071
mp-14070,RbAlO2,21.22026,23.289293,1.2790282,41.90716,0.07604478,2.7927222,4.7874937,-0.2221762,9.5114565,0.27901623
mp-14100,Cd(RhO2)2,3.6087582,7.2474403,-1.6400893,13.592151,0.18398812,9.74887,4.574107,-0.34406498,9.607617,0.24245413
mp-14069,CsAlO2,11.94169,7.00324,-2.0152068,14.960136,0.17211673,3.2258165,5.147422,-0.02887147,9.346123,0.24476638
mp-14307,Mg(ScS2)2,9.464447,5.4455633,-1.9281514,14.244249,0.17922094,6.3581243,5.0991306,-0.3944896,9.901698,0.28169942
mp-16992,NaAg3S2,8.816471,5.7004194,-1.8567303,14.721734,0.17388815,7.3297477,4.658162,0.102451734,9.967027,0.25199565
mp-18633,K8SnSb4,3.2965963,5.61209,-2.0021505,14.293992,0.17176034,7.098091,5.139385,-0.14446989,9.9780855,0.2537611
mp-18803,Na2WO4,3.5192103,5.6765633,-2.2321227,14.162707,0.17772813,2.8248084,5.1832867,0.29567567,9.898356,0.24177709
mp-18831,Y2Mn2O7,13.076739,26.129444,0.48590627,44.729916,0.0729738,7.9890256,4.155126,-3.3054786,11.106681,0.18050379
mp-18852,Na2MoO4,3.8031187,6.161688,-1.6785823,14.246357,0.1658191,2.897259,5.4774113,0.2573492,9.846641,0.250683
mp-19202,MgCr2O4,4.71201,6.3480935,-2.5573137,14.355934,0.16173176,4.4354377,4.7954087,-3.3084333,11.9432535,0.1732999
mp-19410,ZnCr2O4,4.957314,5.7892246,-2.0499525,14.55903,0.18690325,5.0022116,4.6217175,-2.8000731,12.005487,0.17942089
mp-19262,Cr2CdO4,5.0858636,6.929538,-1.7554289,14.879566,0.15608042,5.1860747,4.7529354,-2.4961925,11.736562,0.19063082
mp-20168,Cr2FeO4,6.9841638,5.580813,-1.5330188,13.815677,0.18649653,5.158616,4.2924347,-3.169869,11.740452,0.18375619
mp-19803,CdIn2O4,6.4412494,4.9975805,-2.7176244,14.090187,0.18838245,5.019489,4.901428,-0.39193964,9.763958,0.23722832
mp-22356,In2HgS4,11.45866,22.616306,3.79625,44.139748,0.076385945,9.166847,4.9886875,0.24308057,9.3927765,0.23976433
mp-22168,Mn(InS2)2,6.6804714,6.40695,-1.9734962,13.704841,0.18243335,7.56644,4.1038837,-3.6775558,11.952958,0.19963363
mp-22605,Cr2CdSe4,2.7028968,6.1278276,-2.2997687,14.938968,0.16603918,12.438158,4.7017765,-2.967425,11.983807,0.18552616
mp-22421,Fe2GeO4,3.7997696,6.295613,-1.5627002,14.956498,0.14999522,4.698147,4.384801,-3.4533656,12.341401,0.17558187
mp-22638,Ni2GeO4,4.822855,6.057752,-1.7900412,13.556097,0.16262761,4.4100723,5.361171,-2.4132001,12.68881,0.16172867
mp-24119,Ca2HN,12.545799,5.573031,-2.617337,13.464423,0.193262,5.3344064,3.7047796,0.2926886,9.673328,0.2451749
mp-22766,CaIn2O4,5.9769974,6.207243,-1.2209803,14.359691,0.19166769,4.0081367,5.340783,0.4886834,9.373132,0.24164373
mp-23341,Bi2Pt2O7,17.738724,21.697437,1.6181715,42.81548,0.07247677,10.050347,5.0638723,0.15726532,9.85092,0.259593
mp-2908,Al2ZnO4,5.8341966,5.4663734,-1.5046642,14.173827,0.16066402,3.447734,5.0000076,-0.12459411,9.345063,0.25169313
mp-28452,Fe3W3N,83.72144,71.185394,0.27691236,150.22728,0.021312619,,3.5890117,-3.056527,11.319894,0.17822824
mp-3370,Y2Sn2O7,15.830012,5.883938,-1.6633642,14.672885,0.19219668,4.395982,5.070318,0.29981175,10.029653,0.24206534
mp-3443,Cd(GaO2)2,7.751452,5.111906,-1.7517288,14.163907,0.1673351,4.611941,5.278726,0.0966006,9.200336,0.26249346
mp-3536,MgAl2O4,5.3975406,6.1581335,-2.0052848,13.598925,0.16271076,3.0789425,4.8260727,-0.100977905,9.837156,0.2478817
mp-35785,Y2CdS4,8.521956,5.485629,-1.8622208,13.813287,0.18283586,6.1433897,5.387934,0.12028261,9.501603,0.26362377
mp-35475,MnV2O4,6.942143,4.9714355,-1.7909651,13.934021,0.17012884,5.0701447,4.082286,-3.0508616,11.415912,0.15022832
mp-35162,MnIn2O4,3.1176383,21.084274,0.70783764,46.070507,0.07180451,71.72435,137.66013,-9.636028,288.40152,0.010640627
mp-36447,Al2CoO4,5.887483,6.252889,-1.7315326,13.783796,0.16173653,3.619585,4.2738924,-2.450238,11.778348,0.1773381
mp-36866,Al2CdO4,6.254583,8.432519,-2.3015294,15.007055,0.16221899,3.738817,4.473278,0.43415844,9.431034,0.26255348
mp-3930,Sc2MnS4,9.560634,5.385294,-2.1771796,14.028128,0.17244104,7.991213,4.526841,-2.9047823,12.097693,0.17778167
mp-4338,Cr2CdS4,3.1878836,7.3627973,-2.2285712,14.817957,0.1777345,10.148356,3.2684364,-2.9547997,12.70619,0.16480486
mp-4086,La2Sn2O7,14.211135,5.878524,-1.5545292,13.54813,0.16893737,4.554728,4.4431934,-0.14596717,9.497615,0.25774992
mp-4842,Al2ZnS4,5.116741,6.3253937,-1.7858199,12.911557,0.16833845,6.369395,4.679302,0.04059632,9.334666,0.28548595
mp-4974,La2Zr2O7,31.367107,20.700266,0.35291812,43.919983,0.066561915,4.887619,4.593276,-0.1366529,9.721046,0.25403658
mp-5146,Zn(RhO2)2,4.088101,7.138241,-1.7949221,14.679977,0.15621483,9.06127,5.4070644,0.030055597,9.675508,0.247796
mp-546936,Co(RhO2)2,4.191022,5.824913,-2.43095,14.435861,0.1629105,9.750001,4.3204083,-1.5705192,12.251498,0.16696279
mp-5548,Ta2Cd2O7,170.69232,85.47266,-0.22050028,152.33652,0.021818439,5.7746444,4.7021823,-0.035165347,9.694967,0.26284632
mp-559200,Cd(InS2)2,6.9247265,5.279785,-2.2393847,14.031803,0.17781962,7.176713,4.8574204,0.34798202,9.801576,0.22885975
mp-5794,Zn(GaO2)2,7.5569725,5.216551,-2.2396724,13.884338,0.16330303,4.2201886,4.5709867,0.0704744,9.049659,0.26395106
mp-722294,Nb3Zn3N,7.610346,78.64256,5.8712926,158.81544,0.021442305,351.7643,124.06285,-1.4792719,290.60925,0.010692921
mp-722913,Hf3Zn3N,42.026733,337.7072,-67.34683,633.67633,0.0043245964,,5.039422,-0.44940433,9.941863,0.25109413
mp-722937,Zr3Zn3N,25.63227,21.850712,0.045624897,45.138233,0.07508974,,5.2660494,-0.43086523,9.471464,0.25972825
mp-753222,Fe2CoO4,9.035214,6.193863,-2.6794484,14.205927,0.18956377,5.468199,5.122795,-2.8435602,11.82284,0.16667691
mp-753815,CaY2O4,10.379823,5.652174,-1.532246,14.370457,0.17524269,3.7305593,4.250555,-0.010893163,9.757628,0.2727407
mp-754826,CsScO2,52.977287,85.05825,-4.1586084,142.8768,0.02193578,3.4204578,4.529061,-0.18119235,9.268942,0.26609755
mp-754596,RbGaO2,1.5688254,6.201165,-2.9126365,14.053807,0.1578446,3.091309,3.9089556,0.17202194,9.824635,0.21648218
mp-755026,La2Pt2O7,9.883213,5.568641,-1.443865,13.299181,0.174263,7.878348,5.0896845,-0.21510574,8.785104,0.26310328
mp-755731,Ta2Pb2O7,159.89893,83.23535,10.746403,161.01157,0.02036632,6.799661,4.528322,-0.23589906,9.835445,0.2506131
mp-755709,LiFeO2,14.934409,5.44552,-2.6984785,14.296016,0.16912682,4.8601456,3.9976301,-2.988417,12.296703,0.17526287
mp-755558,BaLa2O4,15.935124,5.1217833,-2.260741,13.890881,0.17082848,3.9624667,4.838084,-0.22985639,9.5774145,0.25545862
mp-755882,MnAl2O4,6.0120397,6.5299892,-2.3163211,13.616622,0.16819464,3.4793918,3.5517201,-3.0663095,12.526569,0.18521121
mp-756347,Y2Pt2O7,8.500601,6.0865088,-1.5740526,14.352783,0.16441852,7.2023497,4.778024,-0.03081949,9.251741,0.2406723
mp-756317,Al2HgO4,8.534482,6.1903763,-1.7467817,14.03392,0.17355517,4.595619,4.976572,0.40108296,9.412494,0.252801
mp-765466,Ga2CoO4,7.547056,6.6100636,-1.9801402,14.953874,0.16574936,4.370072,4.514625,-2.9900243,11.7424,0.18717942
mp-778152,Sc2Pt2O7,12.664333,5.9454465,-1.2656814,14.267352,0.16362901,7.6001205,4.4735823,0.32379633,9.844241,0.23890644
mp-8978,CsNbN2,20.263786,20.196806,-1.3607146,44.931168,0.07685296,7.659438,4.6503925,-0.2069039,9.709776,0.26249167
mp-9071,Na8TiAs4,5.0865927,6.2622805,-1.3934296,14.533999,0.176477,6.896616,4.6013494,0.27458638,10.095598,0.2541839
mp-28734,Zr6CoCl15,7.0139027,4.3432217,-1.9455972,14.7222,0.18169044,4.9127827,4.6645236,-0.22172934,9.321661,0.258498
mp-542496,Ca6Ag16N,2.2014222,79.34163,-3.4482186,158.4736,0.022749918,96.68801,131.61353,-2.4289117,281.27536,0.011032448
mp-1071955,AlPS4,0.8380476,6.5188403,-1.8572359,14.255114,0.1583844,3.092513,5.085583,-0.009285699,9.393823,0.26769215
mp-27724,BPS4,0.7967307,5.4078035,-1.8608148,13.846749,0.16213436,3.2636087,4.204893,0.19263805,9.444453,0.25079933
mp-1180553,Li4CO4,4.2463546,7.1437883,-2.845646,14.367722,0.16810612,2.8722486,4.83337,-0.076635726,9.317751,0.25455886
mp-35220,PHN2,3.2591772,6.355033,-2.2597082,14.344709,0.16766533,3.6676428,4.548996,-0.4565649,9.440796,0.27600318
mp-753671,PNO,3.116538,7.090127,-1.6857557,13.3671665,0.17061754,3.201646,5.6299386,-0.18987368,9.63774,0.23255005
mp-753775,BaCaI4,15.494451,26.34403,2.7145169,45.385326,0.07210812,4.0144014,4.8084984,-0.2391012,9.258853,0.2648429
mp-676038,Ga5(PS)3,3.4000597,5.6883774,-2.3862278,14.546689,0.16618022,7.9837375,4.065825,0.45512882,9.426973,0.26933965
mp-1104707,Na(GeP)3,2.9803278,6.1646366,-2.172221,14.066656,0.1760014,9.28854,4.7104197,0.23385045,9.090169,0.2432484
mp-23904,BaH4O3,5.7998877,6.758234,-2.367818,14.285497,0.1742387,2.7769012,4.8741407,-0.40043315,9.483775,0.2541375
mp-28007,BaHgS2,9.385086,5.934537,-2.0340927,14.526657,0.1708244,6.51671,4.769782,-0.11460246,8.9512415,0.24820593
mp-32539,W(ClO)2,14.64572,5.5406065,-2.294725,13.560584,0.16503382,3.9559798,4.5684643,0.0007845691,9.528649,0.26352933
mp-4681,NaNbO3,99.617546,73.2577,5.6302834,157.95232,0.02150673,5.4168205,4.722831,-0.01814873,9.641178,0.24846253
mp-580554,CsLi3Br4,6.467748,4.923429,-1.5066088,14.067979,0.17141923,2.7771807,4.687888,-0.14440893,9.284525,0.25525725
mp-644419,LiHS,2.0684307,5.7408333,-2.5383778,14.7984705,0.17164585,3.1006436,4.910389,-0.440139,9.511408,0.26864967
mp-571156,Mg(BH4)2,2.370232,5.440757,-1.8385223,13.824112,0.1561047,2.3700056,4.4289675,0.8519616,9.6397,0.2451389
mp-759764,W(OF)2,12.370728,5.8994446,-1.9155648,14.561709,0.16998856,3.1201215,5.296837,-0.077682436,9.916754,0.27206182
mp-752975,FeOF,9.476098,6.392848,-1.3287197,13.951337,0.16154508,4.3384657,4.418679,-3.6393592,11.47582,0.16880624
mp-774146,W(BrO)2,30.778318,22.394085,1.5868694,43.1408,0.07521675,5.020818,5.0663376,-0.3546464,9.633398,0.26346272
mp-29510,Hg2TeO3,7.2220936,5.4464426,-2.3077295,13.941663,0.16372448,4.7427607,4.6645823,-0.3629334,10.069356,0.24548994
mp-1103261,SiPtSe,5.051418,6.057768,-2.2924342,14.680522,0.16494453,18.885664,21.082138,1.7707729,40.964108,0.0768345
mp-1101755,GePtS,5.7701683,5.062495,-2.9013546,13.609625,0.1806285,18.328482,22.457108,3.215967,38.565536,0.08723771
mp-1212662,GaClO,2.5963702,7.2322264,-1.9926343,14.292783,0.16967456,2.7361362,4.430972,0.07979865,9.094683,0.27785942
mp-18625,KPSe6,7.251559,5.433978,-2.7904909,15.364334,0.16887672,6.6961656,4.624598,0.11422204,9.64735,0.23635013
mp-20817,GePtSe,6.259765,6.177079,-2.5043743,14.044664,0.19700919,23.521097,21.316998,2.7647085,40.59959,0.08133955
mp-29491,HS8N,0.22854353,6.1053505,-2.7569544,14.304713,0.19280392,3.3624136,5.0233564,-0.013016174,9.872333,0.24763528
mp-27367,SeOF2,1.7340131,5.9419174,-2.1624255,14.269996,0.17462678,2.443297,3.9952579,-0.11119646,10.095139,0.25147903
mp-28407,SBr2O,0.7681462,6.5928955,-1.7914901,13.968702,0.16396885,2.798971,5.252223,-0.5114922,9.775888,0.2557447
mp-4627,CoAsS,6.873564,6.7284355,-0.4668685,14.448247,0.16159354,24.423801,21.368824,1.4797268,41.79457,0.07919
mp-766460,FePO4,2.6928859,5.834755,-2.537055,14.505522,0.17494865,2.986884,3.3873563,-22.733885,33.657898,0.061597593
mp-772842,Na2Ge2O5,5.4051495,6.0522914,-1.8445315,13.8341875,0.19921616,2.921832,4.4575214,-0.48247927,9.015352,0.27310935
mp-773663,Na2Ti2O5,13.927866,7.24957,-1.9779176,14.164892,0.16321166,3.2811406,4.8111143,0.058152214,9.4058895,0.2505407
mp-766442,FePO4,2.6565633,6.1998568,-1.8773448,14.616707,0.15298638,2.979893,8.145018,-20.824392,35.229687,0.052346833
mp-9270,SbIrS,4.9695354,4.582921,-2.010843,14.271992,0.17445353,16.452806,23.4373,4.25293,38.713406,0.076026775
mp-761842,Hf3SnO8,15.236432,21.50698,1.2033665,43.925034,0.06873452,4.624248,4.6663218,-0.21515392,9.545757,0.2229018
mp-756952,Li4MnF8,4.2183414,5.3040075,-2.4487665,14.808437,0.17701195,2.1950936,3.645049,-2.6967268,11.924659,0.19032164
mp-753340,Li4VF8,8.681184,6.545074,-0.7217202,14.656754,0.16663833,2.140491,4.7032795,-3.1365068,13.145981,0.15982388
mp-755067,Cr4OF11,3.2112656,5.9759483,-1.8347818,13.236333,0.17395963,3.4354696,4.6218596,-2.6135557,11.6646805,0.19847758
mp-753378,TaGaO4,20.513306,21.776289,2.9715629,45.954006,0.076719835,5.1621065,4.350445,-0.1954372,9.648602,0.23643276
mp-1048765,Mg(SbO3)2,8.885299,6.280697,-2.9428842,14.039263,0.16217476,4.4786882,4.2983875,-0.049533512,9.553716,0.24923456
mp-10796,HgSeO4,9.864208,5.549512,-1.783055,14.234855,0.18347347,4.542328,4.547364,0.02191512,9.055422,0.25108185
mp-1048795,MgTa2O6,120.263306,82.64201,11.678308,161.88509,0.019269215,5.3623185,5.054877,-0.27826536,9.582127,0.27592736
mp-1173671,Na3PO4,2.6042736,4.9523067,-1.2174813,14.990681,0.16581658,2.245936,5.0610437,-0.2563066,9.529785,0.27673936
mp-11000,CaB4O7,9.13823,6.7816763,-1.702532,14.316053,0.16873008,3.1532915,4.799576,0.2417175,9.254314,0.26947173
mp-12022,HgB4O7,9.907765,6.5303793,-1.4941292,14.292978,0.15573767,4.3921413,4.711973,0.1259183,9.265747,0.262616
mp-1245967,Zn3WN4,6.652442,6.0265894,-1.2598022,14.99746,0.17424087,6.840458,4.791566,0.18804319,10.021491,0.24118452
mp-1246430,Zn3MoN4,7.737543,5.8510094,-2.4100382,14.090182,0.15655929,7.685364,4.467576,0.10472224,9.93016,0.2730281
mp-1245510,Mg3MoN4,4.994885,5.532045,-1.3296444,14.260989,0.16910408,5.273778,4.642005,-0.30550992,9.384172,0.26405892
mp-12459,Ag3PS4,3.1488843,5.903265,-2.1045961,14.201087,0.16587879,6.9637623,4.686886,-0.042961527,9.661886,0.22983828
mp-13252,SnB4O7,17.185398,23.025356,1.8079305,43.69907,0.07915806,3.9321685,4.855749,-0.07577186,9.739827,0.265326
mp-1540000,BaGaH5,5.840433,6.3488836,-2.3014007,14.401975,0.16372731,3.9335175,4.277741,0.32425347,9.224145,0.2335961
mp-18440,Rb7NbAs4,7.0693455,6.431219,-1.0210643,14.352898,0.15904701,6.0572696,4.647007,-0.100758314,10.1347685,0.26640394
mp-18361,K7NbAs4,6.883843,6.0929184,-2.0595725,14.329753,0.16566177,6.1019673,5.5487614,0.16981211,9.110703,0.24869418
mp-13725,Li3PO4,3.0519469,7.0869427,-2.5194385,14.8663845,0.16712984,2.512328,4.5647507,-0.1142676,9.319162,0.24821064
mp-34296,Zn(FeO2)2,9.966093,4.864593,-1.3607849,14.371966,0.15888314,5.5801396,5.0424013,0.08612516,9.621599,0.2672489
mp-35493,Zn2SnO4,7.4596972,6.1740456,-2.699685,14.343439,0.1778987,4.5640936,4.455532,-0.002153652,9.967526,0.25912184
mp-34022,Mg2SnO4,5.2680917,5.2435875,-1.6537094,13.722958,0.17715806,3.4869776,4.1535797,-0.3037467,9.559472,0.2592422
mp-35236,Ga2NiO4,6.6971583,6.096243,-2.4041388,13.722002,0.1826588,4.349469,4.4385753,-3.1263723,11.676013,0.16618714
mp-35759,Li2NiF4,3.4183877,5.8993397,-1.8027567,13.74388,0.18301459,2.1363823,5.300699,-2.7420952,12.3892975,0.19277728
mp-573373,PICl8,3.0996568,6.377966,-1.6144667,14.307238,0.17953856,3.0622792,4.856244,-0.18260854,9.688252,0.24229476
mp-38951,Mg(GaO2)2,7.1800423,4.763405,-2.3277526,13.733456,0.16481577,3.9105353,4.9686747,0.030013667,10.135432,0.2409114
mp-36028,Co2SnO4,5.950209,6.894107,-2.0268536,13.597363,0.15585546,4.6833096,3.8778079,-3.288217,11.671441,0.17870933
mp-4103,Sr2Sb2O7,10.8902235,6.8731394,-1.6424663,14.115525,0.16731793,4.082795,3.9154074,0.12830336,9.870407,0.25150365
mp-38684,Li2MgCl4,3.9761865,5.8902307,-1.5643898,14.2454405,0.1707066,2.7534914,5.2551427,0.10886365,9.837851,0.26023304
mp-35647,Zn2PtO4,5.965597,4.8166738,-1.9853357,14.13717,0.1831182,5.8977947,4.4248023,-0.2207404,9.535948,0.25040698
mp-690544,Ga2FeO4,7.5554905,5.4509344,-1.9465712,14.462221,0.16157144,4.4375715,5.2782793,-0.06511765,9.861121,0.2529234
mp-755197,V2O3F,8.806346,6.801969,-3.047495,14.674422,0.17261024,6.636777,4.292554,-3.312843,11.530445,0.18333946
mp-674350,TiPb9O11,19.600294,23.508669,0.69113654,43.365036,0.067057565,6.6149654,4.205231,-0.027584868,9.445732,0.24177642
mp-31703,CrOF3,3.8833122,6.8504124,-2.0840645,15.036109,0.16897535,3.0711246,5.0052757,-3.5508173,11.587773,0.1908817
mp-555021,TePbO3,22.837719,23.052635,0.645125,42.649883,0.0696187,5.284258,5.2760353,-0.26342857,9.500981,0.2431968
mp-753525,VOF3,4.5064874,6.045804,-0.8479418,14.213021,0.17450188,2.8547826,4.8623304,0.10684025,9.502603,0.25547266
mp-764354,LiMnF5,8.763924,6.172781,-1.4338647,14.372974,0.17702809,2.7670515,3.7227497,-3.4286637,11.438676,0.18433271
mp-34292,Tl9SbTe6,312.56046,305.8254,-95.6934,656.2982,0.0043961885,21.518799,22.447184,1.8220758,39.828136,0.08477487
mp-560748,SbCl3F2,1.9855602,6.1410303,-2.2494948,14.1404085,0.16786395,2.479458,4.048005,0.030152231,9.630667,0.24950154
mp-29033,P3BrCl14,33.192966,23.442978,0.7825269,44.143753,0.07263925,3.5388129,4.7976217,0.34124684,9.115688,0.24036193
mp-568100,ReNCl4,1.2235736,5.3406925,-2.1400013,14.532042,0.1906508,4.501699,4.3789854,-0.72614753,9.266223,0.24592735
mp-690542,Li4WO5,28.362797,21.688908,2.7778318,43.388573,0.07203843,4.124548,4.743007,0.011957271,9.233,0.2599458
mp-675020,Li4MoO5,14.460333,6.8618965,-2.307109,13.973358,0.172121,4.327946,4.294482,0.22140431,9.692886,0.26932952
mp-752955,WOF4,2.2400017,6.851639,-1.5160971,13.733755,0.1524377,2.4674897,4.541038,-0.13027252,9.769664,0.23732463
mp-1021494,Cd5(S2Cl)2,10.15525,6.4525757,-1.9419692,14.100674,0.1697177,5.0323944,4.5824013,-0.09106662,9.350983,0.2502366
mp-1046238,Mg(SbO2)4,10.30052,6.7027435,-1.9650025,14.503248,0.17319167,4.2177033,4.147053,-0.40149453,9.41111,0.24864812
mp-1101160,Zr3N2O3,15.453909,6.662947,-2.125354,14.474144,0.17993271,6.005477,4.2228994,0.017235437,9.375684,0.25708178
mp-1105876,Cs6Fe2O5,9.594918,7.0053625,-1.8521048,13.664035,0.1686051,3.6357162,5.0138235,-2.8432965,11.898344,0.18984316
mp-1221515,MnZn4Se5,3.338132,5.8949647,-1.2584951,14.996955,0.17710193,7.3549137,4.114435,-3.2702744,11.540428,0.18114088
mp-1397292,MoWO6,33.506855,21.970093,1.8465313,42.445686,0.06222282,6.2802033,4.8289976,-0.27678937,9.8419695,0.26117563
mp-1539137,RbCr5S8,4.611354,6.8299522,-1.4249293,14.086666,0.17951216,12.297553,4.5272174,-2.6016245,11.179746,0.19991082
mp-25542,LiMnO2,6.7857623,6.3782396,-1.3533684,13.89485,0.1718086,4.609299,3.8367853,-0.5892102,9.879682,0.26125693
mp-25587,LiNiO2,4.298964,6.387568,-2.5657084,13.440856,0.18117481,7.3640175,4.909478,-2.459747,13.449329,0.18363239
mp-28508,Cd(HO)2,10.25162,6.397401,-1.7090117,14.826897,0.174893,3.8794777,4.5044656,-0.1767611,9.759758,0.23273824
mp-28769,K(SnSe2)2,22.897343,23.526772,1.2719141,43.831127,0.07814954,5.971816,5.0634108,0.15054007,10.018249,0.2822039
mp-29365,Li5BiO5,17.29473,27.489464,1.9368219,43.08862,0.06277642,4.0172505,4.3049526,-0.45342064,9.408659,0.27125475
mp-34857,KNO2,2.531849,6.7636013,-2.6479316,13.637381,0.17605726,2.0358589,5.2760363,0.11096242,10.0210905,0.23726775
mp-541032,Te7As5I,25.933697,23.431107,-0.70523477,45.136307,0.06685614,22.69797,23.188957,1.9798236,39.35278,0.084147476
mp-540574,Cs2Hg3I8,4.8592124,6.7541237,-1.5760634,14.578972,0.15129262,3.732971,4.619129,-0.3045888,9.560656,0.252281
mp-545541,Na4CO4,11.117485,5.6613674,-1.7746542,14.05778,0.17177324,2.5456824,4.956888,-0.40593415,9.127256,0.25537553
mp-546787,KNO2,3.0493402,5.4239683,-1.4663785,14.063214,0.17729107,2.2127526,4.2761984,-0.4480259,9.399383,0.24307258
mp-549207,Li4CO4,9.538943,6.50463,-1.8947543,14.496155,0.15903915,2.4943855,4.757909,0.039995197,9.217491,0.25082996
mp-626506,NaHO,10.296441,5.1464524,-2.9942117,14.332799,0.17020732,2.3620534,4.2148514,0.20543154,8.97591,0.2688009
mp-625521,H3BrO,2.2010643,4.488089,-2.6042266,14.745032,0.1744888,2.6375284,5.129947,-0.22580904,9.828436,0.24017037
mp-642690,CsGeI3,23.77976,20.30524,0.6044938,45.39907,0.076024346,5.6941686,4.4247007,0.21499486,9.847197,0.24596521
mp-642739,CsGeBr3,10.904332,5.459734,-1.9964774,13.615919,0.15953854,4.477749,4.213554,0.9550971,9.713633,0.24846412
mp-674948,VMoO5,30.621754,20.016827,1.1563541,42.75711,0.0700356,6.112687,5.0286293,-0.13777514,8.826698,0.2600345
mp-675101,Ca5NbN5,10.799427,22.67674,0.5526624,46.05026,0.072766036,6.616485,4.580709,-0.33643144,8.92975,0.25837204
mp-675488,Li6I3N,17.343424,5.4636393,-2.5950162,14.37982,0.18462355,4.3094835,4.7506895,-0.012150675,9.369091,0.27566093
mp-675941,Li7IN2,8.484554,6.400635,-1.7331958,13.784593,0.16909733,5.1247587,5.018965,-0.4899684,9.995747,0.25981247
mp-676284,YAgSe2,14.177907,21.083431,1.5266054,45.006046,0.07086068,9.4491,4.159729,0.00523289,9.404972,0.24950252
mp-676650,Li6Br3N,19.16254,20.7329,1.5910333,43.106792,0.07361104,3.7480707,4.894592,-0.0548248,9.7938795,0.2644028
mp-677323,Li11TiSb5,6.3706937,5.6792336,-1.8941983,14.251671,0.15161844,12.664972,4.364523,-0.23822966,9.661864,0.24757622
mp-753694,LiVF6,8.20722,6.0801315,-2.6405375,14.455105,0.1750296,2.189168,4.6947026,0.007884345,9.377633,0.24857827
mp-752960,VO2F,2.720119,5.478591,-2.6442833,13.883411,0.1734468,3.2589836,4.964782,-0.052637067,9.622806,0.2681267
mp-754610,Sr3CaI8,8.244306,5.6825676,-2.3431726,13.749514,0.17863022,3.9601386,4.1420918,-0.68237567,9.013478,0.24129185
mp-755205,Zr2N2O,37.45127,22.035788,1.5285268,44.13293,0.07534122,9.246813,5.2510815,0.22981995,9.590864,0.24839081
mp-755132,Zr3N2O3,15.091829,23.440619,-1.2724805,44.66912,0.082800776,5.9951453,4.715131,-0.071514346,9.476222,0.25477955
mp-761033,Hf3N2O3,12.485757,6.542153,-2.5867152,13.979036,0.1734615,5.3734117,5.2316637,-0.39757386,9.278222,0.27105388
mp-766325,BaCaI4,4.927068,6.367588,-2.4788368,13.442326,0.15412246,3.408528,4.9842463,-0.15157694,9.490547,0.26068652
mp-765500,V2OF7,4.950158,5.9047623,-1.381696,13.619966,0.1502082,2.5115578,4.7592635,-3.0001178,11.975466,0.18917258
mp-773044,LiCuO2,6.7161803,5.7851553,-2.130973,14.465142,0.1961885,6.4813285,4.5022287,-0.20926838,9.851866,0.23588212
mp-850713,Bi2CO5,23.621288,24.533834,2.619626,44.29862,0.07461837,5.4684243,5.3781605,0.534507,9.21988,0.23083432
mp-998412,KGeBr3,11.765073,5.517565,-1.5387787,14.027144,0.17251316,4.96479,4.913059,-0.15201643,9.4944105,0.26996887
mp-998560,InSnCl3,15.879729,6.7736106,-1.7825773,14.228087,0.16747746,4.167923,5.1164246,0.13350461,9.774259,0.26160672
mp-1029845,Na3Mo2N5,11.27585,6.4667125,-2.7644267,14.027373,0.15497518,6.0460343,4.617633,-0.2295444,9.649044,0.2637357
mp-1029938,K3W2N5,6.5844607,5.2956305,-1.9074779,13.757302,0.16609405,4.940239,5.168866,-0.14406714,9.424919,0.2533332
mp-1029857,Rb3W2N5,6.939298,5.4469423,-2.2483456,14.065745,0.16571023,5.047026,4.342137,-0.11428928,9.677727,0.26180726
mp-1029565,Na3W2N5,11.403534,6.713002,-2.7541995,14.844001,0.17830725,5.22364,4.7045875,0.10931402,9.3823395,0.2519139
mp-1118943,Cs3Re2N5,9.558415,5.884283,-2.0686233,14.33772,0.16166355,22.371376,21.919977,4.12841,40.834034,0.07243387
mp-1119092,Cs3W2N5,7.6684594,5.5795927,-2.3816786,14.306684,0.16894394,5.4106326,4.937601,0.05016216,9.485286,0.23638253
mp-10955,Sn(HgSe2)2,8.602614,6.591902,-1.5498066,14.212335,0.15753077,16.541965,5.0396814,-0.34505945,9.472935,0.2672951
mp-1221979,Mn(InTe2)2,3.2665148,7.160634,-2.2054424,14.573669,0.160898,9.878859,4.326964,-2.900532,11.361501,0.1803882
mp-15777,Zn(GaTe2)2,2.97672,7.0080743,-2.7935565,14.262811,0.17804672,10.570406,4.6235065,-0.106833115,9.876491,0.24660455
mp-20261,Mn(GaSe2)2,3.180481,6.6179113,-2.7459512,13.604902,0.17459853,7.7388754,4.5681124,-2.9444795,12.125992,0.18404014
mp-1222182,Mg(InTe2)2,3.1004086,3.7891848,-1.4470043,15.167631,0.16677183,8.462539,4.150451,-0.24506293,9.418409,0.23951346
mp-19765,In2HgTe4,4.668972,5.3851223,-1.192353,13.675266,0.16425318,11.140975,4.8460703,-0.4231686,9.479286,0.27966154
mp-20025,Mn(GaS2)2,3.3316782,6.114028,-2.6318681,14.342195,0.16533583,6.067935,3.6422086,-2.5237997,12.271923,0.19309723
mp-13949,Cd(GaTe2)2,3.1813476,6.695244,-1.3784828,14.408712,0.15987763,10.018959,4.5784063,0.258915,9.283301,0.25792545
mp-16337,Ga2HgTe4,4.4911833,5.1286545,-2.0419,14.434804,0.1608509,12.070579,5.291234,-0.29970968,9.525666,0.24943914
mp-15776,Zn(GaSe2)2,3.345167,6.399584,-1.6772895,14.261124,0.15732011,7.682156,5.495733,-0.19430594,9.388461,0.2534754
mp-22607,Zn(InSe2)2,3.696514,6.978529,-2.7522361,14.068707,0.17783849,7.802956,4.797557,-0.35399488,9.394447,0.24793668
mp-20731,In2HgSe4,5.417461,4.950017,-2.5759907,13.991006,0.18289891,8.670256,4.9385667,0.0063473796,9.507079,0.24052672
mp-21374,Cd(InTe2)2,3.3841102,6.750203,-1.8248409,14.453518,0.1709217,9.517437,4.4352245,0.19207083,9.250927,0.27054226
mp-20832,Zn(InTe2)2,3.3467445,6.148389,-2.0901883,14.150549,0.1842306,10.118069,5.212429,0.25928465,9.712447,0.25228533
mp-27211,KSb4F13,14.355111,5.603622,-2.1267061,14.027495,0.1697542,2.64379,4.6338873,0.015054576,10.042708,0.25121516
mp-20790,InPS4,3.6301596,5.2422967,-2.5894644,14.12812,0.15523575,5.4446263,5.0081897,-0.26432747,9.581479,0.28222248
mp-28719,Ba(AuF4)2,3.8201466,5.0697546,-2.4450793,14.131075,0.16504478,2.610165,4.6622047,0.12005913,9.514084,0.26703307
mp-27854,TaCl4F,1.7763094,6.759971,-1.2593608,14.285032,0.18156235,2.659106,5.1736765,-0.057704967,8.810609,0.23614874
mp-23702,LiH2N,4.3408256,5.7939453,-2.2770865,14.094444,0.15948924,2.6805127,4.916551,0.17832801,9.450094,0.23798807
mp-22304,Cd(InSe2)2,3.74599,5.4753118,-1.1198379,13.802715,0.1762115,7.6106586,4.74681,-0.008374577,9.426216,0.2631218
mp-23485,Ag2HgI4,3.7462237,6.667202,-2.5672312,14.564083,0.17054324,5.323829,5.019885,0.31062976,9.616063,0.26426575
mp-29403,GaCuI4,1.5100561,6.675167,-1.7456805,14.032976,0.16158366,4.687948,4.8904867,-0.08024606,9.606846,0.268662
mp-3159,Al2CdSe4,3.1499803,6.5537224,-2.301257,14.136909,0.16683337,6.1636734,5.2137117,-0.23786207,9.936705,0.25116813
mp-3038,Al2HgSe4,4.8997254,6.6346207,-1.7669073,13.232989,0.16243929,7.188972,3.9502172,-0.28919148,9.119027,0.26343337
mp-3167,Hg2GeSe4,8.2412815,5.7557683,-2.8526752,13.374509,0.17317158,10.698101,4.84774,-0.64555323,9.910601,0.26977193
mp-30927,CsAs4F13,9.628151,6.3416986,-1.0766098,13.711035,0.15565911,2.278579,4.7529917,-0.06950784,9.819335,0.24600434
mp-3277,BAsO4,2.738054,7.1116667,-1.9274229,13.512393,0.16083221,3.0613344,4.6007495,0.1346579,9.622909,0.26136822
mp-34034,Ba8P5Br,18.659655,20.864666,1.33071,43.192173,0.066920005,8.697915,4.710722,0.14461179,9.413086,0.24284121
mp-33449,Tb5AgS8,16.264889,23.88438,0.3344038,44.728027,0.06432486,8.713552,4.711864,-0.29398033,9.590938,0.26225525
mp-34486,Pr5AgS8,20.539799,21.781664,0.60620695,42.71134,0.06712691,8.691661,4.959146,-0.2099303,9.082803,0.24670048
mp-33775,La5AgSe8,17.852383,25.364965,2.665395,45.209526,0.07176081,9.678638,4.8140125,0.39631927,9.568566,0.2590355
mp-37449,Nd5AgS8,18.412817,23.351753,0.624312,43.6202,0.06891661,8.734116,4.7160883,0.14824146,9.3474865,0.24643546
mp-36252,Nd5CuSe8,13.656825,6.1281896,-1.5655695,14.848319,0.16612019,11.103596,4.8930464,-0.10900341,9.679652,0.25428316
mp-38162,Sm5CuSe8,14.933675,5.3769956,-2.063417,13.181862,0.16723762,11.075661,5.010166,0.045951303,9.415435,0.26945928
mp-35264,Pr5AgSe8,15.216067,22.344479,2.1227462,45.139706,0.06398627,10.372736,4.44125,0.31523785,9.784064,0.2513518
mp-4152,Ga2CoS4,2.75572,5.6371064,-2.4674733,13.217319,0.17176954,8.494783,4.2855554,-3.761139,11.475687,0.18858676
mp-4452,Cd(GaS2)2,3.7011642,5.658076,-1.7214451,14.349871,0.17969483,5.8190985,5.2595835,0.04010211,10.165486,0.25582615
mp-35907,La5TlTe8,12.551762,24.556166,0.9203186,44.019154,0.074137,12.478593,4.1241884,-0.3229524,9.237225,0.24623977
mp-37829,La5TlSe8,15.621575,24.0827,0.63379085,44.652187,0.07628263,9.831566,4.961768,-0.12788707,9.81371,0.25247565
mp-35031,Pr5CuSe8,13.505615,6.6505404,-2.6708827,13.608897,0.19771159,11.022422,4.6133804,-0.0026200253,9.1675205,0.25141764
mp-3589,BPO4,2.325904,5.6875134,-2.2690618,13.967705,0.17684731,2.5860052,4.945765,0.006332086,9.855209,0.2530041
mp-37923,Sm5AgS8,16.91592,23.388718,0.37020126,45.26459,0.06792863,8.740515,4.6826997,0.41806406,9.247416,0.29071182
mp-3772,Cd(GaSe2)2,3.6134508,4.6160264,-2.113491,14.167528,0.18053208,7.444999,5.06526,0.032487787,9.634989,0.25102025
mp-38442,CsNd5Se8,15.789733,22.17681,2.6544905,44.78201,0.07293965,9.386532,5.382759,-0.009648375,9.773657,0.2707082
mp-4730,Ga2HgSe4,5.362248,7.0671616,-1.6656622,14.081293,0.16636038,8.779526,5.159218,-0.14798768,9.706158,0.2488598
mp-5350,Zn(GaS2)2,3.3761027,5.995758,-2.558605,14.445689,0.16466242,5.9086423,5.5992937,-0.26568958,9.428544,0.27613622
mp-4809,Ga2HgS4,5.5885196,5.2940226,-2.1286373,14.31866,0.18173885,6.6542387,4.912628,-0.39159277,9.625164,0.26157498
mp-557137,KCoO2,20.12485,22.395206,0.10905281,45.85832,0.07206448,6.621741,5.6893597,-2.987166,12.422112,0.17623958
mp-5928,Al2CdS4,3.2192466,5.723195,-2.314658,14.490189,0.17112334,5.01327,4.963273,0.21255313,9.538626,0.24675268
mp-540284,CuPO4,3.9425225,7.7671742,-1.4844439,14.386674,0.15300408,12.300875,4.5563755,-0.3404353,9.612024,0.24562608
mp-5046,BeSO4,2.0587623,6.2755456,-1.920868,13.335193,0.18225323,2.390122,4.870658,0.0096855005,9.4214525,0.23858942
mp-557954,GaN5O14,1.6742306,6.8365374,-1.8609716,14.903605,0.17688823,2.372573,4.2361965,0.1304552,9.070288,0.25209033
mp-677335,GaPO4,2.2768874,6.356628,-1.9751995,14.432473,0.1767081,2.403305,4.730836,-0.18929708,9.711879,0.24989055
mp-763098,Li2MnF4,2.5587225,6.2803755,-1.4711252,15.00771,0.16536656,1.9280661,4.3551235,-2.6543741,12.653332,0.16926265
mp-754594,VBO4,4.059562,5.7904654,-1.6177257,13.136967,0.17836687,3.6821249,5.1720543,-0.49616697,9.488048,0.2546983
mp-758196,Mg3(AsO4)2,6.2217784,5.646926,-2.5036345,13.966072,0.16864839,3.156712,4.5126085,-0.5215358,9.584553,0.24236089
mp-755718,Li2FeF4,2.6813147,6.0742507,-1.8439648,13.356141,0.15944354,1.9249699,5.033085,-3.156844,12.041378,0.16551436
mp-760343,FePO4,2.5261643,5.069675,-2.710551,14.357819,0.16203687,2.9113717,5.4106455,0.038124006,9.428304,0.25452808
mp-7907,Al2ZnSe4,2.8895688,6.3451796,-2.606535,14.328755,0.16384782,6.2891273,5.121505,-0.35429636,9.709832,0.2576662
mp-7906,Al2HgS4,4.9136276,6.5277233,-2.1434104,13.981303,0.15424137,5.7037473,4.7975025,-0.16494258,9.577589,0.24147856
mp-7849,AlAsO4,1.86876,6.61728,-0.9290036,13.947292,0.18213946,2.4202518,4.647232,-0.01449464,9.664687,0.24242328
mp-7909,Al2CdTe4,2.7353683,6.098857,-1.8133605,14.821309,0.17365994,7.983095,4.622697,0.02772266,9.55168,0.25641596
mp-7910,Al2HgTe4,4.185571,6.255136,-2.7874277,14.171775,0.17316,9.409222,5.0399604,0.2599784,9.307422,0.27303314
mp-7848,AlPO4,1.641019,5.405878,-2.3608453,14.290139,0.16243514,2.1362522,4.7808056,-0.42495188,9.673076,0.24171737
mp-7908,Al2ZnTe4,2.580495,6.1698246,-1.6427208,14.257187,0.18315706,8.271812,5.137032,0.28295887,9.951049,0.26309943
mp-866922,Ca2SnS4,2.8917985,6.1369114,-2.276012,13.88158,0.17269441,4.005894,4.5134706,-1.0658436,9.786144,0.2578133
mp-28177,NaSbCl6,9.0938425,6.1953554,-2.4157891,13.244633,0.1780358,2.8164546,4.569173,-0.53672963,9.601275,0.25479022
mp-8203,Zr(PS3)2,3.185728,7.1515565,-1.5863042,13.937566,0.1601172,6.053147,4.426492,0.23050651,9.613231,0.25524408
mp-571213,PNCl2,0.69118136,6.7385063,-1.6445246,14.241972,0.16089708,2.5496283,4.616808,-0.7281114,9.324409,0.27111074
mp-1183955,CsHS,7.3833733,5.5958223,-2.8903985,14.803528,0.1724447,3.3127527,4.8642335,0.052838035,9.865946,0.2294843
mp-1223306,La(Tl3Te2)3,47.43466,79.96222,3.7662842,166.36284,0.019285003,16.344442,22.146364,3.5870209,38.934677,0.08138293
mp-27782,XeIF7,1.4708045,5.6747904,-2.1570568,13.80374,0.1773683,2.3330688,4.0834002,-0.05756628,9.958578,0.2595213
mp-27539,La2ReO5,17.114431,21.57336,1.084273,43.834488,0.06776828,5.417724,4.049633,0.08562274,9.617554,0.2506745
mp-28698,Na4IrO4,5.2036715,6.084154,-1.8906175,14.1981535,0.16441004,3.834357,3.6116858,-2.2397268,11.838164,0.17202954
mp-34361,Tl9BiTe6,120.28623,74.258224,2.6824112,159.66039,0.022126218,20.990099,21.29029,0.3752717,41.83911,0.081789404
mp-560547,KCrF3,7.820596,6.8108816,-1.8997724,14.280552,0.17569527,2.4649587,4.301194,-2.175789,12.517658,0.18021627
mp-541771,Bi4RuI2,7.395007,6.0366783,-0.96285987,14.720588,0.15671685,10.539396,5.3882847,0.013774844,9.380325,0.24903096
mp-675989,Tl9BiSe6,124.79756,80.810394,11.264482,160.16058,0.024450611,16.740942,23.864017,3.2301104,40.14569,0.07650382
mp-570324,Rb2TeBr6,8.7060795,7.2493773,-1.6874331,14.368019,0.17784718,3.6859953,4.234089,0.36669672,9.583027,0.2446887
mp-676274,Tl9SbSe6,23.694454,23.313934,0.41780034,44.965633,0.069554344,17.04478,20.65702,3.8886921,40.514008,0.079079986
mp-1047036,Ca(AgO2)2,4.603958,6.1727037,-1.7827717,14.019543,0.16222017,8.474865,4.684272,0.2878333,9.9500475,0.26337165
mp-1095229,YNbO4,14.591283,4.6559677,-1.2522326,13.863987,0.1734991,4.810555,5.369855,0.046008747,9.637164,0.26017
mp-1047437,Ca(CuO2)2,3.9066675,4.0990095,-2.5844162,14.3263035,0.16458002,9.7754755,4.905263,0.24611223,9.50185,0.24800183
mp-22169,MoPbO4,29.402124,22.832104,-0.20861614,44.826347,0.068759575,5.121854,4.3482404,0.17837696,9.191335,0.23927204
mp-19426,CaWO4,8.390306,7.487067,-1.446388,13.9744215,0.16952811,3.8153799,5.0347166,0.020779228,9.841683,0.25641125
mp-19163,SrWO4,6.2362533,4.833503,-1.2180134,13.78644,0.17528446,3.5028586,4.2996225,-0.15008934,9.376442,0.25780857
mp-19330,CaMoO4,8.407638,5.5968103,-2.5318198,14.454971,0.16065654,3.942689,5.325553,-0.4656017,10.335143,0.28089803
mp-19048,BaWO4,5.864281,6.3798695,-1.783618,14.613199,0.1708304,3.3776338,4.464281,-0.5772415,9.406201,0.26087907
mp-19276,BaMoO4,6.534036,7.1952887,-2.529991,14.037711,0.17575186,3.4871535,4.8638287,-0.78428185,9.426312,0.25251245
mp-18834,SrMoO4,6.6208954,6.3424244,-1.6768608,14.721709,0.17390102,3.6099176,5.455702,-0.09149696,9.532138,0.2566683
mp-19039,CdMoO4,11.94831,4.907922,-1.8723154,13.655433,0.16492364,4.86358,4.503298,0.21247074,9.629546,0.2600488
mp-23450,RbIO4,3.3433292,4.7797375,-2.2692645,14.470219,0.18018761,2.577315,4.284202,0.12626408,9.821924,0.2468403
mp-27385,KTlCl4,5.9308,6.510352,-2.7379882,14.126804,0.18662022,2.858468,4.2037373,-0.15729457,9.584322,0.25341177
mp-23704,NaAlH4,6.2000685,6.476261,-1.2949733,14.565036,0.1703402,3.2177577,3.801478,0.51311207,10.009403,0.25590017
mp-23562,KIO4,3.667101,5.6161423,-1.3206519,14.635808,0.17159294,2.6724143,5.051172,-0.026722591,9.057355,0.2540397
mp-2898,Ca(AuO2)2,4.8471146,5.744813,-2.3713121,13.962612,0.17976293,6.7378664,5.2315884,-0.2172377,9.801961,0.25663057
mp-28567,LiBiF4,13.710793,6.3270836,-2.1534371,13.998312,0.19027722,2.852128,5.054335,-0.17600901,9.757776,0.25019133
mp-30228,Li4HN,6.4678164,5.985217,-2.5003078,14.457091,0.1738796,5.2927685,5.010898,-0.37690276,9.833918,0.25605133
mp-5078,SrZnF4,7.4987254,6.058216,-1.828626,14.519523,0.16603252,2.2718632,5.275887,0.14323038,9.373135,0.26966524
mp-3700,LiYF4,5.7425823,5.427705,-1.1723933,14.280992,0.18021378,2.314806,4.0823374,-0.18428417,9.766703,0.2567504
mp-4035,RbReO4,2.8449814,5.3701134,-2.5638099,13.23827,0.17260034,2.5401926,5.0846415,-0.042555317,9.333155,0.29091793
mp-5558,NaReO4,5.8755026,6.5172324,-1.4833558,13.899437,0.16853707,2.9323447,5.176757,0.24428958,9.748202,0.24340054
mp-7094,ReAgO4,6.022415,6.6168165,-1.6092106,13.538047,0.15832077,4.2810044,4.4616203,-0.061411027,9.776098,0.25892434
mp-7206,TcAgO4,5.9356728,6.2398367,-1.6242979,13.939648,0.1631506,5.160263,4.2114964,0.14354625,9.978596,0.2826467
mp-8042,ZrGeO4,13.769953,6.1382585,-2.3267791,14.816208,0.18476182,4.9984417,3.9911547,-0.12040166,9.569272,0.26938176
mp-7621,KTcO4,3.340865,5.9839935,-1.7842278,14.18173,0.16730772,2.6842978,4.658975,-0.11538895,9.57433,0.2692795
mp-9297,Ba(AuO2)2,4.438779,6.261113,-1.8055992,14.677264,0.16521671,6.415644,4.9570274,-0.27868387,9.535749,0.2656272
mp-772099,Cd(CuO2)2,4.271309,6.618513,-2.04433,14.273844,0.16085029,12.326103,4.4380407,-0.054115385,9.53745,0.26368466
mp-975115,RbTcO4,3.155429,6.338772,-2.209882,14.308024,0.16644661,2.6050465,4.1833673,-0.061549447,9.9198065,0.25015864
mp-9755,HfGeO4,13.20072,5.7372265,-2.0336242,13.356852,0.17638715,4.6769295,23.141657,4.13213,40.746277,0.08648471
mp-995226,H2CO,0.941209,6.2536364,-1.7807039,14.624852,0.1756892,2.2288518,5.0163813,0.15923789,9.962691,0.25866282
mp-995219,H4C2O,0.35717577,6.084924,-2.0429015,14.257388,0.18488461,2.1459513,4.596494,0.3299606,9.58569,0.24683079
mp-9298,Sr(AuO2)2,4.142613,5.835789,-2.866569,14.4607,0.15945552,6.417906,4.8637094,-0.43092188,9.222148,0.26744026
mp-10419,Na4ReN3,8.46083,6.816334,-2.3773887,14.0715685,0.16934308,3.9156723,5.416182,0.47031632,9.638683,0.2520354
mp-1078724,LiAsSe2,7.650499,6.530671,-1.7916397,14.497369,0.1727248,12.152089,4.8278513,0.16501817,9.858969,0.25789058
mp-1046724,CrPO5,5.4754796,6.305521,-1.4979061,14.316457,0.15422083,4.8159375,4.6908073,-2.612144,12.534159,0.18834065
mp-10519,Cu2SnS3,3.9637864,5.8852367,-2.2648845,13.589088,0.18822168,20.283228,20.502956,2.614265,38.862514,0.07523145
mp-1095291,Li2SnSe3,3.098334,5.971135,-1.6953825,14.153084,0.17213249,5.7161684,4.2323503,0.31803122,9.709836,0.24221274
mp-1020797,Y(PO3)3,3.5991123,5.434483,-2.9505546,13.965671,0.1843198,2.474741,5.1702137,-0.1686014,9.424047,0.28388897
mp-1210002,NaNbS6,3.659234,6.4518037,-1.6798083,13.952579,0.16427469,5.933578,4.6605425,-0.4381422,9.564922,0.2693098
mp-14659,KAsSe2,3.809211,5.2592,-2.6872363,14.433033,0.1689106,4.945238,4.9515195,-0.0823826,9.408,0.26923397
mp-18179,Cd4SiS6,5.548778,5.6012554,-1.5650928,13.294155,0.17346945,5.848643,4.694222,-0.18039982,9.283106,0.2521096
mp-20435,V(PO3)3,3.3681262,6.4510345,-1.2934356,13.979475,0.16978386,2.9313722,4.4309487,-2.6924744,12.027106,0.19687505
mp-18163,Cd4GeSe6,5.4390903,6.456957,-1.8526101,14.367095,0.15596482,7.5607014,4.497271,0.37773082,9.540041,0.24987882
mp-17791,Cd4SiSe6,5.4290047,6.2221365,-1.7185978,15.659985,0.1699683,7.220139,4.434249,0.0141864,9.212555,0.2477103
mp-18762,Na4CoO3,8.008744,5.9347296,-1.7510453,13.15737,0.16167426,3.503859,4.896823,-2.8759804,13.229646,0.15875237
mp-16839,Na3WN3,6.0497766,5.7598476,-2.3494146,14.203567,0.17816462,4.5621047,5.1659746,-0.10166347,9.669277,0.26185244
mp-28408,KTcCl3,2.2521062,6.3124466,-2.604957,13.326078,0.16219825,3.4984334,5.134815,-0.5016841,9.374991,0.25334153
mp-30126,Ba(BS2)2,5.1688576,5.6522117,-1.7173256,15.051375,0.15733863,4.7183795,4.622068,-0.0017833508,9.548342,0.23931846
mp-28261,Na4SnO3,5.2991915,7.0732994,-2.9124937,13.809057,0.17505062,3.7875087,4.688278,-0.01173185,9.483322,0.24602708
mp-28922,Ca2Si5N8,7.3904467,6.294964,-2.374961,14.495603,0.17571527,4.3273077,5.1523037,0.116056755,9.474331,0.24634586
mp-29163,Ag2TeS3,4.7268896,7.412896,-2.4317317,14.371889,0.17126617,8.339877,4.6826835,-0.37591845,9.678553,0.26271117
mp-504351,Mn(PO3)3,3.2733605,5.550507,-1.4633473,14.600303,0.16255896,2.9833384,4.301303,-3.1018977,11.978153,0.17588335
mp-36066,PNO,3.1635666,4.9787927,-2.3886702,13.56678,0.17272712,3.172307,5.484662,0.017428141,9.405775,0.25646994
mp-36053,SiPN3,3.8701885,5.9854965,-2.11019,13.9793215,0.15925282,4.208289,4.495137,-0.03167845,9.3940735,0.23379016
mp-36262,BrO2F,1.1369797,5.002588,-1.9893194,14.560909,0.16631979,2.5449905,4.9940834,-0.20185076,9.152887,0.24927114
mp-5151,Cd4GeS6,5.6130943,6.022993,-1.7312251,14.234291,0.17210318,6.071306,4.816016,-0.26526397,9.519477,0.26689407
mp-540440,FeP2O7,4.282673,6.3374453,-2.9281437,13.734771,0.1751507,6.128682,3.9100866,-3.4541059,12.499947,0.19917545
mp-541291,Na3MoN3,9.742347,6.167414,-2.1603172,14.455036,0.17049119,5.1068764,5.2542667,0.02157562,9.443156,0.27760148
mp-555313,ScBiO3,335.43713,344.85767,-87.68305,711.4986,0.0053034592,5.7917333,5.157501,0.33678266,9.507212,0.23441038
mp-555874,LiAsS2,7.4521523,6.8890514,-2.2064981,14.4142,0.1701992,8.531678,4.825941,0.29693618,9.935405,0.2543424
mp-556489,Ta2SnO6,55.2855,82.599075,3.0519376,153.16821,0.019264892,6.0545306,4.9460053,-0.18387397,9.428407,0.26124528
mp-556916,GaAgS2,3.328832,5.9453683,-1.9395685,13.825826,0.14054297,7.096211,4.772461,-0.78023416,9.248313,0.26675636
mp-570957,CsSiTe3,5.086268,6.4340515,-1.3732069,14.529012,0.15756825,6.732493,5.042282,0.6807164,9.297037,0.25751242
mp-625111,H8PtO6,7.8627567,6.0374966,-2.3340476,14.082312,0.1599425,3.9608078,4.3936167,-0.584752,9.833293,0.24889524
mp-625151,H7ClO3,4.0035706,5.1986775,-2.034013,13.628732,0.16640873,2.2599633,5.1180744,-0.5161305,9.635356,0.26072174
mp-625560,H7BrO3,4.91567,5.955515,-1.2834842,14.106904,0.17636801,2.581695,4.874355,0.40562034,9.666442,0.2601115
mp-690525,MnCO3,82.797104,80.11195,2.8314457,154.70467,0.01922712,3.1206944,4.361817,-3.4761572,12.369579,0.17153847
mp-685991,Li5SiP3,4.068003,5.3601294,-1.8978934,14.039711,0.18071736,7.2084775,4.93507,-0.17557764,10.039609,0.25409293
mp-677526,Rb2SeO4,4.6955147,5.826853,-1.6829342,13.871145,0.17609788,2.3847957,4.3234425,-0.019047938,10.075145,0.23570961
mp-675977,AgBiS2,888.1653,381.82642,-53.43709,633.0597,0.0040251976,32.64594,20.835957,4.8156247,40.23672,0.08246918
mp-752467,NbO2F,60.548756,85.48012,1.667715,161.30385,0.020141622,5.3754926,4.7931747,0.22685827,9.246796,0.24279499
mp-752973,LiMnF4,10.393786,5.2490997,-2.030761,14.256095,0.16299488,2.5084362,3.8495698,-3.313742,11.513721,0.17197813
mp-752561,SbO2F,9.363387,6.4974904,-1.9384944,14.940274,0.175647,4.1779017,4.3294024,-0.21009734,9.376975,0.2736427
mp-754014,Mn4OF8,4.766932,6.058289,-1.8557937,14.639563,0.16795278,3.804775,10.607862,-18.588017,36.361797,0.052724328
mp-754369,Na4MgO3,5.1280656,5.8211575,-1.9422784,14.012775,0.17082602,3.2600806,4.5345902,-0.30102667,9.901884,0.25920448
mp-755562,LiMnO2,12.033205,5.8468246,-2.1490293,13.610216,0.16235867,5.185032,4.8585396,-0.79595524,9.851948,0.26324895
mp-753567,LiVF6,2.2925339,6.181118,-2.3608584,14.449526,0.166372,2.1678448,5.003386,-0.061086256,9.442612,0.24693316
mp-753203,VO2F,27.401773,20.123785,-0.45866802,44.896774,0.07437879,5.368499,4.3234806,-0.047164213,9.856787,0.26304042
mp-756668,MnPO4,6.3800545,6.886037,-1.6725842,14.522376,0.17085955,5.172411,3.8110375,-2.9587512,11.586999,0.18459333
mp-756084,BaNa4O3,8.772289,5.839407,-2.818383,14.110454,0.18222244,3.5663142,4.785839,0.06355138,9.54384,0.27675942
mp-756090,BaNa4O3,104.130066,66.185616,1.5486369,152.28154,0.02295281,3.5548239,4.5843177,0.00021311361,9.500107,0.23696113
mp-756570,Rb4SnO3,8.087683,6.3245955,-1.8861779,14.47836,0.18078323,3.7883115,5.1384096,0.035611387,10.179749,0.26087108
mp-759469,VO2F,20.56879,23.220795,-0.08847724,43.91641,0.069121115,5.0609703,4.946435,-0.33032194,9.689675,0.25007415
mp-764074,Na2FeO3,6.9647827,6.209545,-1.5578249,13.746919,0.16484456,5.1691666,4.4878826,-3.5815482,11.81143,0.17205755
mp-760506,PNO,3.925633,5.955595,-2.2630358,13.130018,0.17346239,3.3339162,5.401743,-0.05510192,9.285949,0.24611323
mp-768269,Li3SbS4,4.1534715,6.4343195,-2.243682,13.660435,0.20592575,5.80487,4.7452745,0.3786552,9.175868,0.25294894
mp-777483,Ge2N2O,3.77717,5.2828417,-2.6725042,13.682233,0.17367725,4.4469347,4.640785,0.08295191,9.222944,0.24622633
mp-770192,Li2CrO3,35.643795,22.787119,1.875545,43.19621,0.07637668,7.348267,4.3108253,-2.812874,11.6167755,0.16863683
mp-777999,VOF2,7.56963,6.551689,-0.9946115,14.385165,0.18058689,3.8054047,5.0160494,-2.410189,11.924277,0.16739346
mp-8479,Tl4SiS4,21.308949,24.693129,0.5127566,44.560066,0.07559886,6.659523,5.1278467,0.10911451,9.77882,0.26558155
mp-778194,Ge2N2O,4.1562796,5.6201725,-2.1057193,14.212035,0.15479603,4.339312,4.7158785,-0.38266775,9.769143,0.26876923
mp-849770,CoPO4,4.6321025,6.8153276,-2.0370023,13.700583,0.16186835,4.2311935,5.0583334,-2.3876882,11.735905,0.188786
mp-866473,Ca4SnS6,6.293222,6.8647633,-2.1818063,14.090887,0.16577262,4.3665905,4.7043858,0.34426957,9.795983,0.25146773
mp-13843,Li2TeO4,5.938388,5.5923195,-2.4055648,13.663238,0.16919471,3.3851461,4.626703,-0.070649944,9.543712,0.28020176
mp-866943,Ca2SnS4,5.8534155,6.0284986,-2.111988,13.856956,0.16738094,5.413691,4.194868,0.11610634,9.622724,0.2617682
mp-775776,Li2VF4,3.5169973,6.115859,-2.082726,14.367596,0.1749038,2.14772,4.5982447,-3.6594777,12.263893,0.17922288
mp-772659,Li3CrO4,31.309345,23.951416,0.47330716,43.3261,0.06616431,6.0895543,5.490305,-3.1090698,11.839422,0.17995322
mp-18262,HoAgS2,12.830999,6.797142,-1.4136431,14.850132,0.16322972,7.1257396,5.2579813,0.1217743,9.209969,0.27698997
mp-18385,Lu2Si2O7,6.7666454,5.4091225,-2.527824,14.037843,0.17277294,3.3917844,4.8300714,0.08210981,9.641717,0.27597967
mp-14649,Tb2Ge2O7,8.084236,5.4256725,-2.5718052,14.744142,0.15142937,3.7626498,5.1090984,0.4975932,9.538531,0.2503746
mp-13643,Er2Ge2O7,7.957252,5.1611986,-2.1622303,13.942924,0.1700251,3.7268913,5.363117,-0.7101845,9.327162,0.26684713
mp-14708,Tm2Ge2O7,7.9325743,5.789626,-2.0761142,13.468625,0.16808236,3.721706,4.699604,0.33779177,9.262367,0.23746285
mp-29289,BaPt2S3,10.332602,4.93839,-1.2745647,14.28158,0.18322225,8.390954,5.481802,-0.115730435,9.580539,0.23441347
mp-31218,K3FeO2,7.6179614,6.5045843,-2.002729,14.232402,0.18072712,3.6982858,5.1095824,0.10786927,9.147074,0.2487797
mp-3427,LiAlO2,3.4565883,5.978316,-1.430843,13.670929,0.16093588,2.7319956,4.7864447,-0.17051022,9.505958,0.2556268
mp-559232,H2C3O4,5.1263347,5.6599045,-2.3289769,14.479509,0.15918128,2.1485295,4.0150824,0.12799145,9.671083,0.25831434
mp-505153,K3NiO2,8.840848,5.720875,-1.674754,14.503876,0.17263962,3.2630296,5.0853744,0.2533173,9.467278,0.25241947
mp-675006,FeOF,9.842176,5.2673078,-1.6538999,14.412389,0.16640684,4.7142806,5.2891464,-0.055918332,9.556175,0.24428698
mp-638424,Sb2S2O9,16.914665,6.3586826,-1.8211902,14.149753,0.16465305,3.4302592,4.808668,-0.012536947,9.150459,0.24199434
mp-768729,RbFeO2,7.31054,5.682266,-2.376264,13.421336,0.16545361,3.6894608,3.9776974,-3.7436297,11.867909,0.17228658
mp-754589,VOF,6.5269184,6.676569,-2.2312763,14.090165,0.16752511,4.647853,5.271196,-3.3931031,11.985647,0.18554674
mp-769953,Tb2Ti2O7,9.046755,7.400362,-2.5265543,14.257817,0.16507162,4.33573,4.837222,0.07946195,10.149416,0.25384018
mp-759601,MnOF,7.6746154,5.6006722,-1.8935331,15.035467,0.16937695,7.1657267,4.1056137,-3.207949,11.822584,0.18167776
mp-771260,Y2Hf2O7,8.323273,6.7193174,-2.0730371,13.584813,0.1670363,3.9016986,4.413316,-0.024894724,9.571491,0.25053185
mp-8346,Lu2Ge2O7,7.92023,5.8638115,-2.2269828,14.14553,0.16284916,3.701884,4.9553657,0.04690774,9.343269,0.24886334
mp-8537,S(OF)2,0.52578616,5.8164544,-2.9097762,13.720133,0.1780783,1.7995605,5.325515,-0.055394247,9.540739,0.2492405
mp-772840,Sm2Ge2O7,8.1235485,6.3481216,-1.6409507,13.816874,0.1511408,3.7810988,4.387371,0.27152157,9.692669,0.26151788
mp-37207,Li5GaO4,5.5388274,7.247801,-2.5706747,14.824833,0.15625215,3.0651486,4.517137,-0.2584901,9.032824,0.2718183
mp-753010,Li4CoO4,4.5879955,5.159812,-1.8380628,14.794901,0.18051499,4.198368,4.854087,-0.6096559,10.157139,0.26609957
mp-777589,Li2MnF4,4.22666,6.0089884,-1.8120477,14.625137,0.18026856,2.175827,4.2562556,-2.4941037,11.544698,0.18554696
mp-754222,NbFeO4,10.524768,5.484404,-2.1363277,14.185714,0.17590016,5.3031893,3.9932494,-2.7326884,11.985173,0.17063576
mp-558376,Na2Mn2O3,6.579901,6.9785776,-1.1998236,13.905784,0.16862722,4.4479795,9.8853,-18.10085,33.47349,0.05153869
mp-13546,Y2Ge2O7,8.006485,5.8209686,-1.9181685,13.88516,0.1626761,3.7447457,4.0289207,-0.2663913,9.349562,0.22232004
mp-29816,Ag2HgO2,2.0385342,4.8542423,-2.0061402,13.8755455,0.14531127,7.9876924,5.05983,0.23349175,9.524563,0.22542416
mp-554845,Na2Zn2O3,7.8076367,4.6945696,-2.345312,14.08236,0.17170958,4.0720396,4.744453,-0.04013862,9.622868,0.26224843
mp-29310,Si2H6Se,0.935139,5.56968,-2.1879606,14.714125,0.1707376,2.6837037,5.1791134,-0.46298796,9.290274,0.24945866
mp-752395,Ba2Na2O3,11.735723,6.1100664,-1.7285686,13.912446,0.1623176,3.9116948,4.5132895,-0.6198073,9.175161,0.25446102
mp-769025,K2Mg2O3,4.7637315,6.2494154,-2.049201,14.248583,0.16248737,2.9846652,4.6808167,0.12222149,10.051578,0.2478105
mp-1404968,CaCu2F8,2.874916,5.704776,-2.4445336,14.700557,0.17110308,2.8436294,4.6517367,0.21910466,9.537052,0.25839853
mp-37091,Sr(AlTe2)2,5.608759,5.7083187,-1.2406788,14.785032,0.17896454,7.3396072,4.5741844,0.46527675,9.511409,0.23747648
mp-38117,Ba(GaTe2)2,4.753863,5.7259808,-1.376661,14.121675,0.1786415,8.723859,4.931369,0.08768844,9.397602,0.26040268
mp-38394,Ba(AlTe2)2,4.2794347,4.94464,-1.7821122,13.707349,0.17322153,6.8969607,5.4582505,-0.04447176,9.426152,0.2746786
mp-33880,Sr(GaTe2)2,6.0499034,6.374482,-1.3673428,13.896439,0.17267114,9.678042,4.5067635,-0.32414803,10.243319,0.2719915
mp-677072,Ca(InTe2)2,86.79078,68.538246,-6.5127892,157.75189,0.021266107,10.681412,5.048847,0.21098995,9.19936,0.25325498
mp-33985,Ba(InTe2)2,5.489399,6.3579645,-2.122874,14.04891,0.17175198,8.636094,4.532982,-0.3492677,9.059688,0.24552488
mp-996959,LiAuO2,2.8739011,5.8898373,-2.3449001,13.596326,0.15879764,6.3762593,5.0484686,-0.23434705,9.686962,0.23815712
mp-1191586,Zn(BH4)2,3.100961,5.765422,-2.0082858,14.18161,0.18014309,2.1594439,5.0508747,-0.1129439,9.758251,0.24698032
mp-20459,TiPbO3,35.933212,22.249825,2.6246278,44.161346,0.076933235,6.439158,4.793347,-0.17141856,9.618604,0.25354233
mp-13108,SrHfO3,242.00659,280.12994,-47.850548,659.2286,0.0040648472,4.350414,4.3660536,0.061345655,9.7084875,0.24687229
mp-20032,VPbO3,12.18047,7.1604614,-1.4621638,13.880907,0.17929009,5.9908075,5.124226,0.1092612,9.425013,0.28878856
mp-4342,KNbO3,6.668174,6.7424364,-1.3504899,14.467935,0.15786381,5.6710176,4.750083,-0.25449625,9.740602,0.2457567
mp-545522,CoBiO3,35.241215,21.97536,-2.1862268,42.547028,0.06926277,6.681609,4.937402,-0.28193626,9.524028,0.2493042
mp-5986,BaTiO3,5.616452,5.4297676,-2.9908757,14.658652,0.183519,5.899674,4.823414,0.04452471,9.613889,0.25122082
mp-1041762,Zn2CuWO6,17.641878,24.136715,0.9770824,44.356575,0.07611068,6.6249003,3.6529784,-2.9091027,12.059494,0.17342192
mp-1041713,AlCr(WO4)2,5.7693315,5.5324726,-1.9713733,14.119345,0.17388126,4.2172604,4.065996,-3.7189293,12.460675,0.17813419
mp-1047188,Mg2SnWO6,20.072117,20.078117,0.7840028,43.220505,0.069542,4.8915987,5.4016323,0.03536959,9.773489,0.23079582
mp-1047560,AlFe(WO4)2,8.484048,5.9564075,-2.2626011,13.958972,0.15617901,4.5471478,5.383565,-2.8539844,12.646412,0.18722728
mp-1047724,AlCo(WO4)2,17.87887,19.309639,0.57734835,43.55636,0.06801857,13.257237,4.3503327,-2.8656204,12.12682,0.20420632
mp-1047490,YFe(WO4)2,21.598959,22.497448,3.2304924,44.34771,0.07480145,4.5366073,4.9334955,-4.1834793,11.582906,0.17370293
mp-1047387,YCr(WO4)2,12.254289,6.912977,-2.6409137,13.980437,0.15429628,4.704083,5.1438475,-0.73434854,9.499058,0.25705776
mp-1216423,VAg3HgO4,8.831745,5.7319717,-1.8207899,14.436343,0.17247587,7.2289705,4.724906,-0.30032468,9.640224,0.2483642
mp-1220802,NaHSeO4,3.3848333,5.4936147,-2.5462027,14.060467,0.16985078,2.5113328,5.3176203,-0.3618669,9.190851,0.24580613
mp-1220913,NaV2Bi3O10,17.362501,23.750854,2.5238929,42.670055,0.07275957,4.9851794,4.9614687,0.32900047,9.845569,0.25275847
mp-1222482,Li6AsS5I,4.1748967,6.59597,-2.5399892,13.447525,0.16538757,4.238012,4.7504444,0.23478591,9.402849,0.27600345
mp-1227442,Be2BH3O5,2.8401663,6.3765607,-1.6424844,14.625851,0.18361321,2.4720547,4.556824,-0.073056534,9.579857,0.24893388
mp-1227993,BaGa2SiS6,8.398776,6.7520857,-2.407288,14.809755,0.17804623,5.4264007,4.560854,-0.014318317,8.784816,0.24372746
mp-1227983,BaGa2GeS6,9.4413595,6.6642914,-1.8710171,14.317983,0.19906081,5.6584578,4.663155,0.19070058,9.536605,0.25585
mp-1344419,Li3Mn4(BO3)4,2.773806,7.3912787,-2.2746766,14.143976,0.18738286,5.139439,5.170186,-3.203664,11.924009,0.17520629
mp-1344128,Li6Mn2OF11,7.8910217,6.0288286,-2.2828515,14.569068,0.16619132,4.2263737,4.2190866,-2.9152062,12.040549,0.17546247
mp-1383360,Li2V2OF5,2.3568077,7.2360873,-1.4548656,13.780441,0.16829309,7.24098,4.5177093,-3.302362,11.989935,0.16133906
mp-1399089,Zn2MoWO6,10.439039,6.0164824,-1.3964539,14.318609,0.16274928,29.593891,6.8335266,-17.631628,35.2932,0.059962995
mp-1392236,MgVPO5,11.799725,5.116744,-1.6798058,14.682583,0.18010272,3.6402287,5.9290257,-3.1290414,12.709527,0.17522883
mp-1391233,Ca2MnWO6,15.673775,22.697407,1.9024677,44.561096,0.07284425,4.5676904,5.0095778,-3.7442248,12.230208,0.17308925
mp-1378984,Ca2YSnO5,14.992998,6.2504387,-1.8697692,13.022247,0.16618611,4.440299,4.0080433,0.18413468,9.6821995,0.26628974
mp-1445093,Ca2CrWO6,16.699942,23.007248,0.6038974,44.01876,0.0839594,5.0890746,3.982948,-2.1239135,12.432344,0.18201311
mp-25289,LiCo(WO4)2,21.626604,22.504461,0.08766099,42.898655,0.07915507,6.5727725,4.360828,-3.2545457,12.134772,0.17929602
mp-26173,LiBi3(PO5)2,23.58436,23.149055,-0.9180731,45.608894,0.07811894,4.1731977,4.5827923,0.01603359,9.554172,0.2580471
mp-26326,LiFeP2O7,6.541269,5.802657,-1.6390939,14.165682,0.16259341,3.202537,4.6336775,-2.883811,11.809978,0.17384282
mp-31960,LiMnP2O7,4.524345,6.2525444,-2.913774,14.422354,0.15060082,3.3248515,4.1213713,-2.721407,12.452473,0.16643223
mp-556002,Li6Cu(B2O5)2,5.478795,5.288455,-2.5059705,14.851051,0.16981836,2.9762683,4.578679,-3.5503936,11.870216,0.16238394
mp-541152,Al2Si2H4O9,3.2169728,6.8177137,-2.2656229,14.108768,0.15663216,2.5576978,4.859963,0.20511892,9.486909,0.26034963
mp-556640,CuBi(WO4)2,27.415766,24.983147,1.5518885,42.985703,0.0797147,6.2227607,5.013321,0.28669378,9.52514,0.25789973
mp-558808,LiAl(SiO3)2,1.9854249,6.7836866,-2.6801364,14.320496,0.1685843,2.1675992,4.4479,-0.18990427,10.135357,0.2784329
mp-570693,SbSe3N2Cl7,7.0532265,5.454707,-2.765095,13.68321,0.15689836,3.190551,4.5305586,-0.025069868,9.120339,0.25275987
mp-672966,LiCu(PO3)4,3.135755,7.1599708,-2.0893512,13.50852,0.17904045,4.542749,3.7802818,0.53207594,9.89906,0.25047174
mp-673624,MgNb2(PbO3)3,574.95355,342.6128,-50.379486,645.91345,0.0049347836,6.7785864,4.6665297,-0.088957675,9.497345,0.2535752
mp-696308,B3H7CO,0.52149385,6.88237,-2.7159247,14.44756,0.14989096,2.3137534,4.93377,0.20137666,9.664079,0.25195724
mp-697114,MgH12SO9,11.8206625,6.151332,-1.8683063,14.55276,0.19242567,2.4831069,4.6593313,0.3846461,9.821403,0.2619967
mp-722455,RbLi2(H2N)3,11.610855,7.5148506,-1.7277935,14.224623,0.17142892,2.7893877,5.147086,0.5956669,9.542549,0.2695156
mp-752632,LiMn2(CO3)4,11.700506,22.36428,2.9355419,43.57257,0.07647279,3.674798,4.977569,-3.0162327,12.144815,0.18786761
mp-752801,Li3Mn2(CO3)4,5.9523892,5.7521057,-1.7205223,14.069956,0.16917785,2.8776655,5.666704,-2.8634536,12.240669,0.18765816
mp-752644,Li3Fe2(SiO4)2,3.9391541,7.192804,-2.67642,15.090743,0.16891214,3.1909604,4.322689,-3.588498,11.985901,0.17674866
mp-753224,Li3Co2(GeO4)2,6.996762,6.2517233,-3.3683922,14.938585,0.1883891,22.087984,11.041228,-20.886007,34.644493,0.052670717
mp-753323,Li4Mn2OF7,4.6966686,6.1432133,-2.2592866,13.882948,0.18010406,2.584989,4.7180786,-0.059784207,9.276184,0.27328533
mp-753419,Li3Mn3O5F3,5.6602926,7.251931,-2.4107265,14.039562,0.1640964,4.294387,3.8978984,-2.2623577,11.841722,0.17936537
mp-752966,Li7VO5F,10.347388,6.0985823,-2.3346946,14.207227,0.16323294,3.4625978,4.3111954,-2.883488,11.825462,0.17830907
mp-753440,LiMn3(OF3)2,3.7925756,5.581405,-1.9637411,13.835684,0.15917115,3.1691954,4.5463476,-3.2882812,12.187744,0.17584342
mp-753364,Li2MnO2F,9.361596,5.104783,-1.5935496,13.735202,0.17289662,5.4895444,4.8538623,0.17220235,9.711642,0.26940316
mp-753370,Li3MnSi2O7,5.3594246,7.0366297,-1.457749,14.353992,0.14969346,3.5276127,4.324975,-2.6310203,12.411941,0.18036784
mp-753735,Li5Mn5O9F,15.151355,23.783361,1.8595972,41.40385,0.06984582,5.1569915,5.2872143,-2.4964817,12.10809,0.16990344
mp-753476,LiMn2(PO4)2,5.973329,6.207471,-2.601965,14.030403,0.15315002,4.107231,5.053284,0.09953039,9.450228,0.28768075
mp-753557,Li2CuSbO5,7.9718814,6.275387,-1.9185841,13.984932,0.16734722,7.965369,4.6627884,0.29287985,9.627398,0.26024315
mp-753641,Li3V2(CO3)4,3.0396917,4.9891653,-1.6183226,14.20954,0.16542102,2.7847342,5.1788116,-0.1256918,9.00782,0.25851718
mp-753715,Li4Si2NiO7,3.3848467,6.9136543,-1.4251516,13.531195,0.17352657,2.975127,4.948307,0.0008123283,9.429509,0.24067703
mp-754552,Li3Mn4(BO3)4,4.7812986,6.3222585,-2.078264,14.025478,0.16126314,3.8596938,5.1327114,-3.3687682,11.741394,0.17361528
mp-754308,Li3Cu3(PO4)2,8.710848,6.267978,-2.682399,13.247921,0.17236125,3.6139657,4.0415816,-0.24547173,9.782756,0.26803792
mp-754406,Li2CuPO4,4.2693553,6.120141,-1.6260604,13.784226,0.17930804,3.1910276,4.141574,-0.41217595,9.776844,0.26238695
mp-754445,Li2Ti(BO3)2,4.7992296,5.699359,-1.8155395,14.995352,0.18363234,3.1808083,4.552123,0.19509628,9.479017,0.25237614
mp-754467,LiV2(OF)3,21.538406,22.272491,-0.12845074,41.213795,0.069942474,5.3041606,4.7129755,-3.3850906,12.146282,0.1651526
mp-754519,LiNb(TeO4)3,78.10501,69.46701,-4.8151903,158.59935,0.01998086,5.574092,4.6452436,0.036664702,9.4200735,0.26516864
mp-753994,Li2MnSi3O8,3.6462488,6.510265,-2.494441,13.913936,0.17483929,2.5535045,4.7669945,-0.0016777143,9.639621,0.268969
mp-755337,Li4NbFe3O8,4.156664,6.7215204,-2.9051175,14.425003,0.18260866,3.730766,5.0558596,-3.5295677,11.798451,0.18841013
mp-755425,V2P4H3O16,13.7520075,22.633345,-1.0393487,43.301346,0.070061296,4.9554873,4.142065,-3.7099547,12.758226,0.18254633
mp-755130,LiV4O5F7,11.202463,6.0021143,-2.3701541,13.843176,0.1648871,4.60078,4.0040126,-4.0867443,12.002131,0.17759942
mp-755571,Li2VGa3O8,4.1819544,6.931429,-1.9857998,14.815814,0.15872706,3.4011467,4.489013,-0.3483988,9.696941,0.2683447
mp-756075,CrTe(WO6)2,12.904787,5.895174,-0.9745293,13.995111,0.16676688,5.9952545,4.95499,0.24243085,9.761631,0.27063558
mp-756775,Li4CrGa3O8,4.2233176,5.512393,-1.3735677,14.000032,0.15960349,3.5465205,4.895877,0.10671045,9.778834,0.24382418
mp-756912,LiZnBO3,4.791958,6.1175156,-1.6616625,13.662769,0.1879342,3.0326252,4.6929955,-0.32842806,9.277531,0.26952133
mp-756353,LiFe3(OF3)2,5.8286614,5.6552806,-2.7171478,14.578663,0.17914085,2.8879325,3.9881635,-3.0156236,12.06324,0.1830475
mp-756793,Li2Nb4ZnO12,36.723766,23.476425,0.62228674,43.398796,0.07448783,5.623308,5.1848164,-0.030464174,9.868009,0.2582094
mp-758949,Li2VGa3O8,4.112152,6.9944525,-1.6920388,13.938495,0.1699559,3.3984485,4.877278,0.32645944,9.789642,0.25844938
mp-759375,LiMn2(BO3)2,5.2539096,6.383569,-2.1530979,14.697195,0.17207532,4.7703977,5.327173,-3.453667,12.312769,0.18871242
mp-759593,Li5Mn3O5F3,15.929462,23.831232,3.1562788,44.879078,0.06693907,3.9038627,5.153553,-3.2327816,11.68443,0.17529698
mp-759788,Li2VO3F,15.657621,23.822723,3.1193051,45.805553,0.0654992,3.8904648,4.722459,-0.065792106,9.64125,0.24572198
mp-760066,Li8NiO5F,8.132065,5.4632206,-1.4109956,14.310898,0.15778679,3.923391,4.852284,0.36662647,10.053466,0.26038146
mp-760137,Li7V(O2F)2,7.21781,5.872313,-1.2746998,14.695401,0.16097546,2.9894578,3.804243,-2.9419022,12.545972,0.18762155
mp-760307,Li7Mn(OF)3,7.1561766,5.5611567,-1.9668114,14.167684,0.18919703,2.6431031,4.7550917,-0.30081025,9.352601,0.25695312
mp-761098,Li3Cu3(PO4)2,12.003529,5.692552,-2.579059,13.740863,0.18737431,3.6141467,4.7451706,-0.10725476,9.536421,0.25090083
mp-761711,Li4V3SiO10,3.9260519,5.8445444,-1.9308368,14.094405,0.16323516,3.4507966,5.1762476,-2.7197819,12.069029,0.18349142
mp-761280,LiV(TeO4)3,25.236929,22.302895,-1.2717531,44.567356,0.07299288,6.494884,5.3568,-0.43815902,9.511981,0.24608794
mp-761849,Na5Li3Ti5O14,38.66481,24.190598,0.7479277,43.522045,0.077497914,4.455589,4.70096,0.289181,9.703814,0.2533091
mp-763318,LiCo2(BO3)2,8.976257,6.091406,-1.5036063,14.413816,0.16338582,4.826417,4.594377,-3.192115,12.347915,0.17768207
mp-762649,Na3LiMn5O9,8.140547,6.116091,-2.0171294,13.70219,0.15937577,7.1622243,5.418769,-3.3772993,11.775462,0.18690729
mp-765119,Li8Mn3CrO12,13.541043,6.019212,-1.6684242,14.230631,0.16834736,6.857401,3.4509418,-3.670071,12.450078,0.18148299
mp-765046,Li4V2OF7,4.216968,5.989659,-2.0839667,13.370563,0.16729146,2.7325022,5.111848,0.08401994,9.501242,0.24215221
mp-767779,VCr(P2O7)2,7.4899864,5.4107485,-1.8897458,14.986055,0.1735888,4.2919555,5.0195208,-0.120084785,9.348662,0.25800526
mp-767722,VFe(P2O7)2,8.685722,22.387262,-0.62191755,45.46816,0.077122115,4.287439,4.6528053,-0.37177002,9.112419,0.23374094
mp-771646,Li4VGa3O8,4.3742514,5.2473183,-2.3615794,14.997394,0.17039964,3.494912,4.395653,-0.48173586,9.943345,0.2526735
mp-779539,Li2CuPO4,4.4275975,6.319676,-2.1609015,14.303477,0.17988864,3.1767943,4.8689694,-0.20054463,9.522932,0.23697166
mp-780737,SrTaNO2,515.21954,321.40015,-93.59086,725.50244,0.004489817,7.2784867,4.670289,0.00019529823,9.10787,0.24273475
mp-781754,Li3Mn2(P2O7)2,9.498563,25.286114,1.9058502,44.611595,0.07099164,37.37374,152.87402,-16.711357,284.5888,0.011950019
mp-850922,Li3Fe2(SiO4)2,4.012558,6.757799,-2.5540404,13.786767,0.17343296,3.218516,4.9006414,-3.4060643,12.682987,0.16988897
mp-1216579,Tl2BiSbTe4,107.29421,86.11723,5.323873,151.76154,0.021906735,26.687468,19.982037,3.8502846,39.827988,0.075730614
mp-560149,SrFe2(SeO3)4,7.3315926,6.2479825,-1.4783593,14.26532,0.16413522,3.9875767,4.6963944,-2.2825503,12.383165,0.18853721
mp-643708,LiH2IO,7.304665,6.1311903,-2.3251805,14.216307,0.18016839,3.3411815,4.7338047,0.6078018,9.739861,0.2462634
mp-767668,Li9Fe5(SiO8)2,21.444632,26.839334,-0.6978459,44.078636,0.07430387,4.2306795,4.588869,-3.7659075,12.083487,0.1645287
mp-766938,K3Li2Nb5O15,166.18555,347.9822,-59.952137,703.9768,0.004881629,5.3250537,4.471326,-0.0886999,9.228713,0.26919153
mp-6081,Ba2Ti(SiO4)2,12.719001,5.959523,-1.2723403,14.770677,0.17280649,3.3156676,5.1912947,-0.54772705,9.444749,0.2452725
mp-15983,Ba2NaNb5O15,60.233456,72.71628,-1.6888769,163.77748,0.020911919,5.5234513,4.9125266,0.2554311,9.362854,0.2512609
mp-18935,K2V(PO4)2,4.4543343,6.442892,-1.6580172,14.385394,0.17355147,2.656744,5.0774026,-2.9022012,12.208737,0.17631668
mp-6289,Ba2Ti(GeO4)2,23.842611,23.83291,0.9205919,42.955013,0.062865995,3.4514694,4.563547,-0.1830025,9.370779,0.24999559
mp-19329,Na2V(PO4)2,10.282633,5.0324764,-2.2746239,13.995689,0.159749,2.70355,4.8962173,-3.3977394,12.120569,0.18516149
mp-1216355,VCrSbO6,12.6038065,7.2063684,-1.6771824,14.573159,0.16287293,6.297823,4.6316366,-0.2631796,9.81676,0.27556115
mp-1216330,VFeSbO6,20.240965,21.479448,0.48780468,45.632244,0.075033054,6.3972836,5.595607,-2.9933102,12.032667,0.19620071
mp-1226180,CrSnSbO6,6.667725,6.29179,-1.4429078,14.291992,0.17614804,4.885159,4.538233,-0.3854312,9.301255,0.27107486
mp-1222326,LiMgCoF6,5.2196426,6.3357944,-1.3757532,14.121944,0.15766974,2.6010933,4.417268,-0.11905983,9.764428,0.2415676
mp-1222366,LiNiRhF6,2.8493066,5.3920183,-2.5131283,14.699838,0.17124069,2.915995,4.3200674,-2.5604644,11.952754,0.19373372
mp-1222336,LiZnRhF6,3.835084,7.341387,-2.035513,14.473374,0.18343133,2.960962,4.532735,-0.11148651,8.958139,0.25777373
mp-696125,Li10Si(PO6)2,9.097002,5.8749156,-2.6982214,14.178386,0.18607719,2.5193803,4.5679235,-0.30865672,9.382228,0.24048011
mp-696130,Li10Ge(PO6)2,8.604188,5.8813295,-1.6712216,13.685467,0.17435427,2.584795,4.0321965,-0.018387774,9.068604,0.22341548
mp-705516,Li10Sn(PSe6)2,13.181263,24.386578,2.3125079,45.14154,0.0759594,5.179568,4.516471,-0.6188523,9.514949,0.24679513
mp-695960,NaZn(HO)3,4.2962976,6.3658075,-2.1509778,13.793546,0.18850084,2.6705997,4.564779,-0.42997748,9.5065565,0.24574806
mp-1025276,Sm2AlNO3,28.947128,24.564926,2.6205268,42.5347,0.06559888,5.775044,4.273982,-0.423186,9.856674,0.25779954
mp-1227238,CaBiIO2,17.997192,22.270304,1.3913217,44.745613,0.06661764,5.5300703,4.719159,0.10190925,9.843698,0.25819907
mp-546679,Nd2AlNO3,26.869104,19.680214,0.8469016,42.07371,0.07665831,5.973429,4.262292,0.28498772,9.670931,0.25385976
mp-545359,KNa2CuO2,6.082158,6.322958,-2.6881733,14.967761,0.17919429,3.3397722,4.2939787,-0.09292154,9.278172,0.26065648
mp-556898,VZn2P2O9,4.466401,6.4158354,-2.44271,15.002106,0.17821774,3.1042438,4.735817,-2.9208,13.0917425,0.18631658
mp-10555,Ba2LiReN4,9.272005,6.1284943,-2.5696514,14.448846,0.17021056,5.3280735,4.953085,-0.13918076,9.151174,0.25523686
mp-10556,Sr2LiReN4,9.19736,5.93734,-2.3240108,13.764225,0.1690565,5.2698207,4.7951565,0.3316823,9.727364,0.2467759
mp-1101793,YSeO3F,5.317098,7.4495497,-1.8009456,14.051604,0.16101716,2.977432,4.5722265,0.07502066,9.362214,0.24443123
mp-11115,RbCuPdSe5,4.6014767,6.6160784,-1.4980321,13.324665,0.16118309,8.877667,4.567356,-0.20361207,9.812889,0.27478313
mp-11114,KCuPdSe5,6.1100492,5.343229,-1.8185819,14.34186,0.17447346,9.427545,5.0086737,-0.18529959,9.56471,0.27673692
mp-1189974,LiLa(CN2)2,8.0264225,6.5283923,-1.3907205,14.24715,0.16078867,4.2762895,4.4334965,0.32153687,9.373034,0.25717044
mp-1209088,RbYBeF6,5.227767,5.8356733,-2.0359082,14.194737,0.16743952,2.2002954,4.9182777,-0.17591538,9.478073,0.25854546
mp-1211247,KYBeF6,6.175953,4.640399,-1.8428695,14.042271,0.1751137,2.1607912,5.4194536,-0.35211548,9.526798,0.25453338
mp-1209982,NaMoO3F,8.768721,5.387288,-2.3406773,13.634277,0.16652308,3.3353248,4.4451466,-0.0796428,9.607283,0.25480905
mp-1539853,LiV(OF)2,34.1716,24.493612,-0.37858143,42.68668,0.058823448,3.942911,4.863396,-0.1394031,9.649237,0.26638925
mp-19447,Cs2NaVO4,6.733943,5.945838,-2.2672887,14.461955,0.17943172,2.9978445,5.2757273,-0.11110962,8.975009,0.24414073
mp-24007,Rb2HBrO,5.0116577,6.180525,-1.5266167,14.686989,0.15344213,2.4548094,4.696699,0.012122612,9.891501,0.2558447
mp-18873,Rb2NaMnO4,5.7044826,7.387289,-1.6615391,13.312249,0.1623841,2.9530864,4.292327,-3.263356,12.336283,0.17974873
mp-24589,K2HBrO,4.3021846,6.4778233,-1.5958503,13.783504,0.17214154,2.459636,4.9430666,-0.25049752,9.928025,0.25403717
mp-550553,CdBiClO2,10.943259,5.7276726,-2.056938,13.932515,0.15708141,4.500558,4.9749875,0.1890633,9.539505,0.2624695
mp-553025,CaBiClO2,11.213951,5.632701,-1.4761868,13.952193,0.16881752,3.9815736,4.797621,-0.16591802,9.390886,0.27737138
mp-570803,Ba2Ge(TeSe)2,8.511096,5.5619106,-2.9597542,14.528123,0.17413273,6.9308915,5.0918827,-0.16742098,10.063213,0.25691178
mp-570706,CsTiCu3Se4,4.660546,6.232911,-2.2706106,14.613935,0.18951114,6.8612785,4.675519,0.024661897,9.763152,0.24466106
mp-561048,K3VSO3,4.7316637,6.0201817,-1.9002166,14.254153,0.1669148,2.9694486,3.9851704,-0.06538756,8.974998,0.26127002
mp-696949,Li3TeHO4,2.663428,6.737922,-1.4824066,13.604212,0.16112605,2.9245458,4.8175297,-0.16261247,9.461608,0.29465005
mp-697181,CsLi2(HO)3,6.482206,6.5212417,-1.3293226,14.494206,0.17808145,2.626513,4.6456547,0.16189137,9.874074,0.28426823
mp-6384,RbSO2F,3.4455414,4.778489,-2.068305,14.265185,0.18109545,2.1790376,5.0238857,-0.33851165,9.0911875,0.24074784
mp-6560,KSO2F,4.3952384,5.5497994,-2.6530576,15.176567,0.16768797,2.2169387,4.9861097,-0.03240548,9.822074,0.25580466
mp-643791,RbP(HO2)2,5.967396,6.1707497,-1.8738112,14.76902,0.18519548,2.3178875,4.257388,-0.3000016,9.398008,0.26555923
mp-643259,Li4H3ClO3,2.4816256,5.8367887,-1.5393718,13.034179,0.18574159,2.2638755,5.0033507,0.06297926,9.912199,0.25219965
mp-753690,Li4H3BrO3,2.394772,5.772236,-1.9992118,14.583154,0.15737806,2.4027886,4.4437227,-0.065532185,9.389789,0.23679507
mp-9509,K2PAuS4,4.5772333,4.523763,-1.4228992,13.767012,0.15548462,4.139464,5.075099,-0.07694896,9.980341,0.24001734
mp-9510,Tl2PAuS4,22.135586,22.1602,-0.050767988,44.309925,0.08088566,6.478347,5.5011525,0.122821644,9.896699,0.2448604
mp-9205,KSeO2F,4.1285872,7.0493984,-2.2545192,14.408131,0.16436861,2.449571,5.083802,-0.3227736,9.556839,0.25495297
mp-9511,K2AsAuS4,11.417513,6.1423516,-1.7124382,14.720741,0.17027426,4.4085712,4.430457,0.25031948,9.434364,0.24256337
mp-8314,Cs2NaAsO4,6.5734916,7.395916,-1.4930795,13.087755,0.18291761,2.8395336,4.9046364,0.27995723,9.692349,0.26462233
mp-9780,RbHfAgTe3,11.436107,5.741578,-1.9925184,13.787038,0.16939905,9.109068,4.7435436,0.13565741,9.595493,0.28818688
mp-1191240,Sr2ZnSi2O7,6.1962037,7.6947126,-2.0121129,13.870974,0.16680233,2.969474,4.7757993,0.2494257,9.271027,0.293474
mp-1013911,Na2CoP2O7,14.298071,5.6139836,-1.8914171,15.151793,0.18357572,2.5790224,4.642042,-0.22995535,9.883434,0.2541153
mp-12240,Na2LiBe2F7,6.8983846,6.072135,-2.1651015,13.208352,0.15859775,1.8025613,4.005706,-0.23628484,9.663121,0.26006418
mp-14415,Pr2Be2GeO7,8.476847,7.273295,-1.5722475,14.834236,0.15905957,3.863111,4.5352364,0.36189467,9.599176,0.26163885
mp-15748,Sr2CuSi2O7,6.697055,6.693206,-2.0062695,14.443443,0.16998313,4.7599626,4.421843,-3.4213698,12.172435,0.1819591
mp-14420,Er2Be2GeO7,10.509198,5.215434,-1.5844961,14.784739,0.16760126,3.750899,5.3038044,0.091908544,9.210261,0.24411385
mp-14416,Sm2Be2GeO7,8.855721,5.5913315,-1.9185373,14.613653,0.16314608,3.827373,4.4954524,0.19103353,9.680111,0.24428385
mp-22067,Ba2CuGe2O7,7.1551085,5.4026804,-2.1588233,14.4237,0.16272633,4.7835016,5.3848677,-2.6139364,12.019848,0.18113697
mp-18596,Ca2ZnGe2O7,12.619439,7.6193604,-2.3650746,14.439267,0.1733817,3.3165917,5.1519547,0.053335324,9.451908,0.24959178
mp-17265,Sr2CuGe2O7,8.337252,6.6663914,-2.01936,14.360818,0.1566163,6.3955383,4.7382984,-2.3980613,11.823447,0.15938511
mp-20778,Dy2Be2GeO7,10.067131,5.6302843,-1.6019822,15.01664,0.17358243,3.7752676,4.2209272,0.05215169,9.986964,0.23401114
mp-19926,La2Be2GeO7,10.159029,6.0595646,-1.4562821,14.828235,0.1724862,3.9006944,4.873377,0.08140648,9.719812,0.2516154
mp-18786,Ca2CoSi2O7,68.10119,89.24455,4.613345,166.16982,0.021453606,125.79579,138.46626,-11.057998,281.59418,0.00915365
mp-17392,Sr2ZnGe2O7,7.302964,6.393032,-1.6224238,14.002067,0.18489875,3.229643,5.1774874,-0.01687233,9.512007,0.24847719
mp-23778,H4CN2O,1.4405187,5.847787,-1.838425,13.855223,0.1709976,2.3492033,4.7888412,-0.26496696,9.687453,0.23306027
mp-554108,LiRe(OF2)2,5.7488565,5.5762672,-1.3525026,14.4823,0.1608467,2.5750473,4.6643248,0.053346604,9.851008,0.23566079
mp-32244,LiNbWO6,180.77548,77.993835,4.2220507,163.03183,0.021459032,5.341912,4.475005,0.06924056,9.891068,0.26192012
mp-541040,Y2Be2GeO7,9.670407,5.8102064,-1.750121,14.253542,0.17731749,3.7807262,4.4607115,0.15065482,9.644097,0.2412829
mp-6208,Ca2BeSi2O7,6.171678,6.2399664,-2.3946185,13.349965,0.17645293,2.9924555,5.2837343,-0.40295297,9.8295355,0.251221
mp-555560,CdTeMoO6,19.07313,24.040123,0.123857275,43.25025,0.064758204,4.6512012,4.804176,-0.19203722,9.284673,0.27557373
mp-6564,Sr2MgSi2O7,5.9046946,5.8211327,-1.7679309,13.908076,0.15926728,2.8353164,4.3469715,-0.2021314,9.744715,0.2574684
mp-559691,Ca2Al2SiO7,6.8656344,6.461129,-2.1872234,14.483824,0.18255171,3.007225,4.4391646,0.048694048,9.382898,0.29298356
mp-6227,Ca2ZnSi2O7,9.839359,5.538549,-2.2427602,13.483375,0.158366,3.0225444,5.1921034,-0.5461703,9.800136,0.23755476
mp-6094,Ca2MgSi2O7,9.851093,5.4337883,-1.9921206,14.308087,0.16435467,2.8804996,4.4376936,0.13435183,9.651925,0.24962607
mp-6655,Y2Be2SiO7,8.028387,6.2457895,-2.3662612,14.429174,0.177181,3.615142,4.9875555,0.27892572,9.70491,0.27166525
mp-9338,Ba2MgSi2O7,5.3127227,7.663045,-2.0001903,14.301952,0.17042321,2.9419363,4.5900826,0.21076246,10.206919,0.24195799
mp-976707,H4CN2O,2.5388086,6.0783796,-2.3095095,14.061739,0.15316187,2.1067226,4.7490993,-0.1733222,9.067286,0.23270424
mp-972387,Sr2MgGe2O7,6.7679095,6.2178383,-1.9354844,13.316729,0.17093666,3.0589569,4.6551876,-0.07674348,9.364728,0.27377844
mp-9077,Nd2Be2SiO7,7.6336994,5.8697367,-2.3198688,13.909148,0.16410695,3.6970668,4.6116247,0.3815124,9.134172,0.2541063
mp-752851,Ca2SiB2O7,6.4797854,5.9866743,-2.033269,14.834829,0.16446912,3.1445606,5.200582,0.5899345,9.561256,0.2380225
mp-850195,Li2MnP2O7,4.5150437,6.8407345,-1.5155275,14.694561,0.16494177,2.5222218,4.618497,0.09544866,9.407777,0.24375783
mp-6941,Y2Si3N4O3,9.807091,6.1659555,-2.0017564,13.398011,0.1713634,4.49592,5.209175,-0.06341846,9.18347,0.24124345
mp-1217925,TaNb(Cu3S4)2,0.29186803,5.1365843,-2.25796,14.549438,0.15966061,6.1447935,4.126876,-0.53870916,8.961167,0.26284054
mp-1217849,TaV(Cu3S4)2,0.32537112,5.3041954,-1.3090041,13.558962,0.16931938,6.507581,5.7404976,0.3898659,9.29461,0.2682376
mp-1222661,Li2MgCdP2,6.1726513,7.373683,-1.3946208,13.884288,0.18144116,8.449289,5.168189,0.13984545,9.481391,0.24136056
mp-1219557,RbMnCuS2,5.365493,5.374483,-2.051303,13.634297,0.16736732,5.7862334,4.715831,-2.793895,12.194728,0.16908427
mp-1219554,RbLiZnS2,6.1510034,6.3576345,-1.5584735,14.200047,0.16126278,4.3745713,4.4103947,-0.31124663,9.307966,0.2515518
mp-1225894,CsLiMnS2,6.0948596,5.6050715,-2.9567945,13.891449,0.17475463,4.6117225,5.0695066,-2.883975,12.469986,0.18924798
mp-1225887,CsLiZnS2,6.26287,6.0265484,-2.308444,14.515635,0.17506608,4.524202,4.800106,0.45963672,9.427604,0.27378196
mp-754172,La3Ti2N3O4,175.68364,91.093735,5.5572085,153.73865,0.019970195,8.804973,4.6635675,-0.316572,9.775054,0.25161093
mp-753940,KLiMnS2,7.251535,5.7786856,-1.1952208,14.1144085,0.18902145,4.5376782,4.134467,-3.0576742,12.235259,0.17272569
mp-861268,LiLaNb2O7,345.8049,279.5896,-91.99187,639.3419,0.0044443975,4.7386007,4.6597133,-0.06662599,9.819415,0.26601407
mp-761572,Li2TiCoO4,8.4031315,5.954821,-1.7220701,13.756904,0.1533242,5.934794,4.785731,-0.43481472,9.796164,0.26287693
mp-754901,Li2CrFeO4,19.752817,26.1782,0.827505,41.453953,0.068030745,5.132831,4.5842447,-2.9448705,11.988709,0.19559349
mp-755278,Li2VCrO4,22.692139,24.124573,1.1629326,44.08733,0.08091679,5.241875,4.6313925,-2.810043,11.870168,0.17706361
mp-773418,Li2NiSnO4,95.23147,88.74123,4.684326,159.09915,0.023454476,4.226892,4.3957033,0.4117722,8.975445,0.24726345
mp-774907,KLiZnS2,7.059034,5.599972,-2.5236568,13.557741,0.19215477,4.394283,4.331119,0.062200036,9.6436615,0.25106806
mp-754851,Li2CoSnO4,11.10202,5.990077,-1.9732995,13.749216,0.16699015,4.456213,4.916457,-0.2054685,9.476037,0.24331489
mp-1078748,Sr2TaInO6,23.571125,23.58641,1.1040426,45.146477,0.06749364,4.4665184,4.7194057,-0.2686867,9.714931,0.2540556
mp-1077904,CdPb2(ClO)2,13.964168,22.28799,0.51376444,45.275436,0.0837046,4.504958,5.1511846,-0.017065683,9.479772,0.23961832
mp-1078132,La2Fe(SeO)2,16.128855,23.071083,1.7228543,44.94699,0.06661124,6.8222833,4.176175,-2.5001664,11.933248,0.18778567
mp-1078995,Sr2MgTeO6,12.344078,6.410227,-2.087359,13.843258,0.16775401,3.7500656,4.741607,0.1099856,9.317201,0.2473101
mp-1084823,Sr2CrSbO6,12.76582,7.0347013,-2.2519703,13.927825,0.15485874,4.686453,5.3034687,-2.9126105,12.489203,0.17475265
mp-1095485,BaGe(PO4)2,6.683811,6.1573963,-2.2887528,13.653468,0.16959462,2.954823,5.286234,-0.050482213,9.604693,0.2533678
mp-1102092,NaFe(SO4)2,6.4999046,5.4147263,-2.019189,14.248451,0.16313154,3.09612,4.8459024,0.31793433,10.079732,0.27278683
mp-1104411,Hg3Bi2(SCl4)2,18.392347,20.571983,1.0821255,44.30636,0.07147417,4.813628,5.1891956,0.2304538,9.965193,0.22681057
mp-1207410,Zr3Tl2(CuS4)2,29.026619,19.952555,-0.5320093,42.103962,0.061994802,9.175387,4.922983,0.1666293,9.402003,0.24671197
mp-1211285,KTa(PO4)2,9.255131,6.605183,-2.0667324,13.941744,0.16354105,2.9499896,4.822358,-0.4375628,9.506441,0.27054292
mp-1211726,K2Rb4Fe2O5,9.513924,5.781823,-1.7564903,13.356842,0.17259447,3.2432377,4.119381,0.4812873,9.745429,0.24872698
mp-1213695,Cs4Rb2Fe2O5,25.053598,21.570328,0.17026196,45.33137,0.0714717,3.5392792,4.6831684,-0.359206,9.387727,0.24220048
mp-1218824,Sr2FeSbO6,18.550043,21.645004,0.5254834,44.53606,0.071558885,4.858496,4.485793,0.1292326,9.9723215,0.25565332
mp-1219649,Rb2W(OF2)2,7.157029,5.5512447,-2.56283,14.308082,0.15854503,2.4804962,4.649353,0.30399927,9.400051,0.24640292
mp-1226138,Cs2W(OF2)2,6.8959017,6.664846,-1.6691166,13.892356,0.18025237,2.558824,5.3769836,-0.01639687,9.416847,0.26291263
mp-1226307,CrCo4SbO8,5.375598,4.8667297,-1.859363,14.531884,0.1612677,4.884334,5.3433876,-2.3689368,12.592693,0.1767454
mp-13055,Ba2LaTaO6,39.443542,21.87624,2.0313404,45.65298,0.07477941,4.6573215,4.677413,-0.18122625,9.80769,0.247336
mp-1539400,Sr2TaCrO6,18.896538,21.342949,-1.4768815,42.380222,0.06771176,5.036305,4.124758,-2.6567273,11.462462,0.20093668
mp-14651,Zr2AgPdF11,6.60643,6.520942,-2.3402236,14.083502,0.16052696,4.874396,3.8157496,-3.278957,11.963786,0.18805042
mp-1542940,TiTlPS5,10.96533,5.728792,-2.297004,14.091315,0.164315,5.841683,4.589887,-0.4388719,9.542442,0.2644103
mp-13541,Sr2Mg(BO3)2,8.244095,4.929554,-2.1409378,13.578463,0.18757278,3.1682234,5.264512,0.010392261,9.451652,0.25668868
mp-18764,Ba2SrWO6,18.890911,25.686634,0.91998583,46.0961,0.069629915,4.257188,4.778905,-0.7399429,9.35159,0.24687816
mp-18908,Sr2NiTeO6,11.9656105,24.553051,1.2362093,44.770004,0.06872717,4.387365,4.9763236,-0.2820871,9.675339,0.26389477
mp-23127,Ba2BiSbO6,25.62861,24.38424,1.3286309,43.779087,0.07153428,5.449054,4.308346,0.1210342,9.039522,0.24304497
mp-24336,MgH4(ClO)2,3.2792952,5.4412284,-1.7511125,13.692512,0.16938244,2.4645877,4.663387,0.057551373,9.779435,0.24394538
mp-546561,NdCrS2O,8.294958,6.0598326,-2.3846724,13.608633,0.16358349,9.206213,4.250782,-2.6807957,12.433874,0.18441048
mp-545544,Ba2TaBiO6,87.72087,84.67489,2.336744,154.62445,0.022370392,5.5921173,4.5492797,-0.13761926,10.21977,0.27712715
mp-545548,BaHf(PO4)2,11.698637,6.877308,-2.19906,15.287675,0.16521092,2.9400895,4.4062223,0.08934971,9.691309,0.25501043
mp-550514,LaTaN2O,9.681622,5.687352,-2.1715457,13.115592,0.17659475,12.038796,4.5398035,-0.10484858,9.812701,0.27160054
mp-549737,Ba2Ca(BO3)2,9.656595,5.8953886,-2.0894644,14.539254,0.16516654,3.3740659,4.9392805,-0.2052983,9.858953,0.24358106
mp-549711,CaFeClO2,6.796405,6.491951,-0.66672665,14.596423,0.17138802,3.820355,4.2117324,-2.4831965,12.371919,0.20563439
mp-553874,Ba2LaAg5S6,8.92354,6.5782814,-2.1339343,14.398743,0.16155988,6.9966674,4.82393,-0.83852035,9.450955,0.25522605
mp-553281,Ba2LaNbO6,53.648014,76.83165,6.336596,150.84819,0.02057973,4.9145336,4.8748236,-0.057871543,9.673998,0.24497993
mp-550300,RbNa7(CoO3)2,7.9080424,5.8569107,-1.367888,13.452419,0.15761122,3.3980029,3.8676665,-3.6671755,12.481783,0.185684
mp-551092,KLiZnO2,7.6683345,5.9360723,-2.1961884,14.091944,0.16915683,3.4465995,5.2767577,0.23680437,10.063657,0.23500924
mp-554124,NaV(SO4)2,5.253141,5.7882257,-2.3131278,14.144875,0.17159386,2.9185345,6.2987127,-3.4416175,12.035408,0.16495933
mp-554412,RbTa(PO4)2,7.3011103,5.9316387,-2.0861597,14.17916,0.15951337,2.9136374,4.457447,-0.10553156,8.983989,0.2682629
mp-555286,CsNb(PO4)2,7.8540654,6.321093,-2.0576074,13.908801,0.1685705,3.221756,4.6146674,0.009932842,9.417874,0.25540698
mp-556139,BaZr(PO4)2,15.571515,6.3352995,-1.0167899,13.678509,0.17070338,3.057461,4.1892114,-0.22253104,8.99147,0.24335854
mp-558369,K2LiVO4,5.820747,6.6419144,-2.1746342,14.184181,0.16299795,2.8370655,4.9083195,0.0816501,9.52652,0.257947
mp-558255,VAg2PO6,13.185618,4.9714236,-1.9182401,15.060979,0.16224447,4.997068,4.852215,-0.044094324,9.490543,0.25441745
mp-559118,CsTa(PO4)2,6.35122,6.109395,-2.5281208,13.848793,0.16316327,2.9162781,4.5447617,0.04117657,9.485245,0.24497272
mp-559864,InSb2S4Br,30.87062,20.272587,-1.6723926,43.282818,0.06922362,19.46219,20.676914,3.5476854,39.918125,0.08349387
mp-560555,Li8Bi2PdO10,13.0677,23.326065,2.0083401,43.553524,0.06644773,5.2165456,4.7335176,0.021603633,9.594915,0.2546474
mp-561519,NaFe(SeO4)2,6.5183654,5.1801615,-2.8227289,14.284031,0.16866244,3.4190693,5.180219,0.40525833,9.517627,0.24271092
mp-567219,Li4Ca3(SiN3)2,16.294897,7.3409595,-1.9821813,14.179372,0.1797787,5.0347342,5.2971373,-0.0019726618,9.839237,0.2703799
mp-560977,KTiPS5,6.4740777,5.861718,-1.332959,14.248146,0.17220826,5.0045156,4.5799084,-0.06269999,9.159545,0.26098573
mp-567836,K2NaBP2,5.306212,7.208161,-1.7719913,14.160952,0.16673502,4.430383,4.2995872,-0.053766094,9.883719,0.25343856
mp-569675,Tl2Hg2PdCl8,11.230663,6.119964,-2.102382,13.265836,0.17755282,3.6078372,4.6573815,-0.23276448,10.03039,0.2824271
mp-567655,Sr2C(NCl)2,4.643775,4.9992037,-2.8743138,14.211145,0.17050833,3.071314,4.4107637,-0.21551128,9.440742,0.24684706
mp-568252,Rb2Hg2PdCl8,5.5095434,5.746935,-2.5685918,13.835426,0.1683937,3.052052,5.2667675,0.23073357,9.876,0.2504439
mp-567371,Sr3Li4(GeN3)2,19.347965,23.0067,-0.5053318,45.23414,0.07733399,5.5314507,4.979037,-0.4041178,9.196416,0.25573868
mp-567556,CdSb2Se3Br2,95.629585,72.08384,-2.2441332,165.75302,0.018915419,,4.876832,-0.58075154,9.4362135,0.26142555
mp-568540,Ag5Hg4P8Cl5,85.79863,81.5002,9.231768,165.42198,0.022932244,8.606589,4.582797,0.11628067,9.573206,0.25593537
mp-567515,Rb2Hg2PdBr8,7.755824,5.699009,-1.9453021,13.669718,0.16602676,3.5447443,4.064474,0.03791522,9.472883,0.24584284
mp-571544,KTiPSe5,6.683365,6.005909,-1.5872183,14.270416,0.1703451,6.6330895,5.512309,-0.1169139,9.467739,0.2388169
mp-570321,InSb2Se4Br,28.659346,20.97736,2.4824743,43.71664,0.06951926,11.773286,4.8080955,0.089175716,9.362677,0.25298852
mp-607477,CsSc3(CuTe3)2,10.542435,20.877848,-1.9486295,44.577393,0.06515975,11.852384,4.7903028,-0.18168011,9.27386,0.25844592
mp-611316,AsN(OF3)2,4.4009347,6.057377,-1.6929072,14.40433,0.17001387,2.0197585,5.4434123,0.2506287,9.572942,0.26664776
mp-643902,SnH4(NF)2,3.345575,6.4338627,-2.0437155,13.398605,0.16516924,2.811976,5.2126775,-0.36229846,9.529092,0.2642422
mp-643364,HPbClO,25.042498,23.773922,-0.7833575,46.39308,0.070240825,4.404945,4.6939316,-0.12697996,9.8055,0.24659464
mp-6660,BaNaBO3,8.131348,5.3337526,-2.277443,14.699259,0.15003149,3.0952322,4.8715715,-0.2872234,9.670137,0.23941594
mp-696845,MgH12(ClO3)2,6.395617,6.5913196,-1.2612157,14.16172,0.16963178,2.346865,4.9032793,-0.4090194,9.701525,0.26137096
mp-752518,Li4Fe(OF)2,6.132699,4.791053,-1.1740065,14.783866,0.17075484,2.8872006,4.5486546,-0.11744845,9.73127,0.25037345
mp-753408,KLiCoO2,7.435413,6.1073713,-2.3453178,14.060438,0.16923091,3.684535,4.034693,-2.380629,12.074827,0.1791037
mp-753906,Li2MnO2F,14.262508,6.1674204,-1.8830572,14.751722,0.16361652,4.0276914,5.399024,-2.4728296,12.928344,0.1851164
mp-754625,SrTaNO2,146.51588,73.986755,1.5279734,156.61552,0.021077892,7.146729,5.0871944,0.20008096,9.511242,0.27800316
mp-755051,Li3Cr2FeO6,10.908994,6.359228,-2.0726888,14.342599,0.149517,4.6061425,5.1258097,-2.6231143,11.905202,0.19121179
mp-754615,Li3VCr2O6,9.968034,5.338088,-1.3840941,15.244828,0.17754959,4.615212,4.9919653,0.39708343,9.779865,0.2720052
mp-756072,LiCr(CoO3)2,6.137359,5.699399,-2.5640056,14.170708,0.17156698,7.61208,4.9134636,-2.9321527,12.54881,0.18307915
mp-758963,Li2Cr2CoO6,6.6772184,5.8293266,-2.7861316,14.684719,0.16002081,6.0822153,5.629444,-0.25705084,9.413777,0.26044315
mp-757905,Li3Ti(PO4)2,11.349266,6.0323343,-2.2336307,13.858082,0.15825197,4.2413015,4.548526,-3.6595263,12.492238,0.17243735
mp-757646,Li3Mn(PO4)2,13.273365,5.787593,-2.596467,13.640349,0.17524181,4.6070743,4.8198204,0.06793489,9.713565,0.2523938
mp-758018,Li3P2WO8,9.495297,5.789034,-1.6928566,13.982992,0.16518597,3.0218842,5.232008,-3.4778001,11.863209,0.17480724
mp-758533,Li3Sb(PO4)2,19.268393,22.530651,-0.81305003,42.429306,0.07443788,3.566771,4.242486,-0.27412543,9.15284,0.25001338
mp-767011,Li7Mn3(SiO6)2,11.716373,6.0897493,-1.6955141,13.395922,0.16690822,4.072767,3.9191468,-3.2786021,11.967686,0.18517515
mp-774897,Li3Mn2CrO6,11.71689,5.0607824,-1.8194102,14.122442,0.15845436,5.2274814,5.0321317,0.08716287,9.926801,0.2434854
mp-7744,LiSO3F,1.4900608,5.092825,-1.7127444,14.618125,0.16363718,1.9811243,5.103079,0.2667482,9.855825,0.224704
mp-776618,Li4VCr3O8,9.851397,20.037243,0.36797774,44.236,0.086832345,4.559818,3.8919945,-2.4367528,12.471742,0.187236
mp-8500,AsS2NF6,4.4468617,6.160818,-1.8464476,14.533049,0.16126561,2.4399438,4.60335,0.19134532,9.47821,0.255822
mp-865188,MgH8(ClO6)2,2.5996397,4.40918,-1.8588315,12.506935,0.15920594,2.1947799,4.416245,0.08793805,9.857021,0.2981091
mp-985626,Na3Mn2SbO6,7.27641,6.3782887,-1.960159,13.66235,0.17176378,3.6281593,4.722557,-0.040217694,9.136092,0.2556576
mp-973225,Na2CrH2F8,4.244583,5.3617334,-2.223929,14.465117,0.17147441,2.2203693,5.4151173,-2.5608304,11.626303,0.18713702
mp-971678,Na3Ni2SbO6,5.2679043,6.5871572,-2.429918,15.024341,0.15935928,3.632911,5.0696106,-0.7253685,9.869978,0.24506505
mp-23996,BeH8SO8,2.5157168,5.7765064,-1.2782531,14.171452,0.16154824,2.1652234,4.51313,-0.06719841,9.617092,0.23448546
mp-1080691,Rb2SnHgTe4,5.141979,6.3888216,-1.8696837,14.169121,0.18113002,7.7026,4.9250298,0.20587124,9.075491,0.23724177
mp-1079645,K2CdSnSe4,4.852538,6.1507597,-2.085832,14.9271,0.17269462,5.658239,4.74762,0.041936602,9.331949,0.27393875
mp-10967,CdCu2GeSe4,3.3098454,6.4739056,-2.8866186,14.755645,0.17713669,18.685768,20.819195,4.181597,40.69439,0.08372505
mp-10952,Cu2HgGeS4,5.399704,5.1762805,-1.8613495,13.928091,0.17021134,13.520515,4.87729,0.29676753,9.6176605,0.26804024
mp-12015,KAg2AsO4,9.93973,5.6076913,-2.265037,13.951126,0.15418224,4.207556,5.4169464,-0.16882096,9.675523,0.2946777
mp-1223855,K2SnHgTe4,6.160085,6.450581,-1.2699331,14.191251,0.1770193,8.636471,4.489034,0.0009911957,9.460485,0.253091
mp-12532,KAg2PS4,4.81972,5.317955,-1.0848393,14.2887535,0.17066525,5.731814,4.9178286,0.24332935,9.388938,0.24432638
mp-12855,Cu2HgGeSe4,5.7758594,6.8004723,-1.6797229,13.9826765,0.16379054,24.000145,22.930058,1.0130683,39.52217,0.08274503
mp-19896,Li2GePbS4,292.68732,246.92603,-113.59225,701.5607,0.0042307717,7.3899713,5.193776,0.33302647,8.999826,0.2533776
mp-23576,CsSbClF3,13.360388,6.119489,-2.5625706,13.877756,0.1892564,2.799199,4.5133133,0.026803933,9.626366,0.25610796
mp-638590,MnTl2GeTe4,23.377256,21.256336,2.0072808,46.010715,0.06467013,14.58317,4.198018,-3.8838148,11.59352,0.18234694
mp-568890,Tl2CdGeTe4,20.919456,22.480572,1.8961325,42.21046,0.07605978,13.766633,22.323318,3.0184052,41.36163,0.08223386
mp-557147,BaMo4(PO8)2,6.2148633,6.616046,-2.5173156,13.811113,0.15600708,3.9962533,4.628707,0.22709005,9.847555,0.2514041
mp-6408,ZnCu2GeS4,2.6945653,6.0227413,-1.4777263,14.319835,0.17459671,9.966429,4.511733,-0.08671709,9.234874,0.23966937
mp-568968,K2SnHgSe4,5.933847,6.224124,-2.9448154,14.425395,0.18374942,6.287694,4.6042843,-0.18525332,9.724466,0.25978315
mp-752844,Li2MnSiO4,3.6612842,6.096158,-2.1773157,14.870745,0.16276316,3.0590231,4.118191,-0.16308154,9.459482,0.23707777
mp-9490,KAg2SbS4,4.5452666,5.6820617,-2.1512241,14.605909,0.17555448,6.576508,4.6669507,-0.47831625,8.925071,0.2676205
mp-7394,BaAg2GeS4,5.405318,5.82215,-1.4854012,14.571957,0.16862945,6.6008153,5.2208786,-0.12890607,9.555021,0.23147722
mp-752853,Li2FeSiO4,3.9561617,5.5373507,-2.550317,14.186095,0.16657043,3.0611668,4.926528,-0.54624087,9.782075,0.2507632
mp-764642,Li2CoSiO4,3.5771265,6.990528,-2.1718879,13.510786,0.16196398,3.2156825,3.8695567,0.013531141,9.771996,0.2667967
mp-7611,Li2CaGeO4,7.1200147,5.950671,-2.2761133,14.636608,0.18186244,3.293875,4.7053313,0.43481222,9.519918,0.24950638
mp-7610,Li2CaSiO4,7.2877417,5.928294,-1.635287,14.418076,0.16791889,3.0468953,3.9477463,-0.028940262,9.156231,0.2778303
mp-17771,NaMg4(AsO4)3,5.144379,6.017531,-1.6800064,14.008286,0.17140529,3.119055,5.047529,0.35139114,10.313724,0.24333619
mp-541220,NaMg4V3O12,5.819337,6.3012643,-2.2420878,14.0823,0.18905649,3.6554022,4.8738165,0.03923801,10.254511,0.28628427
mp-26511,LiNi4(PO4)3,5.319069,5.563188,-1.3794343,14.508667,0.17425694,3.3887713,4.423363,-3.6967635,11.965291,0.16296862
mp-642831,RbP(HO2)2,3.3599212,5.942736,-1.7919933,13.443797,0.17563523,2.3228765,5.110783,-0.49496442,9.378027,0.26166397
mp-23884,SrGe(HO2)2,5.0116353,5.3002462,-1.3425566,13.663794,0.17130253,3.0568178,4.5062656,0.123856075,9.782468,0.26283634
mp-559155,LiMg4V3O12,9.804605,6.0549736,-3.0860047,14.39455,0.18702367,3.71098,4.492508,0.25796708,9.442634,0.27005377
mp-585189,LiMn4(PO4)3,10.606278,6.7843547,-2.889229,14.25027,0.16557634,3.202265,9.054121,-21.0544,33.37383,0.055165507
mp-23672,PH6NO4,5.460938,5.92492,-2.6454408,13.593937,0.1493915,2.3585749,4.659108,0.031580515,9.233435,0.27231
mp-696752,KP(HO2)2,3.2765365,6.361561,-1.7962613,14.24459,0.17103668,2.3216734,4.535497,-0.10435769,9.395579,0.2646902
mp-703470,AsH6NO4,5.4869256,6.4559565,-2.3284438,14.506446,0.17473853,2.5600638,5.2915297,0.19180563,9.596208,0.24453694
mp-706913,BeH8(NO5)2,3.0829277,5.678227,-2.3521597,14.565147,0.17769894,2.1277628,4.5832653,-0.14549069,9.583523,0.2663965
mp-11147,Na5CuSO2,5.8581624,5.3446026,-2.6494036,13.617549,0.1624158,3.4412549,4.541416,-0.30208525,9.411718,0.2824939
mp-1205991,LaBi2ClO4,45.8336,22.499296,0.25670427,45.05928,0.081628665,5.57181,4.4485197,-0.30181974,9.689844,0.27469552
mp-1225983,Cs4InSbCl12,3.886643,5.676875,-1.6514236,14.546867,0.17158554,2.738271,5.3126593,-0.19621779,9.252705,0.25270796
mp-551816,YBi2IO4,20.223894,20.952501,1.9952751,46.296425,0.069671124,6.5375953,4.5614233,-0.009361538,9.235619,0.24280113
mp-552604,YBi2ClO4,22.712717,23.474918,0.9309515,42.604443,0.06995553,5.4944663,4.8302956,-0.07232875,9.689032,0.26553187
mp-553243,YBi2BrO4,20.542488,23.009602,2.0410035,44.26374,0.07979336,5.834194,4.425996,-0.17077366,9.974754,0.22201101
mp-7181,CsSr2Ta3O10,36.07644,25.515285,2.1391358,46.344223,0.0673974,4.2182884,4.530147,0.14623675,9.227929,0.24364224
mp-643158,PH8IN4,1.9672902,6.159853,-1.8491668,13.825963,0.18740381,2.6577885,4.3445377,-0.17454094,9.504678,0.26614985
mp-756581,LiNdTi2O6,137.51297,84.02935,0.34870166,152.29716,0.02200173,6.4640574,4.5113,0.110912144,9.623341,0.22881244
mp-1104693,LiCa2HC3,30.495613,22.085014,1.6714771,43.628628,0.07615319,6.8930616,4.5645037,-0.48495287,9.315709,0.2456066
mp-556525,BaNd2PtO5,23.067356,21.259638,3.7515814,45.81267,0.071267754,5.662795,4.5861387,0.5832752,9.727818,0.23557761
mp-8959,CsK2PdF5,6.225707,6.3392997,-1.6986481,13.716166,0.17484902,2.3765953,4.80064,-0.21494615,9.887842,0.24130137
mp-1079647,BaAgSeF,10.902216,6.036834,-2.008419,14.6489105,0.1611866,5.5604143,4.726466,-0.48637792,9.303644,0.2502054
mp-1080135,SrZnAsF,10.883433,6.3113213,-1.5281575,13.658562,0.16357481,7.727319,4.669693,0.3267707,10.032463,0.2518981
mp-1080438,SrAgTeF,9.333434,5.864214,-2.3808734,14.428837,0.15317412,6.2715983,4.447423,-0.1266456,9.318053,0.2495434
mp-1086652,BaAgSF,15.14681,6.285916,-2.9065742,14.253187,0.16811244,5.059388,4.9091334,-0.23286712,9.924457,0.23738219
mp-1095151,BaCdAsF,12.159091,20.57557,1.2285436,43.19421,0.071344465,7.944228,4.571079,0.58788425,9.633159,0.25885084
mp-1191916,Ag5PSeO4,9.225661,5.9910946,-1.7025825,14.293009,0.167175,7.0306253,5.162314,0.11112176,9.652443,0.27079195
mp-19956,Ba2InO3F,20.708601,22.809322,-0.99114305,42.448727,0.07498787,3.8908749,4.6058245,0.14964786,9.838095,0.2588924
mp-16742,BaAgTeF,8.846434,6.211231,-1.0814905,14.016067,0.16139771,6.1987047,5.3139105,0.05598776,9.407593,0.26168266
mp-18860,Li2VSiO5,13.45897,6.3130865,-1.8740172,14.286477,0.16444224,3.5101755,4.944801,-0.27297887,9.3521595,0.25773606
mp-23116,CuBiSeO,80.36354,80.706726,5.9999394,162.25739,0.020326236,15.6894455,23.869745,0.89900464,39.720722,0.07714862
mp-549589,LaZnAsO,17.40639,26.044445,1.7616644,46.042854,0.06564495,9.998351,4.4247885,-0.44825855,9.771768,0.24697588
mp-546011,YZnAsO,19.229267,21.564247,0.76988393,43.350426,0.072658755,10.256169,5.1110544,-0.16688728,9.952366,0.23789927
mp-559893,LiBi(PdO2)2,6.4679737,6.0224323,-1.5837895,13.959238,0.17449746,9.778551,4.877389,-0.017779317,9.456077,0.27227122
mp-556507,Sr2FeBrO3,12.177483,6.9397516,-2.0739076,13.525453,0.16697927,4.08725,4.0762463,0.33536014,9.449822,0.25185707
mp-558243,Ba2InClO3,20.177294,20.24867,3.1346579,44.74834,0.07166212,4.136105,5.427952,-0.15095015,9.751335,0.26727274
mp-6088,LaCuSO,17.506426,21.527311,-1.8116083,43.829544,0.0692594,7.3504653,4.3556094,0.295588,9.492064,0.28575844
mp-6138,Na2TiSiO5,6.3653874,6.4911532,-2.4020584,14.18669,0.16549192,3.2117186,4.8425937,-0.097003005,9.360907,0.25525588
mp-630641,Sr2FeClO3,14.26342,21.548191,0.2273856,43.890156,0.07279278,4.1417575,4.4358273,0.40851715,9.857987,0.26464444
mp-642834,BaH5ClO3,4.820533,4.8088083,-2.674589,14.07347,0.16172317,2.6313174,5.1488385,-0.22678255,9.13429,0.26324132
mp-7060,LaZnPO,17.864763,23.460484,-1.7278808,44.13584,0.06565839,9.082212,4.7899437,-0.16255498,9.7139,0.26749066
mp-756743,Li3CrClO4,15.210055,5.5867767,-2.0454366,14.71778,0.1572047,3.3125105,5.1199975,0.34705666,10.109811,0.26700667
mp-9195,BaCuSeF,9.187491,5.8236814,-3.0742245,13.504538,0.16939369,5.9922667,4.620672,0.008629176,9.207721,0.23473462
mp-1020658,NaB(SO4)2,2.9231052,6.480066,-1.3313137,14.442992,0.20471616,2.251209,4.8529577,-0.38427845,9.702256,0.25938976
mp-557592,CrAg(PS3)2,5.578341,5.5889683,-2.5900135,13.661724,0.16277906,6.726574,4.790942,-3.3374364,12.7396,0.19836764
mp-570887,K2Ag2SnSe4,11.54113,6.938211,-1.1777405,14.148017,0.16210459,6.3168488,4.3898373,0.1559695,9.589141,0.24786653
mp-6442,LiAl(Si2O5)2,2.142191,5.767381,-2.182385,13.700907,0.18327756,2.3320735,4.509478,-0.37106705,9.477991,0.22651516
mp-1209316,Rb2Ti(AgS2)2,4.7053313,6.9082747,-1.6319599,13.829003,0.16103159,4.5961685,4.956311,-0.14016113,9.864985,0.26601705
mp-10488,Cs2Ti(AgS2)2,4.154526,4.662552,-1.3714983,14.193218,0.1686658,4.6845474,4.693006,0.47358167,9.92523,0.26597473
mp-10489,Cs2Ti(CuSe2)2,3.3548472,5.3074145,-1.4212667,13.89556,0.18380529,5.833863,4.774471,-0.45886326,9.045662,0.2551341
mp-7129,Rb2Ti(CuS2)2,3.5960639,5.8255186,-2.440456,14.158093,0.15747698,5.2032466,4.5816894,-0.048188787,9.661997,0.26314315
mp-1222411,LiCa2CuN2,7.869983,7.305969,-2.213207,14.914041,0.15711099,7.4672837,5.211569,-0.328124,9.308229,0.2901219
mp-14324,K2Na4Be2O5,4.7228093,6.163371,-2.1287832,15.048819,0.17015965,2.8126953,4.9709516,-0.17836423,9.599988,0.24691965
mp-1019888,KNa2BN2,6.7780876,6.974991,-2.4158835,14.481024,0.15795581,3.2134204,4.8765373,-0.3186059,9.263302,0.24650176
mp-558227,K2RbMn2F7,9.126052,6.138094,-2.2320442,14.5167055,0.17849529,2.1780176,4.7620425,-2.6693232,11.684824,0.1783744
mp-560515,K4Ru2Cl10O,6.745478,6.267928,-1.5810697,14.248813,0.16208628,3.6581857,5.212552,0.43549758,9.781595,0.23704103
mp-7148,K2SrTa2O7,50.892742,77.594246,-1.6794755,164.09338,0.02270368,4.1324687,4.1824327,-0.4982099,9.155278,0.2622207
mp-865412,CsBa2Cr2F11,6.1504836,5.624447,-2.0761263,13.5707245,0.17474034,2.3021872,5.741701,-2.7702003,11.936755,0.17467082
mp-1020031,LiCaAlN2,9.351603,5.98557,-2.2094047,14.296005,0.17335446,5.299359,5.2564974,0.62100786,9.294696,0.24594842
mp-10288,LaCuTeS,12.630684,6.1672144,-2.0664485,13.8798275,0.16041365,12.319884,4.9783278,0.08085615,9.663685,0.2611166
mp-11643,K2Mg(PSe3)2,5.1273727,6.135211,-1.5687195,14.461565,0.14266475,4.752549,5.19107,-0.0975667,9.865171,0.24795344
mp-1189528,Ca2ScSbO6,16.308199,5.716819,-2.8211167,14.035474,0.20132151,4.2155147,4.433875,0.15979278,9.583436,0.24798217
mp-1189906,Ca2CrSbO6,10.991615,5.804598,-1.8572147,13.751457,0.18777996,4.625774,4.8284187,0.2503779,9.902131,0.29003447
mp-1208776,Sr2ScTaO6,33.993164,22.58915,0.3686954,43.897083,0.069430955,4.6852746,4.7569904,-0.06501564,9.428914,0.25846708
mp-1211320,KRb2InF6,5.4852324,6.6075606,-1.0201051,14.370979,0.17792584,2.0556235,5.040375,-0.024556173,9.7978945,0.263508
mp-1213194,CuTeSeBr,3.7520146,6.629802,-1.9301882,14.790452,0.16151534,7.7596536,4.718252,0.1690717,9.77946,0.2419733
mp-1213068,CuTeSeI,4.2913585,6.4634743,-2.1296406,13.7903805,0.18119286,8.838644,5.321318,0.21395117,9.326912,0.25663257
mp-12355,Sr2YTaO6,25.61743,22.081268,3.0453725,46.443893,0.07206681,4.383919,4.3451834,-0.27017468,8.79936,0.25718427
mp-12878,Sr2YSbO6,14.485858,6.252043,-1.7206033,14.375605,0.16679563,4.004055,4.683708,-0.049942017,9.977071,0.25287613
mp-22355,Sr2InSbO6,12.557946,6.72768,-2.7274806,14.52016,0.17554261,4.440796,4.8318815,-0.25981656,9.928325,0.2490531
mp-23674,NaH4BrO2,4.6495876,5.7419076,-2.2313347,14.474572,0.17079604,2.3931825,5.44751,-0.06160079,9.42928,0.25667995
mp-23965,CoH8(BrO2)2,2.2651253,6.3891764,-1.9048662,13.616164,0.17301847,2.7660966,4.035879,-3.5041428,10.960172,0.1698867
mp-24413,Na2LiAlH6,7.851328,6.175078,-1.341352,13.983145,0.17263685,3.6139505,4.37166,0.023544895,10.00081,0.2702512
mp-24546,MgH2(SeO4)2,2.6448333,6.113277,-2.1047926,14.972187,0.20024809,2.6655436,4.8088865,-0.22367448,9.129368,0.25856623
mp-24537,FeH8(BrO2)2,2.2925658,6.408968,-2.3846412,14.562562,0.17322229,2.6709418,4.136017,-3.2909567,11.608762,0.18562186
mp-504600,NaH4ClO2,3.2817612,6.3452606,-1.8484346,13.8183155,0.15968145,2.2291548,4.388213,-0.64144623,10.118019,0.26196295
mp-510727,InTeO3F,5.934963,6.3310585,-1.4533981,13.457908,0.17520681,3.878415,5.1553516,-0.24963596,9.796417,0.2708492
mp-541897,Rb2Cd(PSe3)2,6.7571483,6.206565,-1.7394629,13.966561,0.1688234,5.0212297,4.454485,0.16542284,9.45751,0.2360199
mp-555207,BN(OF2)2,2.6267738,5.598279,-2.0999882,14.052522,0.17124672,1.9477831,5.1681614,0.17890376,9.584701,0.24799448
mp-555305,NaNb(OF)2,12.363925,6.292598,-1.792293,13.802384,0.16056004,3.4644446,4.512907,-0.094344005,10.635361,0.2458923
mp-556695,NaSrBO3,7.853694,5.8581734,-1.3327961,14.678977,0.16368832,2.932113,5.3413353,-0.08620761,9.510015,0.24069935
mp-556699,Na2PHO3,3.4577773,6.650201,-1.0235364,14.323212,0.16610354,2.385614,5.373771,0.33029515,9.710303,0.23676912
mp-557012,Li3Sc(BO3)2,7.041923,6.576625,-1.9333174,14.164987,0.17346132,3.136641,4.6411886,0.14168176,9.478308,0.2636854
mp-558502,FeTeO3F,8.8236,7.1612396,-1.3900269,14.783551,0.16739807,4.744063,3.8637133,-2.315873,12.753773,0.18941179
mp-558984,GaTeO3F,9.086031,7.0585823,-2.0086486,14.238534,0.15976937,4.172031,4.544323,-0.020477137,10.021799,0.2405689
mp-559616,PH3CS3,0.80900735,6.062193,-1.195024,13.892345,0.16632386,3.398797,5.054939,0.21687265,9.356425,0.25622174
mp-561190,NaAu(SO4)2,5.8318486,6.603923,-2.4905548,14.4711685,0.17004824,3.376608,4.9104395,-0.27611428,9.570156,0.27282724
mp-561642,Sr2CoTeO6,12.526676,6.013219,-1.9467251,13.828007,0.1716671,4.474872,4.5506787,0.12233011,9.710147,0.26396278
mp-570948,LiCaGaN2,10.77462,5.483432,-2.4816763,14.095943,0.16500509,5.9912295,4.7184362,0.025210528,9.217474,0.23929697
mp-643458,LiHSO4,2.3790398,5.406576,-2.2783427,13.687508,0.17121439,2.2038727,5.397834,-0.08612852,9.28543,0.26839015
mp-642795,PHSF2,0.6986383,5.273965,-2.0232973,14.205035,0.18118426,2.4392114,5.0965075,0.13172176,9.211355,0.23516509
mp-643277,SiH6(NF2)2,1.2900398,6.299262,-2.363536,13.600866,0.15608175,1.9228854,4.87306,0.0083113825,10.000567,0.24835217
mp-6499,BaLiBO3,8.89859,6.789735,-2.4801157,13.923996,0.1590384,3.1671932,4.507723,-0.31882238,9.816005,0.24509306
mp-6500,KRb2ScF6,5.988104,6.129835,-2.3849008,13.83446,0.1794218,2.0878448,4.772725,-0.042435415,9.271143,0.23398636
mp-690711,TlP(HO2)2,13.621093,6.312157,-1.855178,14.254828,0.16243348,2.9067132,4.910528,-0.35827836,9.512171,0.25366983
mp-697236,MgH2(SeO3)2,3.3800228,4.7578726,-2.10024,14.356368,0.17258602,3.023283,5.2625017,0.14503524,9.25174,0.24848992
mp-696656,BH4O2F3,2.3342364,6.3006506,-2.483559,14.818464,0.15771906,1.9422821,4.5693073,0.30669585,9.908417,0.24233076
mp-696396,NaHCO3,3.356467,5.9527073,-2.4416523,14.864417,0.15548459,2.259019,4.811327,-0.06350086,9.567668,0.25516322
mp-7012,KRb2YF6,6.644474,6.145092,-1.5872359,13.781245,0.1752814,2.0234816,4.5560856,-0.2389387,9.260987,0.237394
mp-707009,BH2OF3,1.7715173,5.866185,-1.6314144,13.750241,0.16229293,1.7662116,4.576021,0.03188933,9.288418,0.25650722
mp-722832,PH3NF5,4.2865214,5.846992,-1.5712059,13.854663,0.15840487,1.988101,4.9473047,0.5917307,9.500321,0.25816345
mp-16452,BaLa2ZnS5,16.89357,24.84137,0.58249825,42.318657,0.07549793,6.8252616,5.153778,-0.6106885,9.425095,0.22251615
mp-23571,KBa4Bi3O,8.764706,5.616997,-1.9490694,14.337363,0.17355052,9.195558,5.3421474,0.05825881,9.362468,0.23465772
mp-559270,RbBa4Sb3O,9.017108,6.0589523,-1.5863757,14.2022295,0.16429037,7.922675,5.206661,0.0918483,9.759366,0.2706701
mp-559446,NaPPdS4,3.5877452,6.334242,-1.9073201,14.301068,0.1594908,5.370926,4.68205,-0.19722416,9.762751,0.2839798
mp-557761,KBa4Sb3O,9.055669,5.7215757,-1.9906572,14.831423,0.17158748,7.96029,4.7576194,-0.14086063,9.330837,0.26015016
mp-557631,AgAs(XeF5)2,9.337491,6.9382067,-2.063723,14.389067,0.17234792,3.71439,4.2411904,-0.35951993,9.781434,0.27157098
mp-554885,Ba3Si6N4O9,6.088114,5.541871,-1.6856768,14.189494,0.16284959,3.273746,5.1020784,-0.051015615,9.741886,0.2685029
mp-10080,PrGeBO5,7.938494,5.2373805,-1.6163497,14.910464,0.1791803,3.652066,5.0,-0.43639636,9.381506,0.25283253
mp-19957,LaGeBO5,9.086601,7.1011267,-2.0516336,13.745317,0.18386401,3.684256,4.6323385,-0.023537122,10.112112,0.2500343
mp-558753,BiB2O4F,10.619236,5.8878183,-1.4693471,14.936357,0.17050421,3.8340325,4.146863,-0.47902665,9.780453,0.22739024
mp-1045241,Ca2MnWO6,14.480199,5.938273,-1.7758534,14.0305395,0.1525646,4.5517416,5.390542,0.4758545,9.735156,0.2539332
mp-1078244,ScNi2SbO6,8.347602,5.4401903,-1.5899463,14.785863,0.17186557,4.5787277,4.2562075,0.07820782,9.725958,0.25183776
mp-1048318,Ca2FeWO6,16.047522,24.569077,1.8563793,43.701267,0.07433258,4.566074,5.220087,0.32305866,9.31755,0.26176584
mp-11018,TlCd(NO2)3,9.381076,6.968212,-1.727021,14.134829,0.16043188,3.344256,5.3912115,-0.054315284,9.414444,0.26001212
mp-1078367,InNi2SbO6,6.5876412,6.0908127,-2.4248593,13.69521,0.18289006,4.7342334,5.1301227,-0.20440516,9.1156025,0.24988161
mp-11016,RbCd(NO2)3,4.8603477,5.298065,-2.0891254,14.5851555,0.16860193,2.866172,4.6441445,-0.34652323,9.250882,0.246286
mp-11017,KCd(NO2)3,6.8248153,7.139982,-2.7550008,14.574011,0.16444942,2.8156424,4.4873323,0.14797264,9.620886,0.2577058
mp-1221267,Na2TiTeO6,7.5435214,6.376509,-1.7537451,14.625635,0.16903421,3.891264,4.324447,0.50701743,9.577417,0.25415283
mp-1221952,MgTi2NiO6,14.596572,6.1369524,-2.110671,13.853013,0.18456191,5.2487917,5.0956154,-0.02555913,9.874485,0.24322228
mp-1443834,Ca2TaWO6,16.768747,6.5153584,-1.6693999,14.594037,0.17813303,4.875986,5.39943,-2.1915562,12.31234,0.19309545
mp-18220,LiAlSiO4,2.9032843,6.24614,-1.8823189,14.221399,0.15839377,2.5785203,4.6990247,0.15701474,10.121963,0.23900563
mp-18753,Na3Mo(OF)3,4.1960864,6.2450924,-2.1517034,13.533532,0.18910643,2.511785,4.911194,-0.2841046,10.230138,0.2616383
mp-18147,LiGaSiO4,3.284595,6.7309127,-1.5256226,13.748808,0.16792901,2.8035505,5.4302006,-0.21387953,9.517882,0.2703178
mp-23887,MgH12SO9,2.6765418,6.22962,-1.6309375,13.519042,0.1855082,2.3230488,5.5298862,-0.24047996,9.785329,0.25911492
mp-23888,MgTe(H4O3)3,2.841573,6.270607,-2.291181,13.703383,0.1798416,2.5828743,3.938033,-0.7837018,10.032184,0.24580665
mp-39681,NaTi2BiO6,65.98454,85.09839,1.7620401,159.67671,0.02342872,6.508197,4.021986,0.37836778,9.178974,0.24791369
mp-546757,Sn3PO4F3,15.2473,6.4999156,-1.4056942,14.075847,0.17244403,3.4681664,4.586611,0.19720323,9.26202,0.26011306
mp-504894,MgH12SeO9,2.6319442,8.261966,-1.5590698,13.549614,0.15258117,2.4321856,4.278841,0.018996838,8.999974,0.24027881
mp-551086,CrFe(BiO3)2,32.625397,22.462488,1.0599203,45.360256,0.0824121,7.176805,4.699474,-3.022369,11.479567,0.18748154
mp-557878,KNi(PO3)3,2.6492233,6.3557787,-2.7606716,13.776842,0.16297577,2.3874347,4.831441,0.28421763,9.676908,0.28987652
mp-643263,Na3VH6O7,4.656607,6.2189264,-1.3484606,14.184668,0.17321485,2.753226,4.406799,0.04606192,9.650325,0.25343102
mp-6628,CsCd(NO2)3,4.565368,4.952572,-2.268618,14.216232,0.16199,2.9771016,4.694854,-0.12056528,9.381191,0.27731517
mp-753149,LiMn(PO3)3,10.087578,6.966803,-1.8924907,13.915966,0.16100967,2.6486313,4.543129,-0.41173422,8.632249,0.25395337
mp-752899,LiMn(PO3)3,2.0065386,6.646015,-1.9922035,13.755323,0.16862416,2.3938367,4.1807137,0.3207607,9.614601,0.24199104
mp-754450,Li2CrWO6,67.37401,66.224365,3.7173588,158.65031,0.022156766,8.638343,4.48465,-2.5993936,11.169945,0.17652756
mp-757826,CsCa(NO2)3,2.9484236,5.161826,-2.215664,14.537146,0.17784227,2.5545003,4.892097,0.004511011,9.564318,0.23998345
mp-776740,Li2MnWO6,34.280445,22.014748,0.41548353,44.749405,0.07854368,8.48701,4.937022,-3.5690463,11.826004,0.195829
mp-863111,LiV2CrO6,30.549898,25.97847,-0.4848132,46.38112,0.06824155,10.108608,4.8866625,-3.468617,12.299674,0.18719165
mp-863678,KZn4(SbO4)3,6.5851173,5.512099,-2.154033,14.269103,0.17258504,4.152487,5.425926,-0.059628297,9.592927,0.24342854
mp-1019524,Ba3P6(N4O3)2,7.9962564,5.7016835,-2.3785663,14.322787,0.17393251,3.7467659,5.098009,-0.18788168,9.309342,0.2713924
mp-1193049,Cs2Sn(HO2)6,3.7407928,6.2009983,-2.6072593,14.854683,0.18412948,2.7223299,5.0836706,-0.39038777,9.633147,0.23886277
mp-1020011,Li14P2(N2O)3,5.048606,5.829076,-2.061603,14.8638935,0.16427661,3.7320354,4.615814,-0.15753837,9.301121,0.25436348
mp-10776,K2Sn(AsS3)2,6.1602974,6.614217,-2.3477178,15.2437525,0.15921162,6.0972033,4.5528708,0.07882602,9.615656,0.24434368
mp-1223853,K2Zr(PO4)2,5.9215655,6.823806,-1.8729212,14.525087,0.16170566,2.6809309,4.5726357,-0.05849186,10.122089,0.2410461
mp-554822,CsSb(PO4)2,4.3655176,5.9655914,-1.601254,13.629607,0.17563356,2.7701943,4.86244,-0.035300218,9.900795,0.25073966
mp-557650,Sr3P6(N4O3)2,10.345784,6.3073874,-1.5236809,14.304867,0.16864285,3.6675446,5.0851216,0.25743642,9.546281,0.23587623
mp-559316,CsV(SO4)2,4.0554442,6.3144526,-2.865795,14.732685,0.16763665,2.820673,5.3082433,-0.28026652,9.680714,0.2611001
mp-6023,Tl2Sn(AsS3)2,10.667306,5.042546,-2.4392948,13.854388,0.168551,8.041964,4.894102,0.11747482,9.329632,0.24941987
mp-632760,Na2H6PtO6,3.1482785,5.300515,-2.2552125,14.753902,0.17222545,3.0951238,4.4842386,-0.20070985,9.603084,0.25902456
mp-690647,NiH12(BrO7)2,5.015154,6.1521344,-1.2171195,13.786686,0.18649662,2.5809891,4.467475,-3.0511408,12.07118,0.17892896
mp-1078209,LiLa2FeO6,24.233955,21.647713,-0.20043717,45.351994,0.07253606,7.596086,4.370428,-3.114575,11.126112,0.18674268
mp-11715,MgSn(BO3)2,5.3537493,5.5882835,-2.0337303,14.018649,0.17089196,3.3779616,4.644579,-0.035534535,9.512658,0.24279775
mp-1190588,Ba2Cd(BO2)6,5.0201535,5.3190737,-1.8704981,13.937598,0.17216286,2.9655662,4.814245,0.13577187,9.903396,0.2753285
mp-1222080,MgCd(CO3)2,5.178087,5.5097075,-1.222972,14.50688,0.16311844,3.0663,5.1472216,-0.11182825,9.602896,0.23463571
mp-1227329,CaCd(CO3)2,6.262614,5.904711,-2.4443476,13.968034,0.14982669,3.0069413,5.6906633,0.08595632,9.432205,0.267491
mp-14871,Li16Ta2N8O,5.350268,6.829266,-1.5015025,13.487727,0.17942858,4.64869,5.2136416,0.27090186,9.803158,0.25336438
mp-1275611,La2MnZnO6,30.39731,21.063505,0.9065685,42.949306,0.06553703,6.6291485,5.0743732,0.26926816,9.401657,0.26872525
mp-13356,Ba2SrTeO6,14.398748,22.017014,0.47798517,44.522892,0.072900385,3.894206,4.913182,-0.16071932,9.056528,0.239409
mp-1391671,La2MgNiO6,19.675774,21.160507,3.5984766,42.76866,0.06547291,6.73206,4.644435,0.39816904,9.985946,0.25364658
mp-14398,CaSn(BO3)2,5.902595,5.8822136,-1.111084,14.586574,0.17363857,3.2863567,4.5867214,0.22775976,9.452001,0.25265276
mp-19406,La2MgMnO6,24.865122,21.355972,2.7550578,44.82715,0.08068497,5.61899,5.684668,0.25455958,9.521102,0.25250173
mp-22213,MnSn(BO3)2,6.049579,6.35821,-1.1556853,14.5687275,0.17408311,3.6098986,4.8401356,-2.9660864,11.754659,0.19063129
mp-545469,KV(SO4)2,5.1104045,5.349408,-1.8735951,13.6262665,0.155212,2.8620272,4.7962103,0.36225125,9.81004,0.26200396
mp-551269,Ba2LaSbO6,20.726143,23.423084,0.9112715,46.508118,0.065757334,4.3167467,4.5990696,-0.44283965,9.6468525,0.2568579
mp-554818,KTe3O6F,17.00351,24.252747,3.5096385,43.720505,0.069855094,4.0668473,4.879897,0.29283464,9.733729,0.24779506
mp-558835,NaNiAsO4,8.204774,5.8025637,-2.5296018,14.786348,0.18265629,3.039554,4.5752773,0.210948,9.459331,0.24289252
mp-568428,KNa(BH4)2,11.151615,6.5612,-2.4428637,14.818073,0.19119202,2.3825223,4.4128695,0.08332553,9.123326,0.2669793
mp-6026,Na2Mg(CO3)2,5.136163,6.251189,-2.3352325,14.093773,0.16235514,2.4917605,4.825796,-0.73125565,9.528993,0.24362774
mp-643371,K2Sn(H2N)6,2.5663028,6.7171736,-2.5452912,13.939968,0.17565699,2.6207643,4.1362443,0.30062225,9.881767,0.24968426
mp-6459,CaMg(CO3)2,5.162204,4.894231,-2.530095,14.495801,0.17356485,2.751719,4.1561966,-0.35732,9.375011,0.26093656
mp-753899,LiFe(CO3)2,7.1810346,7.0540667,-1.6241307,13.951382,0.18221349,3.7120013,4.9954176,-0.0010874772,9.623252,0.25314963
mp-752664,LiCoPO4,9.854648,7.433389,-1.7046434,14.278669,0.16332673,2.8703973,4.9348607,-3.0060632,11.622365,0.18397403
mp-8271,Ba2Ca(BO2)6,4.98812,6.000176,-1.498672,14.235754,0.1770161,2.8187225,5.0994177,-0.03372217,10.022233,0.27093056
mp-770839,LiCr(CO3)2,4.658328,5.98973,-2.3173862,14.198239,0.14649571,3.621434,5.166546,0.054951467,9.7042675,0.24481873
mp-8000,SrSn(BO3)2,6.3283567,6.4167547,-0.5061685,14.451578,0.17985263,3.198889,4.680657,0.084538914,9.472961,0.26181272
mp-10341,SrGeTeO6,6.5516534,6.916447,-1.953227,14.546132,0.16966422,3.4613013,5.26884,-0.4713645,9.657525,0.27242902
mp-1147551,KCuTeO6,3.346728,5.66613,-2.2715266,13.894614,0.17238793,8.619011,4.9282985,-0.07023553,9.486118,0.27288795
mp-1222719,LaTiSbO6,20.075014,24.982758,-1.6677673,45.896988,0.05958486,4.646975,4.697478,-0.3711779,10.030369,0.24001625
mp-1205906,KMnIO6,4.6564655,5.991038,-1.4277748,14.717614,0.16212462,4.086819,4.8095884,0.03971854,9.647607,0.27199668
mp-545399,NaNiIO6,4.062656,6.8182535,-1.5462835,14.627233,0.17760706,5.185667,4.556573,-0.4086453,9.352429,0.26098156
mp-549697,RbGeIO6,4.611138,5.683923,-1.4373555,14.354043,0.17996576,3.070832,5.033891,0.17064972,9.702757,0.25199053
mp-550959,KNiIO6,3.6672878,6.3795357,-1.5243727,14.654184,0.16628551,4.9648376,4.701142,-2.6610475,11.386316,0.19321063
mp-1020181,Na2ZnB6O11,4.0349917,6.5630827,-1.706247,13.629774,0.16328761,2.5612597,4.0397735,-0.24796516,9.616531,0.2410938
mp-1105143,NaIn(GeO3)2,5.7908797,6.8372717,-2.7041671,14.689446,0.14993365,3.5388887,4.9138584,0.18965396,9.760084,0.25705716
mp-1188124,LiAl(PS3)2,2.9158502,6.819397,-1.320857,13.485149,0.16947237,4.301498,4.6655807,0.14408419,9.689372,0.28305793
mp-1189341,HfTl2PbSe4,26.696804,24.389145,1.6976314,42.490627,0.061314847,11.119708,5.1090856,-0.28425807,9.218804,0.28610727
mp-1188093,ZrTl2PbS4,30.485304,20.579287,0.6896805,45.507584,0.07085403,9.915308,4.5374813,-0.023713123,9.3723755,0.24697335
mp-1189464,ZrTl2PbSe4,28.423859,19.648804,-0.5380331,43.574417,0.072796464,11.80447,4.9332848,0.5728465,9.243087,0.25341108
mp-1205352,BaPd(SeO3)2,4.4633665,6.4510093,-2.2848604,15.111347,0.1713155,3.843728,4.5359187,-0.13200782,9.860172,0.2562619
mp-1211274,KY(CO3)2,5.715054,6.7048535,-2.19156,14.589991,0.15721403,2.7848933,5.150986,0.1597763,9.375015,0.28777018
mp-1213869,CaVSiO5,506.18677,300.84174,-82.81031,641.5312,0.0038728127,4.8104,4.789049,-0.34828502,9.333563,0.26226467
mp-1222065,MgAg2(PS3)2,2.1170456,6.5951653,-3.1972148,14.00394,0.1715437,5.303189,5.0226374,-0.16920918,9.444368,0.24158482
mp-1226272,CrNiPO5,3.9920418,6.359956,-2.4828272,14.693992,0.18136013,3.9758365,4.267732,-2.801139,11.279303,0.18121028
mp-1541018,TiPO4F,15.633881,5.4033794,-1.2088832,14.136791,0.17335963,4.137891,4.8461466,-0.2703284,9.809862,0.2517793
mp-15733,CaTaAlO5,25.05806,22.5747,0.65127647,43.10739,0.06217763,3.927619,4.3185954,-0.032182455,9.453167,0.28092402
mp-16737,Na2BeB2O5,3.5122771,5.862852,-1.6820984,14.393586,0.16995306,2.4659784,4.7169094,0.07729589,9.597113,0.24642946
mp-18853,TlV2AgO6,7.059114,5.9941797,-2.1342556,14.365076,0.16489355,4.7302527,5.3436713,0.33182397,9.736344,0.24742033
mp-19432,KNaV2O6,4.116067,5.024229,-2.4711196,14.279574,0.15847658,3.1768584,4.388206,0.024087567,9.439236,0.24052115
mp-23966,MgH2SeO5,3.6263142,5.2599096,-1.3285848,13.687229,0.15928158,2.7069871,5.304572,0.11614014,9.805556,0.2516769
mp-24041,MgH2SO5,3.770611,5.770442,-1.6901996,14.231461,0.1636417,2.4329007,4.4387655,-0.07898321,9.933772,0.24594912
mp-23969,ZnH2SeO5,5.3299155,5.5626397,-2.2023492,15.074127,0.16085307,3.1290922,4.9185658,-0.24953258,9.678776,0.2492337
mp-556185,RbNaTiO3,8.140308,7.002897,-2.1570253,14.379219,0.16994898,3.372537,4.620349,0.13010396,9.412517,0.25576356
mp-557104,LiAlB2O5,2.3889,5.3944263,-1.4393586,14.488258,0.1672512,2.4046438,5.0062428,-0.08459789,9.8638935,0.24620055
mp-557183,KNaZnO2,11.43386,5.4595385,-1.4926249,14.827292,0.17975667,3.3692572,4.667094,0.39108524,9.82015,0.2506259
mp-558480,K2P2O5F2,3.0099454,6.3970947,-1.8541161,13.353528,0.17340966,2.1040726,5.3991804,-0.31752458,9.54485,0.24317338
mp-560767,KNaTiO3,8.98489,6.675556,-1.9298099,13.8516445,0.15623267,3.2959332,5.0997086,-0.2829378,9.602721,0.26176533
mp-561288,K3LiIrO4,8.226457,5.925441,-2.68636,14.829973,0.15662828,3.4772146,3.7937534,-3.557117,12.033652,0.16419195
mp-6066,NaTaGeO5,34.33167,20.960442,1.2833767,44.8151,0.07308421,3.987426,4.9210405,0.2178108,9.6240425,0.24058011
mp-6333,NaIn(SiO3)2,4.827287,5.9733214,-2.0238292,13.994139,0.17088112,3.0278785,4.7139845,0.0390945,9.389437,0.24402048
mp-642648,KP(HO)2,2.6334186,6.554803,-1.9898958,14.388438,0.16283172,2.28133,4.8662424,-0.14631811,9.41357,0.28108338
mp-643066,ZnH2SO5,5.102028,5.8595047,-1.9107735,14.72506,0.17900676,2.7481525,3.9655695,-0.3254113,9.9799185,0.24185096
mp-643427,MnH2SO5,4.240105,5.86413,-1.8827322,13.873936,0.1695725,2.615542,4.4593554,0.10124056,9.544815,0.25877926
mp-643412,MnH2SeO5,4.2104564,5.752022,-1.5795411,13.695576,0.17319216,2.987758,4.939856,-0.15453626,9.656791,0.27883214
mp-6526,NaGeSbO5,6.5891914,5.595022,-1.8543183,14.033824,0.15331322,3.6077957,4.034068,0.104281306,9.560542,0.2540419
mp-6766,CaMg(SiO3)2,5.672064,5.929899,-1.7684002,13.557784,0.17112282,2.9874609,5.0301695,0.03968287,9.2249565,0.26530886
mp-7074,NaSc(SiO3)2,5.5381827,6.412155,-2.1297004,13.616339,0.15709727,3.115677,4.6702757,0.3927391,9.7337265,0.25505283
mp-733610,H7C3N3O5,2.607896,5.4088607,-2.1180544,14.259243,0.15629804,2.460408,5.0935764,-0.09785262,9.451521,0.27529332
mp-759973,Li2MnO2F,11.323179,5.3717914,-2.5014217,14.599888,0.16976494,4.1733284,4.8370314,-2.7787728,12.367018,0.16794737
mp-8054,NaSc(GeO3)2,6.8584595,5.5372744,-2.8758614,13.97732,0.1869882,3.482279,3.7667394,0.07423136,9.402653,0.2371789
mp-865024,MnP2H2O7,4.5282106,5.6695313,-1.4125849,14.48277,0.17646375,2.68483,4.7796345,-0.33388677,9.3365345,0.2603801
mp-8989,Na2P2PdO7,2.7830439,6.0669413,-2.160469,15.007571,0.16454431,2.9945483,4.86247,0.2918257,9.741757,0.24627167
mp-1193222,LiMgAlF6,3.9407132,6.7900066,-2.0732603,14.356628,0.16964576,2.0034935,4.8845963,0.07803105,9.891928,0.2585151
mp-17944,NaCaAlF6,4.024426,6.1681805,-2.2133272,13.612202,0.15396911,1.9536749,5.5120487,-0.5869562,9.653983,0.24656178
mp-22038,RbFe(SeO4)2,7.2969093,6.191472,-2.3392107,14.176815,0.19767337,3.1724133,7.146638,-22.92445,31.884338,0.06092077
mp-504460,LiMnGaF6,5.0956917,6.4643087,-2.211438,14.2895565,0.16960531,2.2558417,4.266302,-2.8141842,11.780399,0.17240995
mp-561525,K2Ga2B2O7,5.0670686,6.811664,-1.8274682,14.493336,0.16949497,2.6215656,5.2529745,-0.5196211,9.583776,0.25866145
mp-669367,KAl(SO4)2,5.073473,5.411799,-2.1155238,13.999491,0.17791893,2.3311164,4.731707,0.121150866,9.585282,0.2699549
mp-15840,BaBPO5,5.553956,6.8626013,-1.2398653,14.527034,0.16713192,2.853257,4.798857,0.2527153,9.038699,0.24780993
mp-16988,SrCu2SnS4,6.02107,5.8560224,-3.041617,14.010321,0.16887559,9.327713,5.3865013,-0.26849648,9.814023,0.25919515
mp-21266,BPPbO5,22.462297,24.080593,-1.6926589,45.057392,0.07824205,3.5989437,4.315455,-0.57305795,9.605404,0.24106486
mp-6486,SrBPO5,6.1294103,5.538564,-1.7083343,14.142795,0.16156204,2.8189213,4.608966,0.3493693,9.94283,0.23496099
mp-561243,Sr2CuClO2,4.434708,5.6444626,-1.910162,14.24443,0.18063284,3.6066856,5.0053263,0.040891893,9.572202,0.25312048
mp-6667,CaBPO5,10.072634,6.2260146,-2.3396275,13.543445,0.16967747,2.901338,4.4598665,0.091358915,9.626282,0.24259873
mp-561011,Li2Ta2(OF2)3,10.082863,5.964593,-1.6448973,13.085229,0.18292369,2.8149903,5.0217953,-0.14343967,9.584508,0.24445716
mp-17756,RbAg2SbS4,4.258669,5.98617,-2.15241,14.441805,0.16858958,6.6838355,4.4098463,-0.08564042,9.03994,0.25085577
mp-558022,SrBPO5,6.075025,5.750891,-1.5329382,14.682957,0.16726238,2.822718,4.341264,-0.13091451,9.439939,0.27184314
mp-18685,SrCu2GeS4,4.6796627,6.1239634,-1.5139768,14.42581,0.17731573,7.8566127,5.0773916,0.18221453,9.421098,0.2647304
mp-6040,BaBPO5,5.5554266,7.3856144,-1.7185155,13.867603,0.16183558,2.853498,4.6305285,0.27064994,9.803965,0.27840623
mp-15939,SrAl2B2O7,3.0387409,6.1437025,-2.1239133,14.388547,0.16794093,2.4565108,4.796198,-0.03989207,9.910686,0.25478506
mp-12885,BaAl2Sb2O7,5.243568,5.7744346,-2.639981,13.482811,0.16274244,3.3877711,5.6709104,0.41393209,9.670353,0.2437167
mp-559773,Na4Sr(SiO3)3,7.8003597,5.575074,-1.9920572,13.825546,0.15949994,2.6183271,4.5489073,-0.10525876,9.326439,0.26660067
mp-556120,RbTl(SO4)2,6.0293927,4.8927975,-2.328725,14.155669,0.19879514,3.0884638,5.224604,0.23400886,9.8967495,0.2455975
mp-6062,YAl3(BO3)4,7.369056,6.752975,-2.6758945,14.828518,0.16132997,3.2605572,4.718693,-0.059075035,9.230225,0.26905593
mp-9844,BaAl2B2O7,3.4502168,6.0599065,-2.0976443,14.3127365,0.1494274,2.4915428,5.1722336,-0.12132104,9.450066,0.26755905
mp-755367,LiTa2CuO6,139.53223,77.76698,7.479147,156.46675,0.021972544,7.396968,4.4181986,-0.31274292,9.503244,0.25931036
mp-1018093,CaGaGeH,9.653996,6.235116,-2.2686436,14.283084,0.16171657,16.509499,20.891788,2.7060158,41.01349,0.08745261
mp-1008506,BaGaSiH,6.0670776,5.534647,-1.7973568,13.39843,0.16621982,16.548515,20.003082,2.714021,41.344513,0.08483464
mp-1207108,BaAlGeH,5.7784977,5.466142,-1.757493,14.41304,0.16198877,15.046417,23.35587,3.83294,39.462994,0.0804912
mp-1220967,NaLiCdS2,6.5029473,5.730651,-1.4052731,14.39483,0.16898094,4.8367705,4.725659,-0.08910366,9.380542,0.2640225
mp-1220972,NaLiZnS2,5.4463506,5.7177486,-2.1475291,13.6580515,0.1646071,4.710604,5.067616,-0.23351356,9.779554,0.24921273
mp-1220978,NaMnCuSe2,4.87777,5.850415,-1.7762715,14.227218,0.18427062,7.494477,4.2319136,-3.1837063,11.461294,0.16609463
mp-570485,SrAlSiH,6.4444323,5.7505007,-2.1983323,14.77206,0.16797547,13.23718,21.08442,1.4432763,41.0183,0.08455664
mp-571093,BaAlSiH,5.7567887,6.683874,-1.0436004,13.841271,0.17046836,14.36136,4.542877,-0.090864144,9.984069,0.2321742
mp-568177,CaAlSiH,9.03927,5.501899,-2.7483826,13.837821,0.1677943,14.28971,21.1661,4.6349187,39.807663,0.07743093
mp-760276,Li5MnOF5,3.326072,6.411481,-1.0472002,14.0457945,0.1855568,2.3950415,5.1874614,-3.6052082,11.953545,0.17865358
mp-571414,KNa(BH4)2,2.977503,5.798218,-2.1098914,13.362996,0.1875286,2.2679005,5.0142784,0.24372318,9.483377,0.28932947
mp-753062,Li5NiOF5,2.9931607,5.9946685,-2.159377,13.477864,0.16342463,2.2402804,4.305313,0.2452199,9.172619,0.26035586
mp-979137,SrGaSiH,6.5347857,6.9066725,-2.1484756,13.827758,0.15202405,14.497244,21.756454,2.3789577,39.60022,0.075058214
mp-978847,SrGaGeH,6.716027,21.126797,1.1885377,44.54625,0.07778373,38.31508,21.80883,3.573737,40.493523,0.0764528
mp-978852,SrGaSnH,5.980934,22.840729,3.1841352,46.69963,0.06077419,33.02963,20.887499,2.2273185,40.149796,0.073683746
mp-850339,Li5CoOF5,2.841217,5.230178,-1.7192885,14.135133,0.1844252,2.3350182,3.7967274,-0.124046534,9.536792,0.25024316
mp-980057,SrAlGeH,6.5751123,6.140721,-1.740874,13.507008,0.15439954,13.57992,4.8001885,-0.24116968,9.5908,0.26995975
mp-23764,Mg3Si2H4O9,2.9794052,6.606279,-2.3850486,13.561076,0.17892675,2.5308979,4.6786013,0.0879767,9.411207,0.26279524
mp-558828,K3Nb3(BO6)2,20.81615,22.097694,1.1751951,43.589268,0.0695141,4.506795,5.046267,-0.39574224,9.702822,0.25714675
mp-16804,LiCaPO4,7.290594,6.2892876,-2.064488,14.070839,0.1819165,2.749328,3.8612914,-0.1264204,10.107633,0.24047625
mp-18741,RbLiCrO4,3.8423293,5.3333364,-1.608095,13.882955,0.17900397,2.715202,4.3269634,-0.08229796,9.629247,0.24825436
mp-6800,KLiSO4,3.821512,5.3008513,-2.3035862,14.591599,0.15702923,2.2111814,4.2593603,-0.32222167,9.4344845,0.25072324
mp-6783,NaLiSO4,4.3076525,6.7030244,-1.9621394,14.501222,0.1726387,2.2801938,4.5969896,-0.1810117,9.465726,0.2509086
mp-1018678,CsHSO3,4.1035953,5.591047,-1.6320825,14.919419,0.16110995,2.3937755,4.677085,-0.21549074,9.407156,0.2563916
mp-1217120,Ti2FeNiSb2,11.293967,20.660976,1.1512222,44.43856,0.069313124,22.617788,20.472843,2.3529925,39.659565,0.07341726
mp-1219089,Sn3TePb4O13,37.70444,23.658623,-0.58480245,45.814457,0.070019834,5.593583,5.126503,0.003709659,9.358068,0.24977936
mp-1219274,ScNb(NiSn)2,5.8487577,6.3537073,-1.980949,14.123675,0.16299734,23.44959,20.082127,2.8741004,40.16066,0.07628651
mp-1222618,Li2ZnCdP2,7.714727,5.245503,-1.9083886,14.60586,0.17104936,10.354285,4.769375,0.3408401,9.573113,0.25387347
mp-1228131,Ba4Nb2WO12,68.75058,72.29735,9.310362,156.05559,0.02033018,4.9426794,4.54163,-0.059155114,9.436135,0.2564849
mp-23771,SmH3(CO2)3,4.4324255,5.7585006,-3.1601777,14.094936,0.17900959,3.060246,4.273242,-0.6951907,9.768063,0.2556105
mp-23837,NdH3(CO2)3,4.3229237,6.131098,-2.1394982,13.680563,0.16212168,3.0431287,4.963314,-0.12090278,9.370154,0.2583254
mp-23612,K3B6BrO10,2.9432578,6.1407814,-1.7435148,14.532763,0.16776317,2.5485919,4.2950273,0.3653986,9.76199,0.24296917
mp-546500,NaCNO,2.453306,6.5316157,-1.6726074,13.892724,0.1801601,2.1568143,4.882206,0.008248632,9.628795,0.24015221
mp-554051,H6CNF,2.1897511,5.9867167,-1.5359786,14.439215,0.17857994,1.9948272,5.1040354,0.46188203,9.706658,0.25633428
mp-557510,Cu3TeS3Cl,3.1292484,4.8387594,-1.655286,14.654671,0.16306941,10.134376,4.971452,-0.5909291,9.045871,0.2842688
mp-559593,PS3N5F2,0.8700273,6.803028,-2.9967356,13.978924,0.15754452,2.6072419,5.014246,0.31608152,9.509855,0.23734106
mp-753402,LiV5O7F,8.356146,5.7307577,-1.4024826,14.212233,0.16548721,6.882311,5.301813,-3.6441574,12.384998,0.17955953
mp-642999,TmH3(CO2)3,4.947004,6.5356636,-1.8960602,13.887385,0.17939161,3.1027796,4.7103214,-0.07255769,9.919147,0.2656518
mp-642991,TbH3(CO2)3,4.469092,5.7855825,-2.8970997,13.775238,0.18010116,3.1023755,4.439826,-0.11220903,9.238798,0.28644854
mp-753280,LiMn2OF3,5.986342,6.2914696,-2.0141287,14.000995,0.186081,2.869574,4.736549,0.017530989,9.204674,0.2734488
mp-642729,LaH3(CO2)3,5.186448,5.636693,-1.9703251,13.856482,0.15144043,3.0418565,3.874672,-0.11915625,9.603574,0.23921287
mp-758755,Li3Co3OF7,3.8595133,7.0254645,-2.313725,14.313825,0.1721979,2.5072072,4.7845335,-0.20949118,9.236881,0.2414283
mp-761669,Li2Ti3CoO8,51.33077,21.898167,0.5748515,41.7276,0.06539898,5.4846096,4.1518764,0.2726373,9.55615,0.24518707
mp-759115,LiMn5O3F5,6.6788864,6.6557426,-2.01708,13.242526,0.16519824,3.1595979,2.9922314,-21.119955,36.13519,0.05991187
mp-775027,Li2Mn3CoO8,6.9925537,7.3946486,-1.6589853,14.173009,0.15551315,6.921957,4.1549234,-3.2772667,11.936827,0.19444093
mp-775196,Li2MnCr3O8,37.198193,21.400993,-0.09621785,45.20349,0.07231005,11.9998865,4.9405675,-2.784675,12.603506,0.17277834
mp-756504,LiMn3CrO8,6.862966,4.9151745,-2.4302263,15.2578125,0.16948394,7.216033,4.487323,-4.0368686,11.826121,0.20163235
mp-761675,Li2Cr3CoO8,29.43332,27.438004,1.6671747,43.520245,0.07186577,7.844914,5.3845654,-3.2771153,11.948566,0.17338288
mp-831271,LiFe3O3F4,5.992133,6.604562,-2.6214106,14.848735,0.18209413,3.4708593,4.051747,-19.492678,33.20071,0.05318954
mp-775319,Li2Mn3NiO8,7.0444775,5.6260486,-2.1857789,14.160055,0.16697027,6.3483133,4.6138544,-2.7918005,12.57779,0.18753798
mp-776015,Li2Ti3NiO8,42.531612,19.77518,1.0269206,42.2815,0.07406191,5.28939,4.951585,0.07726602,9.717653,0.25781608
mp-780876,Li6Fe(OF)3,3.641483,6.68251,-1.755708,14.562172,0.19330986,2.4503198,5.0108275,0.02925919,9.390364,0.24443123
mp-542464,Ga2H6(SeO4)3,4.547073,6.1974506,-2.087309,15.012092,0.16251701,3.2994478,4.993589,-0.30921808,9.388517,0.28182697
mp-543040,Ga2Te3(HO2)6,5.3238034,5.699404,-1.450189,14.512141,0.17822134,3.7313912,4.4872475,0.2808198,9.50644,0.26744246
mp-542136,Na3PSO3,3.8874452,5.883853,-1.9716707,14.545575,0.16255835,2.7718608,4.540268,-0.091310866,9.443927,0.2553856
mp-559500,Na3VSO3,4.3449364,5.77763,-1.9404293,13.915672,0.18862943,3.2521114,4.7715464,0.27770257,9.281653,0.25740114
mp-1208634,SrLiCrF6,4.3852806,7.557497,-2.8700492,14.476044,0.16290873,2.2375987,4.1971836,-3.4406266,11.577097,0.18382768
mp-1208619,SrLiGaF6,5.077162,6.0554633,-2.265644,13.593019,0.18635921,2.108806,4.7995353,0.1565948,9.651069,0.2523669
mp-10340,Na2GeTeO6,5.250818,4.675358,-1.7796472,14.847987,0.18955627,3.3210983,4.739505,0.15306374,9.887075,0.22236548
mp-1211098,LiCrCdF6,4.0998535,4.832637,-2.3980432,13.505522,0.1633285,2.512393,4.7100058,-2.8356438,12.565716,0.17350358
mp-1226306,CrBiTeO6,16.191593,22.378727,0.9825604,45.25224,0.071237676,5.488892,4.382023,-0.16349454,9.556386,0.24331878
mp-12829,LiCaGaF6,4.827025,5.9429846,-1.322613,15.212659,0.16012093,2.140884,4.616953,-0.2683092,9.954421,0.23628876
mp-13383,ScAg(PSe3)2,5.7084303,6.5144496,-2.377189,14.539405,0.16535386,6.969877,4.757389,0.5578649,9.56617,0.2619998
mp-20902,InAg(PSe3)2,5.582963,6.44095,-1.6037462,14.0178385,0.17634237,7.379952,4.548812,-0.0573307,9.865714,0.24861097
mp-22661,InAg(PS3)2,5.1168337,5.7432156,-2.5739317,13.977069,0.18848254,5.5009365,4.9913783,-0.245484,9.852476,0.26515633
mp-6134,LiCaAlF6,4.420084,6.3263235,-2.6764705,14.56329,0.16780071,2.0298116,4.911578,-0.5834296,9.890233,0.2394195
mp-556792,LiCaCrF6,4.130279,6.005021,-2.058075,13.610801,0.17803471,2.2861319,4.9831066,-3.3797247,11.864448,0.17654945
mp-6591,SrLiAlF6,4.7629747,5.0807137,-1.8025756,13.133505,0.17270033,2.0086668,5.294898,-0.38930735,9.738787,0.24052727
mp-8616,ScAg(PS3)2,4.327223,5.3616724,-2.2287061,14.475221,0.15859126,5.4141264,5.076027,0.41481617,9.784375,0.26237145
mp-1104363,K3ScV2O8,12.085194,6.3304257,-2.6296968,15.068918,0.18037955,3.5283625,4.9830933,-0.5290772,9.107372,0.24918103
mp-1206440,Cs2LiCrF6,7.5789065,6.047179,-1.7561398,14.318996,0.17899796,2.2683175,3.4069881,-3.2324398,12.084732,0.1827959
mp-1209180,RbSc(MoO4)2,5.770986,6.1130524,-1.8502642,14.523582,0.16568393,3.1412237,3.9698954,0.07641715,9.023082,0.24755597
mp-1209248,RbAl(MoO4)2,4.0109057,6.715269,-3.7666597,13.598372,0.1613703,2.929904,5.072912,-0.12252766,9.420939,0.2761822
mp-1206187,Rb2LiRhCl6,5.168059,5.87976,-2.9830112,14.889527,0.16961332,3.013176,4.8691187,-0.0035798647,9.578855,0.28924963
mp-1206808,Cs2LiAlF6,7.972159,4.5403376,-1.6041801,13.910506,0.17852868,2.1175673,5.450425,-0.42832163,9.799085,0.2549
mp-1209350,Rb3YV2O8,11.535488,5.579443,-2.295711,13.658186,0.16491966,3.2945726,4.4523535,0.42201105,9.2309675,0.2687344
mp-1213157,CsSc(WO4)2,4.4943504,6.244718,-3.1668952,13.723181,0.16021945,2.908845,4.728833,0.11882725,9.669488,0.26207027
mp-1213231,CsY(MoO4)2,4.5582347,6.120619,-1.6075459,13.966097,0.16463919,2.8439,4.380475,0.08390947,9.58925,0.2639792
mp-1214475,Ba3Ta2ZnO9,37.13812,24.565538,3.9458468,45.69824,0.068611465,4.803998,4.9709253,0.19305006,9.281429,0.27481797
mp-1214569,Ba3CaNb2O9,172.68765,89.1714,4.188129,164.04872,0.020833569,4.8451443,4.8118563,0.4929953,9.637625,0.23647214
mp-1214516,Ba3Nb2NiO9,38.028706,23.606981,1.9527125,46.40875,0.07261271,5.2348967,4.416507,-0.56353676,9.22979,0.23457682
mp-1214502,Ba3Nb2CdO9,179.80789,84.50781,2.9200263,157.00142,0.021385537,5.08874,4.724765,-0.6380795,9.9385805,0.23769353
mp-1214505,Ba3Ta2MnO9,36.462917,24.457308,1.5845681,44.07537,0.06837787,4.763718,4.790674,0.39179903,10.042695,0.24369897
mp-1214485,Ba3Ta2CoO9,28.015131,22.119545,2.1282277,43.448097,0.069000885,4.942033,4.0262184,-2.5992427,11.558397,0.16474761
mp-1220908,NaSO3F,2.5865793,6.0981207,-2.3100786,14.470118,0.16097388,1.9998043,5.2486486,-0.65283877,9.598471,0.27969658
mp-1228141,Ba3CaTa2O9,52.025833,74.36914,4.7970247,159.28223,0.02269201,4.537833,5.6860447,-0.377665,9.497012,0.247394
mp-19450,ScTl(MoO4)2,12.238717,6.67686,-2.789337,14.1766205,0.16997467,3.5069704,5.3142796,0.3437194,9.821732,0.26764297
mp-19352,KAl(MoO4)2,4.3563786,5.4008408,-1.8585384,13.741737,0.17574826,3.0181818,4.417985,-0.047565274,9.387132,0.2586517
mp-13630,Rb3NaBe2F8,13.589176,6.163126,-2.168329,14.102406,0.17037669,1.9749112,5.0884504,-0.5726261,9.911989,0.2599285
mp-18733,AlTl(MoO4)2,8.551201,6.033375,-2.1553485,14.749524,0.18287891,3.3100746,4.376025,-0.09340217,9.25445,0.25880957
mp-18837,KSc(MoO4)2,6.311905,5.6583004,-2.2286987,15.158115,0.17232178,3.236371,4.664492,-0.048932333,9.518227,0.25355136
mp-32310,Ba3Ta2NiO9,24.902786,21.302393,2.796716,43.34498,0.07359672,4.826504,4.52944,0.001794614,9.562131,0.2402151
mp-504506,RbIn(MoO4)2,4.098782,5.5927343,-1.8153024,14.375729,0.15679996,2.9389806,4.8663282,0.057901148,9.934589,0.24618739
mp-554669,Ba3Ta2CdO9,55.259937,82.17498,-8.0888605,151.59393,0.022096384,4.7235665,5.1695347,-0.120363764,9.724118,0.25151378
mp-554959,K2Al2Sb2O7,4.968196,5.7453866,-2.0876176,14.122791,0.15580866,3.0962522,5.241744,-0.0053469506,9.580063,0.25239065
mp-546864,Y2C(NO)2,7.9388747,6.309807,-1.2601346,14.169977,0.16538256,4.05944,5.0805283,0.12765409,9.388775,0.25236148
mp-556275,Rb2Al2Sb2O7,4.2537017,5.7454023,-2.3842103,13.37415,0.17920321,3.085711,4.578244,0.09120793,9.871699,0.2902952
mp-557359,Cs2Al2Sb2O7,4.0890565,6.307759,-1.9713305,14.628571,0.17754252,3.1287992,5.3055525,0.15126745,9.414048,0.2554766
mp-556996,K2LiAlF6,5.8910956,6.51809,-2.4168909,13.812887,0.17615181,2.020145,5.1235285,-0.05390107,9.401901,0.29654145
mp-634466,HgH12(ClO7)2,2.568938,7.4952374,-2.3563688,13.762948,0.17063947,2.3538659,4.405944,0.10247165,9.697088,0.28890976
mp-643004,SrMg2FeH8,8.630349,6.6922865,-2.7264478,14.169981,0.17318738,4.6561823,4.78822,0.17651956,9.896489,0.23727562
mp-6325,Ba3MgTa2O9,27.486452,20.702015,1.4173493,45.047245,0.072870016,4.574469,4.914119,-0.26310638,9.222616,0.25218743
mp-643264,BaMg2FeH8,8.567066,4.8975296,-3.2798514,14.071069,0.16237439,4.668926,5.255001,0.25312075,9.232651,0.2702156
mp-6654,Cs2LiGaF6,7.9347053,5.750978,-1.6495756,14.363903,0.16755089,2.1828475,4.9950547,-0.43696746,10.14086,0.2556435
mp-1209234,RbCr(SO4)2,3.9086802,5.992818,-2.3688657,13.908566,0.17223307,2.8298,5.051502,0.14066826,9.517817,0.25895166
mp-554400,Mn2Nb2Zn2O9,19.086208,22.606434,1.6097618,42.048664,0.06649286,5.266133,4.6313033,-2.8440685,12.255421,0.19625612
mp-1077553,Sr2BBrN2,4.698818,6.6433163,-1.6249671,13.706231,0.17670749,3.5451362,4.5691185,-0.6326862,9.918595,0.23292732
mp-1189625,Cs2LiScCl6,8.075244,5.826393,-2.0251281,14.181535,0.1505856,2.9444838,4.814127,-0.16460557,9.723088,0.25068966
mp-1222170,Mg3MnNi3O8,5.674267,5.7159576,-2.1110606,15.485634,0.19040163,4.2375526,3.6237335,-3.0224307,12.278775,0.1837319
mp-1224076,In2AgS3Cl,7.3765335,5.101541,-1.7450032,15.687252,0.18219179,6.6719646,4.691325,-0.21820265,9.513805,0.25057214
mp-1226191,Cs2Ge(TeO4)3,8.004054,6.8131485,-2.7861645,14.938319,0.1701573,4.4443517,4.2595444,-0.19869384,9.832076,0.24277037
mp-1225099,FeAg2Sn3S8,5.562721,4.7712746,-2.026539,14.374943,0.1810033,11.702151,4.236122,0.14880167,9.469326,0.26201203
mp-12309,Cs2NaAl3F12,6.417086,5.084316,-2.0830693,14.119675,0.17427483,2.0478384,4.7762012,0.22426558,9.359119,0.25688782
mp-1228784,Ba10IBr4N5,33.4804,22.807358,-0.45888388,43.72014,0.07299181,5.490801,5.0221395,-0.24322084,9.435,0.26309493
mp-12626,K2SrBe2F8,5.036403,6.7694197,-2.008837,14.062403,0.18303004,2.042038,4.6609583,-0.18593127,9.705023,0.24910666
mp-13634,Cs2LiAl3F12,6.461187,6.476552,-2.0886812,14.282173,0.16847287,2.0985036,4.4647064,-0.21673276,9.004067,0.2564364
mp-1539190,Cs2Hf(WO4)3,160.55246,79.76314,-0.96317106,149.04489,0.022215704,4.8136325,5.4698086,0.08614539,9.230837,0.27639014
mp-1540553,Rb2Ti(TeO4)3,17.098751,22.751884,1.0125631,41.676296,0.069765165,4.438144,4.5804462,-0.021886392,9.607538,0.24539356
mp-14638,Rb2LiGaF6,6.1979427,7.1352777,-2.0464046,14.000352,0.16803016,2.1694052,4.256254,0.2114436,9.832237,0.2568628
mp-19189,K2Co(SeO3)2,6.9009695,5.7972565,-1.6181889,14.485549,0.1853877,3.2935884,5.108142,-0.13229482,9.97209,0.23773783
mp-15549,K2LiAlF6,5.628938,5.387823,-1.3011513,14.300786,0.15779193,2.0071647,4.736102,0.486827,9.902999,0.23290491
mp-23758,KNa(BH4)2,5.1850753,6.248906,-1.6460217,14.327943,0.14850639,2.4215295,5.2931776,0.30491355,9.320366,0.24277006
mp-24798,Rb3B12H12Cl,2.965625,5.4867268,-2.2501588,13.897697,0.17094295,2.7811675,3.9829216,-0.37297562,9.439337,0.25448686
mp-23582,KLi6BiO6,6.791211,6.827656,-1.6983569,14.68979,0.16080028,3.8379958,5.1463,0.07319903,9.247906,0.25359458
mp-23774,K2LiAlH6,5.3998713,5.8818607,-2.4714851,14.608765,0.17135057,3.3372653,4.504017,-0.092964225,9.6190195,0.25507388
mp-504611,Cs2NaFeF6,5.767303,6.4898224,-1.0453706,14.255152,0.16618408,2.3302696,4.9280143,-2.407116,12.257242,0.17431559
mp-6163,Cs2NaGaF6,5.351508,6.4585743,-2.5035148,13.942039,0.16508277,2.2391105,5.065312,-0.29624546,9.798474,0.3095309
mp-6494,K2Ca(CO3)2,5.003696,6.0631075,-1.7213259,14.56135,0.17394856,2.5225453,4.6920295,-0.5248373,9.464258,0.26563838
mp-6528,Cs2NaAlF6,5.053389,5.89487,-2.973774,14.525797,0.17224953,2.1843066,4.2817793,0.11705783,9.593231,0.25212842
mp-7385,K2Be2PbF8,9.133704,6.345104,-2.2808378,14.374951,0.1661097,2.3257422,4.9317026,0.03288222,9.821845,0.23849188
mp-753406,LiNi2OF3,3.6677315,5.3417544,-1.4059542,14.101737,0.15912992,2.8091943,3.9802055,-2.6120236,11.978258,0.19687752
mp-756138,Li2V3SbO8,5.551977,5.8699455,-2.1413362,13.006971,0.17648079,4.365338,4.862135,0.3372357,9.041782,0.27131957
mp-756810,Sr3Ta4(O6F)2,46.29936,22.640419,-1.5710934,42.966885,0.08147087,4.5582404,4.895229,0.07270289,9.251383,0.25551987
mp-8891,K2Zr(BO3)2,6.93547,5.8003855,-2.0618315,14.7516575,0.18575978,3.2077727,4.652955,0.19832776,9.411663,0.25654852
mp-8127,K2Mg(CO3)2,4.543968,6.094592,-2.278081,14.06707,0.17923883,2.5184934,4.8018064,0.13887915,10.054331,0.2741252
mp-861572,LiMn2OF3,6.2014003,5.029888,-2.0589204,13.900325,0.18725933,2.6611664,5.1060586,-3.7168322,12.211166,0.1826407
mp-9059,KLi6TaO6,8.733064,5.714541,-1.235756,14.3903265,0.15616249,3.390678,4.8987827,-0.21031484,9.086884,0.25899804
mp-9259,Ba2Mg(BO3)2,9.1544,6.8161817,-2.1931684,14.1697855,0.16282307,3.430856,4.2089243,0.61140114,9.253229,0.2316818
mp-1190024,Ba3NaSbO6,11.046643,5.620092,-2.8454537,14.384076,0.17547937,3.929337,4.840867,-0.6223431,8.837555,0.23510954
mp-10392,Sr3CdPtO6,9.953282,7.1436462,-2.4511771,13.490465,0.1838511,4.851903,4.8212175,-0.07507753,9.67078,0.25748906
mp-10461,NaSr3SbO6,9.99883,5.6036777,-1.9511617,14.340254,0.17965586,3.6256466,5.1018333,-0.3445362,9.484773,0.26868275
mp-1190404,Sr3LiNbO6,24.024504,21.88522,1.1724582,43.477142,0.07195347,4.179075,4.5156903,0.048129193,9.772198,0.26769096
mp-1190151,Sr3LiSbO6,12.002111,7.0980306,-2.0182652,14.06903,0.17678562,3.6472394,4.757025,-0.051968567,9.679711,0.2620625
mp-1190486,Sr3LiTaO6,18.02063,25.132511,1.8802556,42.994045,0.0729894,3.9588745,4.5886517,-0.19690084,9.085275,0.22916794
mp-1191787,LiCa3OsO6,12.944002,6.270406,-2.751211,14.525316,0.17483932,4.8444667,4.7112293,0.113637164,9.356724,0.24890421
mp-13042,NaSr3TaO6,14.74636,5.8981695,-2.8650093,14.438313,0.15775585,3.901755,5.4190397,-0.4140207,9.629297,0.27990454
mp-18247,Sr3ScRhO6,10.111406,5.3555784,-1.4080149,13.942187,0.17953399,4.919002,4.64457,-0.11836954,9.197921,0.2602775
mp-18498,Sr3YRhO6,10.456919,5.479556,-2.035168,13.698482,0.17884287,4.8612394,4.189331,0.32999203,9.39374,0.2631196
mp-18843,Ca3FeRhO6,12.441464,5.5753365,-2.3237922,13.540508,0.17824364,5.5351834,4.6221123,0.14953543,9.072436,0.23899148
mp-554023,Be2BO3F,1.9733312,6.159034,-1.9155319,14.08636,0.16448346,2.2824225,4.3253546,-0.26650798,8.8476305,0.24793363
mp-556316,Ba3NaBiO6,12.223217,6.9661617,-2.4479208,14.550784,0.18492113,4.3147626,4.7410975,0.1476006,9.919645,0.26596838
mp-555812,NaSr3BiO6,11.359297,5.6634817,-1.6284711,13.724483,0.16126637,4.0404396,4.53141,-0.18269184,10.225494,0.26972067
mp-561991,Ca3ScCoO6,11.110279,5.491248,-2.753193,13.840385,0.17848794,4.744617,4.621798,-0.29237613,9.691903,0.26924527
mp-570158,KRb3CdCl6,4.519887,5.470153,-1.8194488,14.12688,0.14054403,2.5567622,4.7105784,0.07347669,9.784407,0.2359671
mp-6233,NaSr3RuO6,11.951924,6.2531843,-1.5243524,13.874466,0.18146734,5.0729327,4.2079067,-2.4368336,12.217577,0.18589142
mp-540696,Ca3(SiAs2)2,6.714832,7.1975527,-1.9192849,13.164251,0.14453764,10.894345,5.0379057,0.11404604,9.486409,0.23527183
mp-541236,Na5HfAs3,8.470796,6.0067463,-1.6935982,14.96416,0.16490015,7.586554,5.298051,-0.37384424,9.268777,0.24813516
mp-541111,AlGaCl4,18.27214,22.592121,2.5514214,45.001728,0.08264923,2.9731967,5.111892,0.12237313,9.9798155,0.24009061
mp-541619,Na2TeO3,4.9218335,6.343272,-1.8393594,14.380204,0.18892099,3.4782116,4.9505844,0.23020826,9.896286,0.25813845
mp-5416,Na2SeO3,4.0734997,5.6787634,-2.1977015,13.892998,0.16335157,2.845383,4.729005,-0.027050853,9.964868,0.27832094
mp-541378,CsBiS2,14.807712,5.9030304,-1.9482844,13.962148,0.1571488,5.436405,4.9936724,-0.19807264,9.414926,0.25403756
mp-554142,Ge(TeO3)2,5.6429906,6.046706,-1.9546442,14.5015545,0.15638277,3.9759316,5.2415257,-0.13968208,9.248314,0.26919785
mp-554517,NaMnF4,3.5979674,6.167204,-1.4691329,13.597726,0.15359294,2.4179738,5.040142,-3.3706324,12.130116,0.18416794
mp-554689,LiCoF4,3.2848516,5.470826,-2.0667527,14.42283,0.15749927,3.1938813,5.3830767,-3.5609455,12.242427,0.18190874
mp-555292,PNF2,1.2551502,5.366481,-1.9485896,14.016027,0.16197546,2.0211167,4.6944075,-0.034277372,9.43995,0.24629168
mp-557997,CaSeO3,6.362363,5.860771,-1.7364781,14.536065,0.16183083,3.4449437,4.49244,-0.36206853,9.511353,0.251044
mp-557224,HgSeO3,6.0719724,7.2413025,-2.5476449,14.039552,0.16518795,4.011489,4.819835,-0.34964618,9.364021,0.25261006
mp-558731,Li2TeS3,9.891224,6.181884,-1.8292348,14.312637,0.17448741,7.8423767,5.020487,-0.33644456,9.674875,0.24194534
mp-560311,Na3FeF6,8.152727,5.947277,-1.5599687,14.977099,0.17433466,2.102596,5.601121,-3.2468393,11.620213,0.16066478
mp-561511,FeAsS,12.327213,22.866573,-0.013444473,45.48076,0.07539905,25.017475,21.036419,3.2496705,42.01494,0.07832534
mp-561200,Na3MnF6,5.932428,6.4196424,-2.3191547,14.504313,0.16644321,2.123801,5.086341,-0.0028650477,9.420684,0.2506767
mp-561639,CsSbS2,16.207184,20.861807,2.2926948,43.471024,0.06803412,5.2584734,3.9441109,-0.222122,9.154148,0.2690137
mp-567823,KC2N3,6.290656,6.0628276,-2.1322107,14.502684,0.17411642,2.7216284,5.007433,0.20383453,9.728242,0.2628549
mp-570248,NaC2N3,12.506308,6.6503024,-1.7798365,14.829095,0.16730538,2.9094324,4.901518,-0.15337002,9.369995,0.25082058
mp-571453,K2SnCl6,3.3276503,5.874894,-2.2412791,14.406889,0.18033269,2.6098368,4.110153,-0.23183568,9.713992,0.24419084
mp-574040,K2SnBr6,3.4718633,5.287008,-2.3183684,13.780977,0.18582349,3.1684992,4.2729425,0.25908726,9.378929,0.24808908
mp-573358,CsBSe3,3.9636562,5.4551315,-2.3716745,15.359078,0.16528754,4.5014396,4.2069597,0.3705886,9.708116,0.27450004
mp-5942,NaAsS2,3.6996973,7.1000896,-1.5205163,14.026005,0.18181974,5.4779115,4.0209513,-0.31251356,9.532749,0.2535986
mp-626378,As3HO6,4.9229226,6.2993813,-2.4828281,13.885031,0.2021459,3.3211617,4.6179,0.03219141,9.618565,0.24648546
mp-626464,PH3O4,3.230624,7.155945,-1.826284,13.893122,0.1938768,2.2958584,3.986014,0.033539385,9.523166,0.24136437
mp-624190,GePbS3,11.242343,6.76326,-2.3774617,13.473654,0.16878524,6.5208845,4.694318,-0.0153009575,9.44675,0.2583189
mp-650442,Tl3AgTe2,24.216187,22.285774,1.4901618,43.35113,0.06905531,17.175592,19.570904,3.1261644,39.73517,0.08745157
mp-642817,KHO,10.956395,5.677702,-2.0529478,13.560908,0.17081167,2.4052932,4.7640123,0.09546893,9.548486,0.24418263
mp-653579,Re3S4Cl,0.5114146,5.046719,-2.2820356,14.047222,0.16417319,6.958061,4.622554,-0.22653508,9.362487,0.25337115
mp-652046,Re3S4Br,0.41613057,5.2087364,-1.604259,14.253545,0.17642851,7.214286,3.969744,0.33104587,9.896388,0.24145572
mp-675232,CrHO2,5.642317,5.9861107,-1.5454786,14.346033,0.17187552,4.3854604,4.289822,-2.8831317,11.969811,0.15593836
mp-683918,RbC2N3,4.618653,7.0402565,-2.3102703,14.364799,0.16874738,2.6750157,4.171376,0.33080897,9.529258,0.23531072
mp-7020,LiYO2,9.410359,4.9873695,-1.5552815,14.186537,0.16430649,3.718132,5.301463,-0.33348265,9.236841,0.24759981
mp-7198,SrPSe3,4.4532723,5.6891203,-2.4954853,13.454353,0.17670198,6.235839,4.1868725,0.25187743,9.358947,0.2487204
mp-7534,K2Cd2O3,20.45445,22.301554,-0.5976701,47.15873,0.075427376,4.9937134,4.8379774,-0.13122024,9.443229,0.26786134
mp-756202,Ba2SrI6,7.754344,5.708204,-2.9208624,14.107884,0.17913485,3.8273513,4.9800215,0.26511446,9.13847,0.25071928
mp-759543,FeOF,11.014231,5.935433,-2.5261254,15.015878,0.16716105,4.4223084,4.816408,-0.1204888,9.741628,0.2684258
mp-766217,Sr4Cu2O7,10.0159235,6.1829453,-2.5802624,13.76377,0.16615975,7.9497166,4.9345884,0.01761398,9.907715,0.28519988
mp-768941,Sr3TeO6,10.654992,6.82384,-1.7136412,14.392805,0.1810398,3.6357818,5.355191,0.18093458,9.915878,0.24023302
mp-8194,Ba2GeP2,8.923038,6.0506287,-2.1364489,14.248524,0.16240777,10.736407,4.751339,0.20534806,9.539012,0.23990135
mp-8195,Ba2GeAs2,8.201792,5.8165007,-2.4423344,13.477031,0.18868901,11.877695,5.18337,0.111448914,9.1514635,0.2746704
mp-861057,Ca2Tl2O5,17.004036,22.048542,1.6554528,41.243332,0.07837093,5.791474,4.170057,-0.009585837,9.706159,0.25943208
mp-8708,Mg(AuF4)2,1.7474091,6.216293,-1.2507144,13.2024555,0.18461527,2.5820324,4.907033,0.2518747,9.292465,0.27144748
mp-9047,RbBS3,4.4227552,6.9397182,-2.0361073,13.363012,0.17487933,3.7773342,4.765023,-0.2963339,9.389359,0.26173013
mp-9788,SrPS3,4.5523615,6.5430603,-2.7659445,13.7914095,0.17127983,4.796762,5.0784774,0.1943306,9.537477,0.24838255
mp-9462,CsTeSe3,8.961333,4.9211855,-1.8192303,14.135599,0.16765217,8.721739,4.590456,-0.18900815,9.760771,0.251994
mp-9789,CaPS3,6.095353,6.751174,-3.1288297,13.745061,0.1667525,5.2933173,4.1801257,0.48712385,9.559145,0.23568124
mp-996962,LiAgO2,3.7721312,5.790493,-2.099116,15.334693,0.17214322,7.7827067,4.4757185,0.11469868,9.416725,0.27739632
mp-989622,BaWN3,9.281266,5.0617056,-1.8145179,13.505024,0.16482139,8.10163,5.1367855,-0.30295503,9.025103,0.2493042
mp-996983,AgAuO2,4.020127,6.186013,-2.469147,13.112648,0.17468236,10.223538,5.137266,-0.6817472,9.4465685,0.25361001
mp-10289,Ca(BC)2,7.6747737,5.749936,-2.7663069,13.845382,0.16995831,15.845259,21.50418,3.0316973,38.398045,0.08682679
mp-10165,KAlTe2,3.847425,5.2992253,-1.851754,14.252605,0.15995055,6.1043243,5.1469803,0.08004817,9.982348,0.24803896
mp-10166,NaAlSe2,9.081258,6.0048885,-2.162787,13.687862,0.15680361,5.5786486,4.6147795,0.30705276,9.206166,0.24166039
mp-10163,NaAlTe2,10.333388,5.90055,-1.7989689,14.272714,0.17661588,7.514796,12.180524,-26.72517,51.307766,0.044478
mp-10164,NaGaTe2,11.602265,5.562121,-2.1987364,13.4045,0.16513033,9.826277,4.7373643,0.03177535,9.798529,0.27269462
mp-1184118,Cs3CdH5,9.207152,6.8329315,-2.848236,15.127775,0.17364435,3.2009919,4.750272,0.14627439,9.630078,0.25843486
mp-11918,Ca(BeN)2,10.749067,6.3572407,-1.6691426,14.186465,0.1767337,5.3066854,5.3150306,0.75302386,9.518736,0.23213215
mp-11919,Sr(BeN)2,10.228714,5.920824,-1.7032381,14.3807745,0.16981749,5.1609654,4.696992,-0.118035756,9.1923895,0.2686554
mp-12622,SrPdF4,3.6720474,5.6026945,-2.3946404,14.557536,0.17422171,2.7731416,5.298151,-0.09054525,9.318622,0.24328029
mp-12265,SrCuF4,4.184499,5.8622155,-2.4893086,13.63262,0.1688508,2.5154061,5.400129,-19.063696,32.548462,0.06504352
mp-12266,CaCuF4,4.654188,6.2389746,-2.7427335,14.022859,0.16505568,2.6221187,4.793786,-2.1781254,11.943078,0.19332543
mp-12623,BaPdF4,3.8428144,5.0180025,-2.537397,13.727518,0.16966869,2.722092,4.561722,-0.10687401,9.36197,0.27753365
mp-12927,Ba(BeN)2,9.7658205,5.8601856,-2.0669916,14.258937,0.18140583,5.631105,4.752249,-0.14133404,9.645401,0.24758863
mp-12867,SrSnO3,16.907343,6.107916,-3.2311227,13.736255,0.16202827,4.5117254,4.6526656,-0.00925205,9.913524,0.2769026
mp-1402637,MgNiF4,9.526752,6.6675034,-2.4311216,13.483051,0.16103712,2.387451,3.8161933,-2.8824432,11.61198,0.16640507
mp-1412709,MgCuF4,6.94541,6.3012457,-2.8314157,13.603443,0.17139773,2.738228,5.5217185,-3.6705573,12.255769,0.18536185
mp-1388114,CaCrF4,5.413718,6.1822195,-2.957965,14.484514,0.17749138,2.393161,4.916896,-3.6198945,12.265831,0.19348925
mp-16060,AgAuF4,2.344529,6.0493603,-1.821268,13.980459,0.16459236,4.5719337,4.9951487,0.039105967,8.772335,0.24674699
mp-19851,KInTe2,4.84755,5.456192,-0.6187186,14.540571,0.16707201,7.2881193,4.2036967,-0.2260282,9.366533,0.25436518
mp-20805,PdPbF4,10.8885145,6.5731316,-2.0029738,13.308809,0.17959088,3.8233752,4.3385606,-0.2640253,10.0035715,0.24299231
mp-22255,RbInTe2,4.103182,5.714641,-2.3316455,13.1512985,0.167822,6.699805,4.410857,0.28157347,9.340347,0.24629486
mp-22232,TlInSe2,62.264816,79.02135,6.762577,158.42912,0.019832605,8.987121,4.821703,0.22127397,9.294053,0.26466277
mp-22483,NaInTe2,20.251612,24.053415,3.1017137,42.584972,0.070626065,9.448655,4.64915,-0.18883939,9.752468,0.27596238
mp-22791,TlInTe2,39.318535,20.983212,0.096973136,43.373066,0.068024285,12.165953,4.7917047,0.23035093,9.488968,0.27245322
mp-23488,Tl5Se2I,27.23238,22.06491,-0.6874187,46.437717,0.063085146,10.893921,4.9118266,-0.10303828,10.014078,0.22852206
mp-23846,KHF2,7.2222185,6.217785,-1.3803436,14.013629,0.15569578,1.8951197,4.0698442,0.27835947,9.295997,0.26245743
mp-29287,Cs3CoBr5,7.383119,5.8164263,-2.1784184,14.882065,0.16576569,2.9395516,4.3354406,-2.183958,12.66021,0.17862362
mp-28080,K2SnTe5,23.713625,21.02224,2.727895,44.666092,0.06708741,15.243957,21.745682,3.4043272,37.815292,0.081866056
mp-28520,Rb2SnTe5,17.839268,22.898815,1.3812636,44.129353,0.06934602,12.189944,4.5892076,0.14193647,9.210854,0.25636715
mp-23550,KBrF4,3.6086593,6.250683,-1.8142035,13.562744,0.17104915,2.2443683,4.2226467,-0.046106108,9.827656,0.23090452
mp-28921,Tl5Se2Br,34.597923,23.013699,1.6718616,45.53659,0.07008425,11.318831,4.8816643,-0.06592151,9.270036,0.2551929
mp-24668,CsHF2,15.873436,22.885624,3.404998,42.083183,0.07197184,2.089831,4.754588,0.12949978,9.206908,0.2687369
mp-3419,RbAuF4,2.251121,6.2038364,-2.149237,13.201969,0.17421985,2.2388015,4.36735,0.07106708,9.180335,0.2596465
mp-4651,SrTiO3,1.3555775,5.9603224,-2.4248078,14.905971,0.16164277,6.4419146,4.609776,0.14232506,9.695088,0.26077414
mp-5076,SrZrO3,58.463554,84.78664,6.1268854,159.07137,0.020352162,4.6254425,4.369442,-0.059178695,9.392143,0.24405259
mp-3785,TlGaTe2,32.498642,25.843884,-0.7231159,45.295113,0.06442925,13.320921,22.601313,1.9184766,38.79226,0.07303611
mp-558281,SrCrF4,4.982749,5.2696037,-1.7094383,14.162274,0.15945168,2.3360736,4.3289375,-2.638471,12.700332,0.20671856
mp-555359,KMnF3,7.729902,5.6493874,-2.9434118,14.519195,0.18854986,2.2322838,5.7778697,-2.7492297,11.8661585,0.19451916
mp-643895,Cs3MgH5,9.079869,23.25814,-1.2909806,43.451885,0.07054796,3.038083,5.0090413,-0.0715515,9.450712,0.24372491
mp-643706,Cs3MnH5,9.404115,6.3576927,-1.5241499,13.879364,0.18142127,3.2785249,4.0697575,-2.8671112,11.79629,0.19113705
mp-9075,CdCuF4,4.8339677,6.3312397,-1.3883755,14.165076,0.17997666,3.0275533,4.9197035,-2.9835737,13.384008,0.18516329
mp-8161,CaPdF4,4.105606,6.2371483,-2.2024817,13.544155,0.16063,2.9756787,4.652156,-0.21157786,9.578051,0.2480081
mp-7388,NaAuF4,3.0564296,6.742944,-2.1820774,13.787137,0.16382241,2.5219226,4.8415422,0.023191147,9.630373,0.26078686
mp-7386,NaAgF4,3.015328,5.2407045,-1.8178935,14.15123,0.19621333,2.8127854,4.879545,0.013966392,9.669881,0.24906296
mp-7387,KAgF4,2.4824998,6.3918877,-0.8991272,13.689796,0.15291925,2.3975923,5.144543,0.2285766,9.721185,0.23472013
mp-984872,CsPb2Cl5,52.758995,77.25533,1.0697353,153.04951,0.018570658,3.670256,4.571998,-0.0016621086,9.398842,0.25071925
mp-9579,AlTlSe2,53.12922,24.294092,-1.0980142,44.49985,0.070278294,8.285684,4.844084,-0.512314,9.628022,0.2825651
mp-9580,TlGaSe2,82.164894,81.0641,-1.9391621,160.6479,0.02061184,9.193148,5.044617,0.06711652,9.656933,0.26225123
mp-979932,Sr3SiO5,23.146227,21.383057,0.503073,44.642235,0.06613023,3.4720995,4.069295,-0.3113798,9.594149,0.2593728
mp-1047156,Zn(CuO2)2,3.441854,6.5447817,-2.7191117,14.311981,0.17307098,9.271554,5.0363035,-0.3722251,9.823357,0.2727629
mp-1245429,MgZrN2,50.036045,20.766762,1.9371805,42.734272,0.06861941,9.416768,4.271014,-0.14131193,9.829811,0.27163965
mp-15845,SrLi4N2,6.119743,5.677065,-1.6831558,13.220939,0.18126488,6.553918,5.1858945,-0.019440744,9.406676,0.25146556
mp-13900,Sr(CuO)2,9.237569,5.6417875,-2.732305,14.491638,0.16012913,5.9723806,4.737818,0.108198754,9.403446,0.2476761
mp-18782,LiFeO2,24.889235,24.322292,-0.6424468,47.24605,0.06964437,5.3442955,4.1558895,-2.8005168,11.705206,0.1695509
mp-18720,Mn2CdO4,6.651632,6.30672,-1.6108471,14.985881,0.16980697,5.8808436,4.421255,-2.860991,11.342597,0.1718037
mp-19133,YVO4,7.9618034,6.239134,-1.0509031,14.500622,0.16768116,4.2394156,4.6180863,-0.28179994,9.7195215,0.25069752
mp-19162,LaVO4,9.106023,5.4595356,-2.3752427,14.211306,0.18659978,4.184583,4.616983,0.37639892,9.50846,0.25313035
mp-19215,CaCrO4,5.4575853,6.6005015,-1.9476918,14.563869,0.16762926,3.545012,5.3395853,-0.47453117,10.393279,0.2240726
mp-19247,ScVO4,16.024107,6.386656,-1.8085785,13.951338,0.16507381,5.075418,4.654346,-0.021378322,10.069591,0.2543448
mp-27510,MgMn2O4,6.1492662,6.077055,-0.9619683,14.408487,0.16434817,4.867635,4.7511196,-3.1705785,11.703026,0.1874356
mp-33363,LiYS2,18.750807,20.831121,1.9259722,45.766773,0.06730526,6.0317564,5.0151196,-0.26662943,8.767798,0.24347472
mp-33588,Ca2NF,13.486132,6.7840223,-2.2015934,14.605092,0.17367527,4.576947,5.097186,-0.4469689,9.6247835,0.26923
mp-33526,LiBiS2,438.80124,315.7019,-109.11539,688.1026,0.0048659267,17.230232,19.742777,1.2576301,40.142773,0.077831425
mp-33882,ErAgSe2,13.5140915,5.0388184,-2.553484,14.136029,0.16671947,9.271203,5.165904,-0.21565318,9.692562,0.25066233
mp-35015,NaBiSe2,15.374967,19.487232,1.0287344,43.61956,0.07289066,23.318392,21.427477,2.4620593,39.190704,0.09180494
mp-34081,NaYF4,5.908358,6.0810423,-1.8780884,13.660519,0.16638568,2.2532918,4.7538214,0.5519114,9.515144,0.24406768
mp-36791,LiNdS2,32.733513,20.995117,0.039165854,44.395607,0.069560535,6.2149205,5.057633,-0.3429894,9.870667,0.2803521
mp-36234,NaTlO2,19.033617,23.538204,1.8059453,43.88407,0.067216024,6.0468926,4.4110923,0.009978269,9.927748,0.24263449
mp-37879,LiYSe2,17.26098,22.16043,1.5889513,45.097942,0.06670474,7.0387993,4.2291365,-0.42106122,9.661641,0.24490479
mp-4609,HfSiO4,8.519544,5.74463,-1.976847,13.306509,0.16404894,3.927835,4.4410853,0.22254592,9.890277,0.2709283
mp-4624,TaBO4,10.076738,6.9864206,-2.383993,14.604154,0.18665704,5.186008,4.968994,-0.11534994,9.485713,0.25400433
mp-4200,ScPO4,8.391607,5.846959,-1.6856242,13.8274,0.18035212,3.802484,5.467167,-0.14450386,9.782722,0.28300452
mp-5132,YPO4,5.9961123,6.1433344,-2.5738277,14.972475,0.17066717,3.296439,4.4309874,-0.41910195,9.517709,0.22811407
mp-4820,ZrSiO4,8.781598,5.4172163,-2.277724,14.237799,0.17056045,4.2090507,22.258078,3.2985406,40.516785,0.07721049
mp-545850,VBiO4,37.668083,23.453909,-0.64131904,43.19133,0.07402044,5.688205,5.037759,-0.32484332,9.812484,0.25286308
mp-5488,LiInO2,20.133554,21.923294,0.8580765,40.791313,0.0709122,4.405218,4.4797297,0.10517071,9.694709,0.2584315
mp-546125,ScAsO4,9.990191,6.634678,-2.28213,13.397469,0.17351338,4.2099295,4.40528,-0.040324442,9.411152,0.26668963
mp-5840,LiScO2,21.239637,21.456734,1.91521,43.820988,0.069456935,4.256621,4.778017,-0.42784148,9.332849,0.24119273
mp-7374,Ba(CuO)2,9.700479,6.6194496,-1.7270766,13.659314,0.17391819,5.920038,4.5182514,0.1308113,9.466119,0.26547438
mp-754334,NaTmO2,18.550013,24.158844,1.1513071,44.145054,0.06411874,3.6820228,4.624588,0.07797393,9.314734,0.24701361
mp-754027,NaSmO2,18.189995,21.605776,-1.018908,42.475338,0.074502125,3.8728344,5.0060406,0.195908,9.264759,0.2660307
mp-754237,LiTmO2,16.615557,5.8029156,-2.4903836,14.85752,0.16404493,3.7467341,4.9386187,0.19656794,9.335816,0.24364512
mp-754605,LiLuO2,14.995104,6.2557936,-1.1801234,13.998172,0.1654208,3.7029316,5.0648537,-0.050572254,9.808796,0.23667246
mp-754642,Mn2FeO4,8.880871,6.5995426,-2.210999,14.343824,0.17580752,6.2037063,4.8490176,-0.10130787,9.357665,0.25633428
mp-755586,NaLaO2,17.373514,22.9432,1.2037482,44.44764,0.07518972,3.8889346,4.9595685,-0.24432948,9.481581,0.23090513
mp-7589,Mg2NF,7.2675157,6.44086,-2.4026043,14.056194,0.15924165,3.789046,5.268137,-0.53901815,9.962268,0.23931475
mp-768863,PrAsO4,6.547682,5.653776,-1.6175451,14.479505,0.16861199,3.5824213,5.0853815,-0.35722184,9.655039,0.24763556
mp-772261,LaAsO4,8.72037,6.358328,-1.7263541,13.384647,0.16633156,3.6253617,5.1619053,-0.17042665,9.25093,0.25900036
mp-762454,LiCrO2,15.570947,22.16291,1.1792824,44.86343,0.065514006,5.0781455,4.292864,-0.06297404,9.847277,0.26952308
mp-8058,YAsO4,6.5517416,6.4693713,-2.3967986,13.702034,0.17590015,3.5957737,4.684681,0.15380082,9.759257,0.25040713
mp-5073,RbNO3,6.239548,5.3642416,-2.4631023,13.527992,0.15925561,2.2750247,4.4578896,-0.49193078,9.838144,0.25378287
mp-777553,LiFeF4,8.933029,6.398023,-2.922481,14.497612,0.15272279,2.5682929,4.621705,0.01899865,9.383526,0.25370058
mp-29845,CsHgCl3,19.854406,23.430006,0.2328119,45.44472,0.08075004,3.252302,5.0245743,-0.36309794,9.39527,0.28488085
mp-759069,B(HO)3,0.707499,5.5663896,-2.2443683,13.787164,0.18285345,2.1001842,5.1411,0.2369163,9.732763,0.2566415
mp-38975,PNO,4.017662,5.556732,-1.8991075,13.638775,0.15774581,3.4185283,4.7148438,-0.38471228,9.803683,0.28087363
mp-19448,Ni3TeO6,5.333453,5.745159,-2.3209224,14.141084,0.17654514,4.7297196,4.181328,-3.0425785,11.891212,0.16905877
mp-28792,P4N3Cl11,3.1373477,5.8721657,-1.8417577,14.328548,0.17315839,2.9093852,4.5750957,0.25198084,10.134944,0.2547017
mp-28891,Li7TaO6,9.724041,6.1046486,-1.7812884,13.479755,0.16881715,3.4527042,4.453297,-0.39340016,9.6717005,0.26849064
mp-31408,Al4(B2O5)3,3.1160965,6.298735,-2.137703,14.101789,0.16888763,2.6945467,4.8676844,0.42523703,9.339005,0.2443793
mp-27453,Li7SbO6,6.9689317,4.9921823,-2.3733835,14.184518,0.17476735,3.1930816,5.248432,-0.5194993,9.329611,0.2622343
mp-22995,Ag3SI,7.520789,5.152931,-2.1840763,14.138908,0.15906087,8.598094,4.831383,-0.4547263,9.650364,0.2710638
mp-36381,Sn(PS3)2,3.7221916,6.024831,-1.8476603,13.611455,0.18100055,5.395703,4.4111233,-0.34180287,9.648462,0.2543113
mp-37399,Li7NbO6,11.307413,6.2377353,-1.8005974,13.71207,0.19940072,3.686861,4.60693,0.29528266,9.639634,0.26010254
mp-552941,Na4CO4,105.12259,73.644585,-1.8123045,156.11583,0.02074109,2.7673633,5.074157,0.3067153,9.7895355,0.24456492
mp-552623,Na4CO4,9.815801,5.9132247,-2.0722451,13.879523,0.16320372,2.837628,5.057226,-0.20343761,9.192461,0.25840348
mp-550314,Rb4CO4,9.774907,5.3635178,-2.8574905,13.782351,0.16425963,2.8961844,4.895984,0.4356319,9.565453,0.2591887
mp-754389,FeOF,9.493412,5.688452,-2.8197021,13.422251,0.16917333,4.1751876,5.284531,-3.14837,12.409844,0.18724231
mp-752471,Li7FeO6,8.29102,5.1401443,-2.1846411,13.785441,0.16285843,7.04342,4.377214,-3.6094625,12.954923,0.19951361
mp-770690,Mn3TeO6,9.162833,6.588543,-2.1508832,14.996445,0.17644823,4.627996,4.904027,0.1098901,9.110804,0.24798751
mp-755478,CdBiO3,14.656699,6.26528,-1.8977159,14.430319,0.16774186,7.825325,4.3624883,0.22106133,9.529996,0.26552492
mp-768907,Sr3TeO6,12.022828,6.87663,-1.3373444,14.557704,0.19516003,3.6149142,4.8349333,0.02386726,9.850667,0.26824534
mp-27569,Na14Mn2O9,4.275082,6.3629913,-1.1780581,14.334566,0.16286135,3.4946928,4.253334,-3.468255,12.241228,0.17509213
mp-28529,KInBr3,4.902172,6.985274,-1.28591,14.339997,0.18007055,3.4080822,4.7883787,0.058239818,9.670591,0.2430531
mp-27559,Na14Cd2O9,4.914364,5.9924936,-2.4063544,13.6433935,0.16697389,3.5722282,4.7706766,-0.24199437,9.416086,0.24410444
mp-555678,Na4Ti5O12,123.62498,80.30655,4.7573867,160.78984,0.018878626,5.505796,5.1992416,-0.12332161,9.436635,0.24751787
mp-8724,K2TeO3,4.907424,6.7606125,-2.0614777,14.834027,0.16765569,2.7657025,4.4595127,-0.10749639,9.652985,0.237247
mp-1078799,LiNbF6,3.859964,5.742931,-1.7041558,15.143376,0.16195779,2.147825,4.72377,-0.0059551992,9.163295,0.2749207
mp-1078295,NaNbO3,11.379325,6.0056047,-2.4944074,13.896095,0.16119897,4.042136,4.871645,-0.15906714,9.673488,0.24684335
mp-1078834,LiRuF6,3.6821775,6.3372564,-1.6463761,13.678725,0.16590534,2.5889673,5.1222973,-3.4812446,11.914625,0.18206652
mp-1079088,NaAsF6,1.9008446,5.913093,-2.2955804,14.096661,0.16460554,1.8470168,5.1664295,-0.24672566,9.509418,0.26187772
mp-1079181,LiOsF6,3.2255838,5.8407006,-2.0115151,14.645154,0.17786692,2.384757,4.611945,-3.1583297,12.687439,0.18836848
mp-1079559,CdPSe3,5.282188,7.3105645,-0.90975416,14.612769,0.15961072,6.494007,4.635119,-0.18599766,9.765889,0.24856786
mp-1079483,LiAuF6,2.7705886,6.9329786,-2.0132105,14.008102,0.17991737,2.9316618,4.695464,-0.48731452,9.636852,0.23296109
mp-1178424,CoNiO3,5.051105,6.359114,-1.2478548,14.141903,0.16971529,12.47035,5.081829,-3.5980353,11.918441,0.1904002
mp-1192094,Mn3ZnO7,6.459384,5.0999117,-1.6150359,14.5189295,0.16658776,7.0482516,5.1049833,-3.0867784,12.394366,0.18216719
mp-11980,CsNbF6,4.158767,5.386468,-1.7596492,14.246715,0.16427842,2.1837137,4.6647477,-0.29166442,9.664374,0.26342088
mp-1216588,TlInF6,4.814831,5.835342,-2.7141085,14.231469,0.156601,2.6112292,4.5347967,0.033561356,9.199126,0.26892123
mp-13610,ZnPbF6,4.644417,6.8185997,-1.493972,13.766126,0.16064824,2.9084988,4.6726217,-0.15462309,9.5054655,0.27261817
mp-1386276,MnZnF6,4.0428004,6.024933,-2.5998762,14.039031,0.17577325,3.1683135,4.9051523,-2.406077,11.268118,0.15572935
mp-13641,TiCdO3,17.992672,22.113974,1.4742625,44.756847,0.065014295,5.7353206,4.3593016,-0.27280194,9.289333,0.26461717
mp-13984,CdPdF6,2.792807,5.1883564,-2.1275115,14.439406,0.17572007,3.4410663,5.5548706,0.047884617,9.13416,0.25204808
mp-1391800,MgMnF6,3.0607798,5.929677,-1.5714242,12.928161,0.17699993,2.545441,4.553342,-2.6688163,11.688336,0.16475844
mp-13907,CdSnF6,3.4931993,6.742399,-1.5392711,13.600308,0.15279534,2.2581,5.40967,-0.49325627,9.413841,0.26596436
mp-1387972,CaMnF6,3.259103,6.8011646,-1.7159429,13.814277,0.16734956,2.3880503,4.2277417,-2.8987272,12.454111,0.18098673
mp-13903,ZnSnF6,3.9761376,5.443203,-1.5784665,13.488268,0.16637914,2.325964,4.678258,0.291437,9.358581,0.24408524
mp-1392030,ZnCoF6,7.7745996,5.922612,-2.5264518,14.327457,0.1722569,4.700039,4.594252,-3.2915008,12.648128,0.16859035
mp-1397451,MgSnF6,2.9223535,6.280567,-1.7875825,14.209053,0.17378572,2.0282197,4.8321934,0.100336894,9.907194,0.24193232
mp-1391273,ZnNiF6,3.2905526,6.0168524,-1.0483218,15.489948,0.15345374,4.348751,5.2921104,-0.13656878,9.29938,0.23297083
mp-13983,ZnPdF6,3.0966523,4.777193,-2.5967143,14.251975,0.18268819,4.0757785,4.8683043,0.046321783,9.334175,0.2632689
mp-1403065,TiZnF6,6.416501,5.6369066,-2.1590192,14.243107,0.15693736,2.5717502,5.4236565,0.15749808,9.929266,0.25881603
mp-1401355,CaMoF6,2.9420629,6.1388483,-1.3940336,14.23651,0.16048762,2.0941622,4.754893,-3.1526253,12.038545,0.17669997
mp-1443950,MgCoF6,5.120385,4.924089,-2.1527655,14.346677,0.16239618,3.4798245,5.366858,-2.6665566,11.655601,0.17239945
mp-1407092,ZnMoF6,4.0927105,6.552512,-1.8589839,14.252983,0.16309376,2.5127609,4.143695,-2.8412094,11.884972,0.18160124
mp-1398496,CaCoF6,5.1301174,5.8614902,-1.8748597,14.318915,0.1523318,2.8765435,5.8521748,-3.6474507,11.7105665,0.17592767
mp-1400616,ZnWF6,3.5017753,6.719973,-2.2831752,14.441433,0.17330535,2.3545613,4.052759,-2.7929559,11.957821,0.17874162
mp-1409292,MgNiF6,2.7019825,6.6585493,-2.1299474,13.655158,0.1786771,3.1044974,4.8908305,-0.088864245,9.685699,0.26411828
mp-19082,TiMnO3,17.74771,5.6439066,-1.6300613,14.263895,0.17854543,5.821118,5.0893025,-2.5942626,12.407948,0.16872959
mp-19005,Y6WO12,16.605053,21.024721,2.6737561,43.18751,0.07302189,4.4484468,4.325998,-0.25830793,9.717031,0.256155
mp-18732,TiNiO3,14.543465,4.969597,-2.5890915,14.751507,0.16167887,5.823616,4.5360928,-4.495429,11.473405,0.18296745
mp-19734,MgPbF6,3.7029428,5.876856,-2.0615597,14.765525,0.15806541,2.402214,4.3641367,-0.33624938,9.764713,0.25272828
mp-19417,TiFeO3,16.382912,25.35933,1.1461452,45.4604,0.07035708,5.819882,4.6016016,-3.566082,12.01709,0.19222853
mp-20096,MnSnF6,3.3136835,5.319684,-1.7587054,14.390851,0.16842371,2.2145076,4.621329,-2.759657,11.485267,0.19808054
mp-19331,MnNiO3,6.116885,5.559148,-2.2754028,13.843784,0.16255863,8.133468,4.0265536,-2.5089104,11.617804,0.16162166
mp-20854,NiPbF6,3.33973,6.269986,-2.0387363,14.63911,0.17505144,2.828006,5.814585,-3.3091674,11.9927,0.1869935
mp-23054,NaBiO3,6.0159335,6.366394,-1.3387958,13.785727,0.18354991,4.508573,3.961757,-0.10502203,9.458568,0.25167066
mp-20569,MnSnO3,8.432124,5.049152,-2.2401052,14.425344,0.17728733,4.6088552,4.439208,-3.3482044,11.832226,0.18385974
mp-24431,Si2H2O3,1.001943,5.639423,-2.5956647,14.48623,0.16526653,2.2291565,4.768674,0.3949209,9.1418705,0.2733376
mp-23472,Re(AgCl3)2,6.6283727,6.1956525,-1.848016,14.671064,0.16818987,4.161542,3.674316,-3.415115,11.60293,0.17951271
mp-27265,AuClO,0.8709118,6.1187763,-1.9435599,14.268677,0.17323907,6.460765,4.9539557,0.4080705,9.57174,0.2531623
mp-27176,NaMnCl3,5.4823236,5.755358,-2.3422306,14.386839,0.16923869,3.071051,4.234697,-2.5284414,11.7644,0.19975306
mp-27421,RbBiF6,4.4429035,5.6984673,-1.4495485,13.758147,0.18862218,2.1810563,4.2374315,-0.25258505,9.623636,0.26737222
mp-27420,NaBiF6,2.1691787,5.088752,-1.6402762,14.19509,0.15187737,2.0837233,4.772769,-0.48850393,9.462915,0.2542182
mp-27422,CsBiF6,3.622103,7.315592,-2.3841946,13.736682,0.1810549,2.1845725,4.5510817,-0.327991,9.978394,0.26401857
mp-27419,LiBiF6,3.5448148,4.4567084,-2.7190578,14.004588,0.1602938,2.4413064,5.300825,0.17563483,9.1201105,0.2725806
mp-28138,Ni(ClO4)2,1.9635948,5.2630987,-1.785913,14.433955,0.16686797,2.4691985,4.5270014,-3.1932364,11.517712,0.16874512
mp-28137,Co(ClO4)2,2.2821364,5.015192,-2.3536568,13.6896305,0.16017203,2.5518503,4.7596207,-2.9510772,11.892709,0.17671405
mp-28959,Si2Cl2O3,0.80263424,5.190811,-2.4883137,14.346452,0.16360201,2.1411777,5.2517586,-0.1943011,9.776921,0.2453552
mp-30002,Sc(IO3)3,9.100033,5.475256,-2.0830352,14.713847,0.17929417,3.9945607,4.6976185,0.24663198,9.3719,0.2557155
mp-30058,TlSbO3,5.296314,5.906824,-2.5158646,13.737813,0.16731349,4.014929,5.0990067,-0.14120694,9.741533,0.2509813
mp-30943,MgPSe3,2.549909,5.0958576,-1.8510833,14.250641,0.18781616,5.620336,5.0037265,-0.37837344,9.461797,0.26436377
mp-31096,Li3AlH6,5.7689357,5.7623634,-2.1606808,14.090468,0.16290729,3.7379305,5.3550677,0.03404522,9.204159,0.23946953
mp-3118,Mg3TeO6,6.045629,6.425824,-1.5935099,14.37923,0.16029584,3.3560324,5.047389,-0.36012498,9.461871,0.269189
mp-35906,Y(AgCl2)3,14.758311,5.546267,-1.6114382,13.807662,0.17269507,3.7286646,4.793967,-0.3960343,9.601177,0.26679766
mp-35659,HgPbF6,5.2060704,6.6572666,-2.3826392,14.102796,0.18394431,3.0850637,5.1689377,0.23885933,9.111634,0.2366794
mp-3759,MgGeO3,7.7380166,5.6593924,-2.676435,14.810211,0.15908164,3.6685865,4.796156,-0.3908392,9.485699,0.23729725
mp-37216,CdPbF6,3.9981065,6.027195,-1.5048443,13.852784,0.17435013,2.5920365,5.534491,-0.15114093,10.031601,0.26393792
mp-35311,ZnCrF6,4.898857,5.871465,-2.2240267,14.647424,0.17679222,2.9498076,4.988105,-3.3650877,12.059918,0.1953654
mp-3779,CrSiTe3,1.6323853,5.3777924,-2.2861698,14.029816,0.1632146,11.870346,4.563978,-3.559092,11.748043,0.18161862
mp-4190,CaSnO3,7.38553,5.8361726,-1.9923632,14.504989,0.17293753,3.863698,5.2436023,0.14285159,9.360298,0.25383568
mp-4482,NaSbO3,4.7565856,5.310536,-2.0602324,14.714633,0.1577185,3.3011384,4.8201632,-0.113965675,10.095288,0.24677666
mp-3980,LiSbF6,3.013704,6.402334,-2.1802382,14.363056,0.18293604,2.0053473,5.195936,-0.1980583,9.316791,0.27010047
mp-4527,Li8SnO6,8.184658,7.1480284,-1.132933,13.951966,0.15267505,3.2915914,4.114766,-0.2535804,9.781078,0.25162348
mp-3771,MgTiO3,15.10488,3.3017974,-2.2506785,14.143604,0.17012754,4.765767,4.7552357,0.23145723,9.854329,0.26329902
mp-4608,KPF6,4.279598,7.244947,-2.2763674,13.8142395,0.17510156,1.8591684,4.8940163,-0.24361627,9.807484,0.25775027
mp-541226,CsBrF6,3.7939584,5.323756,-2.2652586,13.876886,0.18605663,2.3362947,4.518736,-0.57410026,9.985696,0.25934327
mp-545999,AgSbO3,7.6264462,4.9706383,-1.8885723,13.739204,0.17996916,17.243473,6.868554,-30.928015,54.41926,0.039603543
mp-547792,KSbO3,4.433159,7.2165413,-1.7794756,14.228264,0.16882515,3.2036927,4.943039,0.005792805,9.380674,0.25471464
mp-555911,TlAsF6,9.567611,6.9299545,-2.5441084,13.960722,0.16941507,2.3237169,4.5365734,0.11345994,9.862636,0.26162452
mp-557158,CrMoF6,2.3340318,5.966195,-1.4720811,14.995501,0.16909093,2.7639048,4.481036,-3.553625,12.601205,0.17967877
mp-556492,CoPtF6,1.9217906,6.498119,-1.0568473,14.831218,0.16514209,3.588753,4.5731955,-3.0820007,11.489565,0.18323782
mp-554311,RbCrF6,3.9314067,5.637821,-0.95892584,13.732291,0.14897288,2.3904855,5.933738,-2.8102536,11.686307,0.18377674
mp-554955,MgCrF6,3.4516165,6.020626,-2.3266606,14.221278,0.2052514,2.518205,4.712865,-2.4720817,12.35057,0.19837424
mp-557519,CaCrF6,3.6139293,6.879544,-2.5290349,13.47479,0.16347829,2.3637838,3.49433,-3.353759,11.6912985,0.17644307
mp-558864,CrHgF6,5.7596264,5.738089,-2.2321074,13.033184,0.16826247,3.1936865,4.853631,-3.7575786,12.400753,0.1749843
mp-558838,NiPtF6,1.8476131,4.6083736,-1.9581023,13.922485,0.16264434,3.2211075,3.7783666,-3.1611001,12.195025,0.18963319
mp-559161,CrCdF6,4.1615767,7.203532,-1.9967628,13.452293,0.15986097,2.7660162,4.964859,-3.3326683,12.174488,0.1814696
mp-557668,MnPtF6,2.3262725,7.0608487,-2.1843653,13.2892275,0.18024412,3.398845,4.7371078,-3.2396827,12.261242,0.18578172
mp-557619,Bi14Te13S8,41.567554,23.260195,1.5406392,42.72275,0.06875055,18.051193,23.11088,4.0213294,41.78683,0.08738774
mp-560023,NiSnF6,2.879704,5.071222,-2.0424407,14.102875,0.16944893,2.3394356,4.9277077,-2.5516982,11.744575,0.17729959
mp-561319,CoSnF6,3.2150733,6.9825935,-1.5370783,14.107795,0.1798991,2.3404822,3.857098,-3.4760568,11.780036,0.17969692
mp-5858,CdPtF6,2.535391,5.7900953,-1.1077411,14.168376,0.17635986,3.0182528,4.2832694,-0.5514731,9.897712,0.22967227
mp-623087,Re3(TeBr)7,10.285572,6.6501102,-2.9354012,13.816154,0.17279047,6.3655767,4.9639673,0.086578734,9.187139,0.26414007
mp-675104,Na3YCl6,4.471983,6.619903,-1.9618859,14.0944,0.18726204,2.5994024,4.4132023,-0.49552584,9.759767,0.25527638
mp-626411,In(HO)3,4.595799,7.149482,-2.1429005,14.310603,0.17955306,3.2302964,23.631506,2.695538,39.217575,0.09360751
mp-623024,TiCdF6,5.055518,6.1584725,-1.4600918,13.439049,0.14919296,2.4649844,4.101959,-0.34707427,9.496516,0.2622913
mp-690539,CrNiF6,3.2301347,6.3895473,-2.6440897,13.872532,0.17641015,2.935592,5.3698273,-2.919094,10.948725,0.17448673
mp-754246,TiSnO3,17.668768,22.81934,-0.8933188,42.745586,0.07927568,5.494243,4.3843136,0.2590624,9.962119,0.27111948
mp-754359,Y6TeO12,11.205261,6.2818694,-1.7915559,14.263962,0.17707057,4.1955085,4.345311,0.016814629,9.634906,0.25382042
mp-754329,CdSnO3,8.275955,7.3574753,-1.4887823,14.322033,0.14834882,4.9850144,4.9718018,0.12621953,9.45939,0.29108018
mp-756382,Sr3WO6,8.68811,5.539499,-1.1148019,13.919642,0.17073072,3.7204027,5.1085567,-0.11127278,9.988731,0.25705087
mp-758501,LiNiF3,5.071781,5.731447,-2.0663924,13.459792,0.16856115,2.3083043,5.0835285,-3.2752016,11.879128,0.16854994
mp-770618,MgMnO3,6.853035,6.9505377,-1.9135916,13.573103,0.16708513,5.9659567,5.02409,-3.1798978,11.772373,0.16833307
mp-7984,KOsF6,5.002258,6.371251,-1.9067066,13.71552,0.14668806,2.2890809,4.1385818,-3.676956,12.244353,0.17253312
mp-7921,MgPdF6,2.475108,6.2651987,-1.3838255,14.64338,0.17249878,3.0803068,4.893588,0.01119311,9.24562,0.23476946
mp-7941,Li6TeO6,8.583189,5.534687,-1.8636291,13.980017,0.1593642,3.075286,4.7556458,0.1384783,9.63369,0.25629732
mp-7922,CaPdF6,2.8756816,6.1571445,-2.3487735,14.840964,0.18912569,2.6772506,4.6000266,-0.1812892,9.763296,0.28288847
mp-8256,ZnPtF6,2.7899623,6.216414,-2.4228392,14.8820505,0.15370879,3.274466,4.39752,-0.28945732,9.268137,0.2583819
mp-781505,Ca3WO6,9.20664,6.6233106,-2.807689,14.310732,0.18579882,3.8159184,5.151225,-0.30826366,9.9636135,0.25479004
mp-8290,BaSnF6,8.101423,6.0634813,-1.4059938,14.817137,0.18788268,2.3507147,4.961501,0.4717468,9.6177,0.25054973
mp-8255,CaPtF6,2.4946723,5.05956,-1.8443848,13.908913,0.17588449,2.4604497,4.901144,0.24422896,9.6038685,0.25444043
mp-8547,PdPtF6,1.8389984,5.721385,-2.3479927,14.788805,0.16322361,6.336068,4.0260954,-3.9147913,12.082449,0.19769174
mp-8387,Tl6TeO6,12.2296915,6.2272353,-1.8844477,13.969154,0.18218443,6.6520185,5.896305,-0.09126819,9.285189,0.25280356
mp-9056,ZrPdF6,4.151919,7.2991323,-1.5441042,13.991158,0.16194376,2.7188373,4.7836704,-3.0682712,11.795427,0.2031413
mp-8610,Li8PtO6,6.673766,5.4748106,-2.3185534,13.814695,0.17164919,4.0334425,4.4876785,-0.32408795,9.360085,0.25800574
mp-9636,CsSbF6,3.0715325,5.8016224,-1.8215762,14.32582,0.15427381,1.9989613,5.0553536,-0.09087628,9.569492,0.2472593
mp-9657,LiAsO3,7.736143,6.6169996,-1.3744968,14.631852,0.17973861,3.6153915,4.1939297,-0.2666227,9.554029,0.26274377
mp-9330,CdPS3,5.056491,6.7321386,-2.0865123,13.859943,0.16765724,5.1701126,5.643433,-0.19190069,9.675968,0.26238734
mp-998537,ZnAgF3,5.7736983,6.531438,-1.9876245,14.539049,0.16932262,2.866949,4.8199606,0.45657724,9.673505,0.26284492
mp-9819,RbAsF6,3.556817,5.711508,-1.6987534,13.872261,0.1690176,1.9501864,4.600731,-0.18495561,9.450404,0.24731724
mp-9821,RbSbF6,3.9444942,6.861028,-2.9278414,13.460453,0.16763175,1.9748095,4.8911695,-0.05298848,9.323819,0.24731739
mp-9144,LiAsF6,3.3254478,6.256468,-1.9032582,14.710542,0.17517245,2.0036793,4.267307,-0.34835625,9.945015,0.23533219
mp-9143,LiPF6,3.2982738,5.84038,-1.0418149,13.58164,0.16460408,1.8741956,4.985207,-0.29131582,9.151349,0.2689025
mp-9820,CsAsF6,2.9271681,5.435253,-1.3596872,14.242722,0.17175409,1.9866557,4.8813677,-0.35625133,9.46671,0.2335149
mp-998567,InSnCl3,13.556644,6.7743273,-1.686658,13.719385,0.18023409,3.6293023,4.863042,-0.2754933,9.753922,0.26072344
mp-757163,LiVF6,5.4487743,5.9421453,-1.0485082,14.532712,0.17019269,2.5991335,4.6432533,-0.23684306,9.59619,0.2623561
mp-1029510,Sr3(BN2)2,9.059766,5.8342757,-1.7126179,14.260761,0.18991075,5.05025,4.829108,0.11144298,9.571297,0.2550807
mp-1029627,Mg2ReN3,8.680712,5.8090444,-1.3932551,14.5669985,0.1612525,10.552642,4.6700277,0.5734448,9.620484,0.24535629
mp-1029801,CsMn2N3,143.31255,82.26779,1.2772635,152.4529,0.020056576,92.61605,138.78096,-15.3912115,297.48672,0.012002153
mp-10418,RbSbO2,7.00574,5.3778234,-2.5358348,14.14649,0.17798154,3.4692724,4.907433,-0.08994881,9.71676,0.2676843
mp-1029868,Sr5(SiN3)2,16.503416,5.9996624,-2.706933,14.21153,0.16271736,5.4508657,4.496833,0.09584929,9.518855,0.24196318
mp-10417,KSbO2,7.579456,6.2973385,-2.15236,14.167338,0.18076643,3.637942,4.444743,0.23365612,9.35163,0.23674525
mp-1079885,LiSbS2,65.053375,80.211914,0.93149537,159.99062,0.0229091,10.419872,4.2328496,-0.15373585,9.287643,0.24241011
mp-1095283,PAuO4,2.0061877,5.373044,-3.2295392,13.826388,0.16600542,4.33022,5.138834,-0.13642678,9.383862,0.23751543
mp-1095378,AsAuO4,2.067019,6.6089196,-1.8058876,13.18557,0.16971844,4.344505,4.3472395,0.3048237,9.776649,0.25162682
mp-1102938,MnTlF4,11.145217,5.5347443,-2.6391976,13.850304,0.16736639,3.2823396,4.3837976,-2.798572,12.211688,0.18221967
mp-1105692,Tl2Hg3Se4,11.037836,6.1462226,-2.3874896,13.627571,0.1763404,9.083767,4.8682685,-0.093959026,9.731303,0.23416178
mp-1105775,Sc4OsCl4,7.499384,6.120167,-1.5032406,14.124287,0.16819286,8.43064,5.076765,0.1712463,9.669058,0.2517592
mp-1105700,TePb2O5,21.306,21.55349,1.6239619,44.25205,0.07763049,5.896838,4.679444,0.2720323,10.073753,0.25975516
mp-1106227,Sr3(GaP2)2,9.743743,6.4856644,-2.115204,14.0376215,0.17896327,9.30164,4.809122,-0.07186726,9.76449,0.26697955
mp-11692,Ba3(SiAs2)2,12.822138,6.7759237,-2.0668638,14.296036,0.15908726,10.10733,4.4938707,0.032851778,9.567371,0.27639905
mp-11703,KSbS2,11.763889,6.0224233,-2.0887973,13.942447,0.15955605,5.2648745,5.3957996,-0.083203994,9.725486,0.2560491
mp-11677,Sr3(SiAs2)2,7.3630314,6.2291493,-1.8714422,14.026516,0.17423654,9.801956,5.1597614,-0.017603919,9.673538,0.26211134
mp-1178815,VAgO3,6.0209374,6.167629,-1.6444647,14.412379,0.16472958,5.0524316,4.717988,-0.0144596435,9.718184,0.25496003
mp-1188344,CsLiCl2,5.005236,5.017059,-1.4579172,14.6063385,0.1934227,2.4483898,5.2059736,-0.1946541,9.555934,0.23379837
mp-1189054,Sr3(GaAs2)2,10.06878,6.1900682,-1.874809,15.154358,0.17391644,10.9423275,5.639329,-0.36912757,9.269087,0.24965017
mp-1189305,Sr3(AlAs2)2,8.768662,5.512839,-0.98039037,14.793328,0.16210382,9.3224945,4.989319,-0.29925498,9.994267,0.25682023
mp-1189986,Ca3(GaP2)2,12.121894,6.8859158,-2.1394117,14.029153,0.15919551,9.802408,4.893013,-0.11353938,9.669908,0.23721646
mp-1190364,Li2SnS3,16.71165,5.6716576,-2.8321638,14.178402,0.17097768,6.7720017,4.9425173,-0.44002503,9.758633,0.2325301
mp-1190488,Al4CdO7,7.1119795,6.5873976,-2.8408403,13.506186,0.18166374,3.0329287,4.285983,-0.6774517,9.614496,0.25157338
mp-1205337,Ca3(AlP2)2,10.172992,6.7970886,-1.054575,14.653511,0.17165871,8.678299,4.6283803,-0.05326947,9.491079,0.24392535
mp-1205338,Ca3(AlAs2)2,10.70457,5.4738235,-1.7552997,13.755117,0.17068864,9.858935,5.2534895,-0.013635673,9.698588,0.2651472
mp-1213080,CsNbCl6,6.0843534,6.7678123,-2.5503008,14.513823,0.16349147,3.106495,5.0619097,0.18866497,9.8796215,0.27193898
mp-1213077,CsTaCl6,5.665107,5.8880744,-2.1196818,13.566488,0.17791194,2.9148128,5.086632,0.18592645,9.932898,0.24630481
mp-12263,LiAuF4,2.1440182,5.6879034,-1.9120752,14.480363,0.16478471,2.5343196,4.273953,0.1310048,9.845478,0.22889784
mp-1246788,Mg2NbN3,41.995274,21.135864,0.42789122,44.13781,0.07365985,6.8702836,5.599761,-0.013537587,9.25061,0.24872315
mp-1385961,MgCoF5,21.698742,25.9982,2.9216015,45.91942,0.0616177,2.6578856,5.3319488,-3.3467112,12.081223,0.1906539
mp-1392416,CaFeF5,5.4099474,6.9585514,-2.5391562,14.591279,0.16647649,2.3029106,4.0125847,-2.7488167,11.933707,0.1802759
mp-1398579,CaCoF5,5.3310523,5.476328,-1.8242795,14.743281,0.18999779,2.550271,5.204324,-2.3831184,11.829306,0.19599141
mp-1401720,CaVF5,4.3753595,6.498001,-2.4212692,14.174858,0.16559638,2.2659023,4.133124,-3.1742935,12.205249,0.17075768
mp-14128,K2HfF6,6.7756186,6.191802,-2.444699,13.707172,0.17165141,2.2394788,5.180765,0.13901658,9.392728,0.24460565
mp-14501,Ba(As3Pt2)2,5.829561,24.145947,-0.010844829,42.60701,0.068558924,25.16055,20.683323,3.9880486,40.203026,0.08265586
mp-14500,Sr(As3Pt2)2,6.450705,23.599033,1.3788725,42.820755,0.06806333,25.644962,21.103523,3.6943061,40.037685,0.084055535
mp-16183,Tl2B2Se7,8.085316,5.950714,-2.6981425,14.809961,0.17820321,7.1964273,4.9762373,-0.14940508,9.490985,0.24667053
mp-1540429,LiBiO2,6.880792,5.754592,-2.5396166,13.407226,0.1670361,5.122565,4.7952657,-0.30018827,9.055407,0.2475645
mp-15511,CaTe3O8,17.9846,19.16917,0.3712699,45.57753,0.069434494,5.058521,4.9757776,-0.4048401,9.710058,0.2535902
mp-17024,Ba2NbN3,12.737828,5.6722956,-2.035636,14.077614,0.17436911,6.567975,4.5345373,0.5788037,9.64497,0.26720467
mp-17400,Ba2TaN3,12.380344,5.2104774,-2.2322323,14.106543,0.16824847,6.2620935,4.671645,-0.15200533,9.668657,0.2748693
mp-17245,Na3TaF8,8.30922,6.1433363,-3.1206658,13.948257,0.16663186,2.1673563,4.729992,-0.054669373,9.179864,0.25930548
mp-17012,Sr2VN3,13.108458,5.9159274,-2.0448189,14.03014,0.18225482,6.8087296,4.2281237,0.24833088,9.204311,0.26035178
mp-17458,V2Zn2O7,5.6973205,6.216691,-1.2995118,13.431856,0.16528225,4.342019,4.717682,-0.36226588,9.71152,0.2567918
mp-17650,KGaS2,15.22793,6.0161057,-2.041231,13.993418,0.18383525,4.231535,4.9969416,-0.5507421,9.552794,0.26820928
mp-17518,Sr2TaN3,9.117059,6.4573936,-2.2369719,13.828742,0.16143806,5.7696404,4.219722,-0.59969133,9.586982,0.24652544
mp-17701,Sr2NbN3,9.442276,6.3061113,-2.4964125,14.111799,0.19931524,6.1035867,4.2952614,0.17307685,9.276168,0.24380766
mp-17892,Ca2VN3,11.050263,5.894558,-1.7848923,12.652532,0.15575977,7.0012827,4.7203245,-0.39117485,9.487062,0.25567818
mp-18889,VAg3O4,5.0195785,6.023679,-2.4857116,14.529767,0.17214684,5.9650097,4.976074,-0.27537778,9.036601,0.2528923
mp-19260,Li2WO4,9.873546,6.687534,-1.9238589,14.474468,0.18431497,3.8169277,4.9456825,-0.09368106,9.957019,0.23157206
mp-19913,Ba3(InP2)2,12.125862,6.5354676,-2.989154,14.041891,0.17319189,9.710738,4.9795036,0.19316734,9.272586,0.25797525
mp-19363,HgMoO4,7.556857,5.524465,-2.0035806,14.160232,0.17024486,5.2197847,5.112232,-0.48994365,9.8617935,0.26096937
mp-20210,Ag2PbO2,5.8301234,6.090374,-1.5828847,14.749879,0.16745023,7.3361034,4.6977615,0.026287328,9.855521,0.2646241
mp-19440,LiVO3,4.041782,6.0138617,-1.7452937,13.310489,0.16903843,3.4246156,4.540264,-0.28891125,9.520544,0.2710183
mp-23018,BiSbO4,14.370549,6.322195,-2.2192407,13.670165,0.16635707,5.4495764,5.0960455,-0.048214376,9.050925,0.28005472
mp-22450,Li2PbO3,25.24756,22.004017,0.21204314,42.9332,0.07806739,5.564813,5.285914,-0.1904047,9.669748,0.2629677
mp-22984,NaBiO2,13.833586,21.94361,0.8867551,43.40705,0.07068111,5.4245486,4.794199,-0.674881,9.568292,0.26233265
mp-25301,Ti(SiO3)2,5.7776647,5.7104397,-1.6374283,14.525998,0.15294069,3.6338491,5.478958,-0.04804298,9.732983,0.24214838
mp-27564,Na4B2O5,4.58167,6.3270826,-2.530761,14.686438,0.16080047,2.4513345,5.316202,0.025058536,9.517836,0.27370554
mp-27774,NClO6,6.2444024,5.9722652,-1.5277236,13.843329,0.15469667,2.6617346,5.580963,0.12913726,9.703658,0.25493407
mp-28175,Pd(SeCl3)2,1.3774793,7.299914,-1.5938917,13.954562,0.1588795,3.2902102,5.11296,-0.046311833,9.393916,0.2630828
mp-28011,Tl2Sn2S3,142.94614,91.76833,5.6656146,151.38945,0.021708695,10.165739,5.0129557,0.038786385,9.668168,0.25253284
mp-28136,Hg2IO,14.528286,5.8097143,-2.4965024,13.671226,0.15684724,7.350093,5.8106966,-0.102344446,9.761084,0.24885224
mp-28371,K2Zn3O4,7.3858175,6.4134603,-1.7739307,14.23688,0.16300327,3.8805299,4.207674,-0.16478665,9.406157,0.23037085
mp-28744,Y4OsBr4,6.472432,6.3601894,-2.245931,13.662264,0.16244133,8.159484,4.4005585,-0.62691605,9.752349,0.23369637
mp-28899,Hg2As3Br,13.1160345,6.6037555,-2.2151525,13.96376,0.18894412,13.509846,4.5248394,0.022719383,9.892926,0.2656268
mp-28766,K2TiS3,8.909276,5.532048,-2.6089308,14.179846,0.1736101,5.112311,4.909565,0.1592101,10.097298,0.24695875
mp-29396,Cu2PbO2,9.119365,7.0666733,-1.7581681,13.008707,0.17486775,8.811184,5.0307817,0.17832176,9.702441,0.25665033
mp-29199,BaCuN,8.190647,7.072138,-2.2692864,13.467775,0.17415428,15.232127,22.029613,2.912368,40.37077,0.077188656
mp-29194,Cs2Au2Se3,4.0462165,6.382329,-1.3992907,14.016158,0.18841632,4.9863305,4.9298477,-0.093999416,9.374511,0.26455417
mp-29506,CsBiO2,9.063021,7.5918884,-2.1042097,13.662328,0.17052513,3.7231343,4.5290155,-0.07668437,9.700009,0.24337465
mp-29521,RbBiO2,8.2436285,6.685855,-1.9141431,13.721504,0.17655562,3.8440135,4.2816954,-0.11270719,9.389445,0.24820799
mp-29606,Rb2Zn3O4,7.0080576,4.764862,-2.5102124,14.227394,0.16864477,3.9706104,5.468692,-0.083118066,9.1421585,0.2657716
mp-29598,NaP4N7,4.8612266,6.903386,-1.9821297,13.767127,0.16180688,4.1922517,4.6195955,0.2015529,9.659279,0.24597733
mp-30239,Sr3(BS3)2,5.789433,6.0270576,-2.1728349,13.984539,0.16322504,4.446127,4.77425,-0.14217678,9.67884,0.28055757
mp-30100,Li2B2Se5,3.06145,5.783133,-1.9652889,14.059249,0.1579223,7.248737,4.974353,0.4324861,9.555673,0.25840247
mp-29976,Na3BS3,34.719547,20.932598,2.247432,42.113194,0.07348018,3.62868,4.441392,0.28405726,9.638449,0.23666501
mp-29894,Hg2WO4,12.401143,6.7377086,-1.2315742,14.329129,0.16393833,6.045453,4.5175996,0.138073,9.281215,0.25623566
mp-30980,NaYO2,13.579112,5.689131,-1.7397004,14.0835,0.18034525,3.71293,4.660989,-0.15457316,9.03532,0.2559696
mp-3054,Li2CO3,3.2687263,5.9924936,-2.0021799,14.487168,0.17951049,2.3698106,5.083212,-0.15918197,9.681421,0.24398269
mp-30988,KBiO2,8.736159,5.3323054,-1.850066,14.2109585,0.16297917,4.1203685,4.3325834,-0.36085033,9.759058,0.268452
mp-30991,Ba(IO3)2,7.0309334,6.24601,-3.0501733,14.0324545,0.17873715,3.371838,4.7351832,0.09314018,9.611115,0.2585028
mp-34139,Mn2CrO4,5.6423917,6.4239316,-2.0313783,14.028565,0.176031,6.0252824,4.7171555,-18.885,32.463814,0.05503968
mp-3540,Li2SnO3,17.00398,22.164368,-0.27909127,45.452423,0.065966174,3.6816595,4.9975038,0.04711088,9.291135,0.25650072
mp-3751,AlTlF4,26.183912,23.529263,0.8705196,43.905888,0.06325307,2.75955,5.2461667,-0.20312437,9.785471,0.2535957
mp-4156,Li2ZrO3,33.86165,22.548645,2.2262628,42.824776,0.07016397,4.2292867,4.4721375,-0.1591667,9.048679,0.24841155
mp-3922,AgSbS2,7.198232,5.9661875,-1.746557,13.845207,0.17359531,9.214055,4.252241,-0.054206494,10.231954,0.24673325
mp-4078,La2SO6,13.200967,5.389511,-1.5770353,14.387041,0.1689804,3.7862127,4.3155613,-0.21148792,9.640341,0.264579
mp-4016,TlGaS2,14.892405,6.631722,-2.5716636,14.948143,0.15957382,6.755384,4.578721,-0.1991198,9.706424,0.23972726
mp-3788,SrAl4O7,4.863073,6.2094736,-2.0458093,14.56638,0.17530143,2.7916398,4.721017,-0.1709044,9.826428,0.25547385
mp-4351,K2B2S7,2.9676242,6.5630403,-2.2258074,14.2581415,0.17283933,3.9295366,4.270462,-0.8891703,9.346661,0.29160708
mp-4649,PdSe2O5,2.0002217,6.1461296,-2.2969944,14.02508,0.17189907,4.152511,4.263357,0.5282707,9.184771,0.2509568
mp-4867,CaAl4O7,6.2027164,5.7040954,-1.9324427,14.331479,0.16398555,2.8183904,4.005721,-0.31994516,9.99055,0.24163371
mp-4819,MgGeO3,5.420374,5.638548,-1.8887389,14.107279,0.1782316,3.388368,4.3619213,-0.53842515,9.562885,0.25112447
mp-4426,Li4SeO5,5.4080544,5.3092184,-1.9584248,14.005825,0.17048791,3.0208576,4.576062,0.0062868576,9.920597,0.27444795
mp-5038,CsGaS2,6.58209,6.812426,-2.2512388,13.722171,0.16213776,3.6219428,4.871651,0.32351786,9.035402,0.2723631
mp-510273,CsSbO2,7.5945754,6.5191298,-1.9213356,14.976311,0.15979746,3.4841459,5.0238314,0.3708206,8.748798,0.26637685
mp-5414,NaSbS2,19.326832,20.812183,2.2309034,43.83349,0.07155198,7.922455,4.613759,-0.43768826,9.524688,0.28798038
mp-542637,K2B2Se7,3.1231976,5.685717,-2.4532127,13.947756,0.16785562,5.029031,4.916282,0.43138695,9.578171,0.26407066
mp-5450,K2ZrF6,7.066323,5.980024,-2.430851,14.700509,0.1649969,2.2990139,4.89942,-0.06518228,9.229439,0.25903973
mp-554229,CsAs3O8,6.341114,6.207533,-1.6548998,13.169564,0.17183049,3.2845716,5.0581927,0.03883476,9.733409,0.25709102
mp-554737,CsAu2F7,2.5251744,6.634183,-1.5793161,14.344918,0.15523611,2.5054426,4.6072807,-0.49769258,9.404343,0.25122836
mp-554626,Ba(BrO3)2,4.6753707,6.523924,-1.9643753,14.567999,0.1645064,2.8745837,4.954196,0.07240214,9.6339245,0.26033187
mp-556104,La2CrO6,14.8329315,21.691101,1.2542877,42.696716,0.07085413,4.885017,4.6348796,-0.20946234,9.544116,0.24493298
mp-555769,ScBiO3,34.414253,21.121935,3.10406,47.662777,0.07226506,5.7604375,5.155656,0.21185899,9.436375,0.2456598
mp-556229,Li2MnF5,5.710343,6.183399,-1.8903,14.245655,0.15905504,2.3352904,4.769169,-3.4313948,11.926518,0.18049191
mp-556748,CaCrF5,3.8033779,5.634008,-2.048743,13.839294,0.17424288,2.304864,5.092972,-2.6904345,12.088636,0.17478615
mp-557426,CaMnF5,4.156096,5.5022726,-2.287063,14.3946,0.1810404,2.3430836,3.672031,-3.276208,12.117519,0.1823414
mp-567583,CsSbCl6,4.1784678,6.727942,-2.4728734,15.925447,0.16477552,2.7630718,4.89739,0.22324835,9.3871765,0.27693042
mp-567913,CsAuSe3,4.200193,5.73557,-2.2294152,14.433516,0.1660602,6.2836194,4.6631255,-0.35227123,9.675192,0.2581696
mp-568443,Al2VCl8,0.75897455,6.082961,-1.9944506,14.633079,0.17237456,2.3588276,6.0347395,-3.2036486,11.83363,0.17294249
mp-570046,Sr3MoN4,8.331019,5.644317,-2.2032623,14.611398,0.17227034,5.225021,4.602356,-0.06413291,9.163377,0.25278905
mp-569442,RbAuCl4,3.1021273,6.637689,-2.2281644,14.194703,0.16408692,3.0493755,4.3780165,-0.28988758,9.721402,0.26771417
mp-571162,Ca3(GaN2)2,14.878139,6.1304526,-2.0723276,13.785086,0.18450236,6.302157,5.236225,-0.100792006,9.632297,0.25896588
mp-571333,Ca5(SiN3)2,19.88125,22.811466,1.3802943,43.96547,0.07045088,5.2580714,4.997358,0.3470976,9.406536,0.28107664
mp-571324,CNCl,0.24474911,5.814081,-2.0911121,13.577892,0.16602828,2.5352154,4.5239744,-0.23000564,9.877289,0.25843582
mp-571046,Sr5(GeN3)2,21.608992,23.027054,1.0712459,43.354202,0.07354986,5.790529,4.5372286,-0.28718832,9.061274,0.23212804
mp-573658,Cs3BAs2,5.9662943,6.206388,-2.4718974,13.721271,0.16673389,4.737855,4.759418,0.38032997,9.576548,0.28260377
mp-606510,CsTaI6,7.7917914,6.3917875,-2.4552102,14.518142,0.16330016,5.1315856,4.8484583,-0.40642235,9.816541,0.2553569
mp-675800,Li5TiP3,5.209255,5.6414704,-2.3672543,14.029809,0.17598765,9.334288,5.0190773,0.2584976,9.659778,0.2503888
mp-675953,Tl2SeO4,17.796425,22.570663,0.4791491,42.974,0.070215285,3.760643,4.221449,0.523988,9.833763,0.26685232
mp-690733,H2SO4,1.4023582,6.732065,-2.5681624,13.339676,0.1822704,2.1826108,4.4375834,-0.11353234,9.363465,0.2557192
mp-7293,HgPSe3,4.819388,5.2237883,-2.6148186,13.917217,0.18318732,7.6849766,4.3622627,-0.21569732,9.487113,0.28347355
mp-752827,Ba2In2O5,21.163094,22.125051,1.0844287,42.031067,0.07098759,5.014236,4.8712025,0.32066658,9.543242,0.24323328
mp-752733,TiGa2O5,79.308235,94.57935,-1.2326099,157.37889,0.023645142,5.572011,5.1200333,-0.32502595,9.456251,0.2673519
mp-752753,SbO2F,8.094092,6.467064,-1.1227499,14.947586,0.17027423,4.231232,4.162512,0.006525366,9.428909,0.26268142
mp-754000,Li2VF5,5.155261,5.9742007,-1.8105774,13.935021,0.17045699,2.2864764,4.325926,-3.1306262,12.460168,0.19557513
mp-754274,MnV2O6,4.8477077,5.5394754,-2.7342017,13.826903,0.15189178,4.465785,4.907469,-3.1192012,11.534798,0.19758716
mp-754665,Pb(BrO3)2,24.172245,23.746185,2.6739793,46.86976,0.068566725,3.7394643,4.993348,0.34178528,9.584207,0.24679536
mp-755434,Li2MnF4,6.9691563,6.790721,-1.6808306,14.145426,0.15817025,2.1207895,3.9990463,-2.0812156,12.639612,0.18387762
mp-755622,V2CoO6,4.9992156,6.6111555,-1.8536215,14.429686,0.17218497,4.670822,4.7034426,-3.2177541,12.318114,0.16951397
mp-755352,Li2HfO3,32.599693,26.528227,0.9500716,41.750153,0.06719924,3.9183035,4.479658,0.41833022,9.354617,0.26586914
mp-755801,LiVF4,2.5202305,7.2126126,-1.997495,14.512178,0.15887356,2.204355,4.7232876,-3.2770913,11.737405,0.16256584
mp-756500,Sr2CaI6,5.144491,7.0003705,-1.581377,14.364474,0.1723683,3.5416644,4.205454,-0.29363936,9.565898,0.2624493
mp-7594,CsLiF2,7.5387344,6.402887,-2.3599458,14.19812,0.17089723,2.2177713,4.3541365,-0.055495273,9.547001,0.2746963
mp-758054,LiAgF4,2.7249227,6.397293,-1.8244374,14.083683,0.181876,2.9929328,5.7411804,-0.45220777,9.581331,0.23658618
mp-761686,Na2BiO3,14.739146,22.224545,0.46339923,43.94299,0.06879879,4.7053413,4.872053,-0.2029871,9.680186,0.24715474
mp-760580,Li2AgF3,9.541804,6.630324,-2.611859,14.379877,0.1748918,2.6486833,4.9883533,-0.100778334,9.427787,0.2572108
mp-7638,LiTa3O8,23.187838,23.394226,1.0062499,42.894413,0.080427155,5.1260133,4.6622596,-0.19863066,9.624844,0.259364
mp-765559,LiAgF4,2.7915063,6.257407,-1.5878586,13.97625,0.15645647,2.9938529,4.798851,0.19849966,9.218056,0.26362982
mp-779511,Ba2MgO3,16.051102,20.200682,2.2575905,44.538155,0.06841198,4.015006,5.1219177,-0.07654256,9.541061,0.25634375
mp-777801,LiFeF4,11.263466,26.297602,0.72608787,44.378593,0.07510278,2.3037336,4.610524,-3.3559175,11.842032,0.16965061
mp-8507,Sr(P3Pt2)2,4.002102,5.8475876,-2.4032602,14.19803,0.1762421,18.829155,22.056976,2.4360878,40.575268,0.081455655
mp-8836,CaAlF5,4.2883058,5.1668673,-2.207785,14.933676,0.18183216,2.003049,3.97571,0.26396602,9.235896,0.25076547
mp-8957,Na5TaO5,4.9091005,7.2741423,-1.9742475,14.187258,0.16151161,2.941051,4.625572,0.39343566,9.98846,0.24578112
mp-8965,K2Sn2S5,7.6620684,7.002341,-2.1773531,14.652085,0.17415825,5.426571,4.874223,0.4201936,9.881726,0.25187156
mp-9675,Cs3BP2,6.7308016,6.574565,-1.958176,14.454873,0.16601834,4.4932117,4.6714535,0.52805877,9.462834,0.2536973
mp-8966,K2Sn2Se5,8.042053,5.9219065,-2.1152008,15.352027,0.15850198,7.1547728,4.6581573,-0.49791715,9.7163725,0.2663016
mp-9322,Rb2Sn2Se5,6.8944798,6.599676,-1.6478746,13.954126,0.16032201,6.9172835,4.783494,-0.032266818,9.336366,0.28633308
mp-9750,SbPO5,4.501472,5.3674936,-3.2974277,14.138057,0.17677,3.2921126,5.065196,-0.023941733,9.6968975,0.2631729
mp-9664,K3BP2,6.0183463,6.042903,-2.3567958,13.42654,0.15658666,4.3167896,4.9951086,-0.13220206,9.071478,0.2630289
mp-9751,Al2Ge2O7,4.8030834,6.2274847,-2.0048144,13.353025,0.17921703,3.1368043,4.98009,0.13776253,9.54222,0.27033773
mp-9718,Rb3BAs2,5.516633,6.007418,-2.6797984,13.82882,0.18179134,4.60327,5.0063367,-0.32344532,9.74287,0.26148498
mp-9720,Rb3BP2,5.8213143,4.6287603,-1.5085485,14.903951,0.1677296,4.2670646,4.7100167,-0.0750295,9.139091,0.29958263
mp-989627,SrTcN3,8.327307,6.1667957,-2.0323598,14.233575,0.1765018,6.842313,4.272273,-0.15625644,9.47803,0.2521738
mp-989615,YWN3,8.567453,6.1142807,-2.06593,14.607781,0.16828093,7.0385194,4.833317,-0.22610083,9.170819,0.25853622
mp-9843,Sr3(AlP2)2,8.714867,6.890543,-1.8144069,14.312542,0.1556315,8.225561,4.8059735,0.24318275,9.677285,0.27444765
mp-989604,YMoN3,10.143992,5.835016,-2.140587,14.714579,0.17492527,7.8724837,4.755585,-0.3560558,9.162264,0.22746599
mp-989623,SrReN3,6.9242806,6.185158,-2.144362,14.133676,0.15557133,5.9267006,4.887462,-0.35154563,9.449588,0.25343448
mp-989606,CaReN3,6.0550184,6.431614,-2.0100245,14.067168,0.18232863,6.346369,4.999789,-0.15923403,9.726557,0.28636762
mp-990440,Na2ZrO3,11.955808,6.6735864,-2.508959,13.902494,0.19223419,3.6656754,4.760728,-0.08255606,9.643868,0.2652846
mp-17297,Na2GeF6,3.2823396,5.868495,-1.9635308,15.081119,0.1589976,1.8694317,4.6423416,0.027774364,9.578635,0.28082407
mp-22576,Mn(SbO3)2,7.2603607,5.7675457,-2.2988007,14.701817,0.17496765,4.541755,5.502942,-20.782402,34.477432,0.05778457
mp-3848,BaGe4O9,8.089559,6.880121,-1.6023537,15.747301,0.17043483,3.4726527,4.6134896,-0.52748257,9.517926,0.24779512
mp-3775,Na2SiF6,3.3252454,6.6304035,-1.5920466,13.470638,0.17526428,1.7828715,4.7786818,-0.16685855,9.471896,0.26737323
mp-4829,Na2ThF6,12.345439,7.116622,-1.6947616,14.372936,0.16582328,2.338321,4.307269,-0.13997321,8.994417,0.25848255
mp-557773,Sc2TeO6,12.177642,7.0628037,-2.4137414,13.288298,0.18978228,4.4476433,5.0666413,-0.2814464,9.744643,0.24496457
mp-5368,Li2GeF6,5.784568,5.7810073,-1.9657911,14.808834,0.16002409,2.087682,4.4225388,-0.20197213,9.676175,0.2508734
mp-504908,In2TeO6,8.169457,6.05256,-2.4108558,14.016609,0.15532653,4.589594,4.979871,-0.051303886,9.805727,0.26849696
mp-541581,KSO3,3.4057891,5.575349,-1.1979821,13.679496,0.18622579,2.2178006,4.9607725,0.010705786,9.269915,0.25490412
mp-676361,Li3ErCl6,19.00964,22.06152,-0.33227214,44.37081,0.076253384,3.0365345,4.657483,-0.1792958,9.384482,0.24363834
mp-757174,LiMn2F6,5.8450685,6.0690312,-1.8768264,14.060905,0.17275749,4.0595684,7.474931,-19.247643,32.766827,0.062621854
mp-614803,Cs2TeO3,17.607908,22.568882,0.81424,44.5865,0.073733106,2.865602,4.3411036,-0.14345686,9.21035,0.25589678
mp-29796,Ho(AlCl4)3,1.4609152,4.83615,-1.8083653,14.540758,0.17023838,2.3524308,5.1167145,-0.07919428,9.573462,0.2538129
mp-554540,Li5ReO6,16.331387,5.298355,-2.2705998,15.04105,0.17897922,4.5208974,4.944565,-0.55357325,9.877585,0.24553949
mp-11654,BAsO4,3.8371537,6.133859,-1.6161159,14.497023,0.17805636,3.3150134,4.9715214,-0.0031293423,9.554846,0.25397155
mp-1029718,CsC2N3,1.8250611,5.7272,-2.05209,14.022723,0.18079506,2.1506011,4.5655065,-0.009881533,9.354591,0.2770752
mp-19086,BaCoO2,11.122662,6.2851615,-1.1207625,14.288743,0.16942331,4.670672,4.242863,-3.8304198,12.062507,0.19216314
mp-12403,LiBF4,1.6836797,6.388507,-2.8463979,13.863705,0.17878662,1.6592503,4.3046446,-0.19200149,9.118951,0.2518337
mp-11653,BPO4,3.1207259,6.925464,-2.0255885,13.546405,0.18305647,2.766443,5.0908813,-0.005420972,9.765156,0.26423427
mp-3288,CsNO2,5.658507,5.4109015,-2.1163971,14.536814,0.1701886,2.4141085,3.9688172,0.4361776,10.125765,0.27330074
mp-3996,GaAsO4,3.341591,5.309962,-2.215513,15.261263,0.16526952,3.0997913,4.9803576,-0.41638845,9.379987,0.23044963
mp-4122,GaPO4,3.1360202,5.516329,-2.5577354,14.436818,0.16784312,2.6664314,4.9385166,-0.5207914,9.755272,0.25089455
mp-28205,Na3ReO5,9.695747,5.498664,-1.5228722,14.611055,0.16854955,3.1288295,5.1521454,-0.16465963,9.8474655,0.23438749
mp-4453,TlNO2,33.095016,22.131731,1.3327917,44.48154,0.06968523,4.0812283,4.7868056,0.1029447,9.898206,0.2510601
mp-4236,BaZnO2,10.3528595,6.091381,-2.160354,14.53338,0.1781475,4.195601,4.1984878,0.042674128,9.918871,0.250812
mp-571452,KPSe3,5.1757793,6.1909404,-0.73752856,14.389132,0.16788553,5.5072026,5.1958647,0.23220786,9.644747,0.24362446
mp-756018,BaMgO2,9.052011,6.6888433,-1.4173961,14.2054615,0.16922699,3.6446266,4.556016,0.24003747,9.887238,0.23493785
mp-752580,RbNO2,4.9759083,6.534063,-2.4567316,14.400076,0.16689427,2.3315656,5.078311,-0.5499549,9.526072,0.26307425
mp-11168,Ca(PIr)2,17.612822,21.533688,2.1011522,43.030052,0.07942708,33.806534,19.955997,1.2415383,39.72489,0.07636434
mp-15074,Sr(PIr)2,14.656552,22.687824,1.9447625,43.92389,0.07110256,39.09608,22.472786,3.166266,41.062294,0.07762048
mp-3955,AlPO4,2.3197203,6.075114,-2.0393255,13.923533,0.16888174,2.4702718,5.687937,-0.31215534,9.5648365,0.26770636
mp-675022,CsPbCl3,34.777058,26.371403,0.47196195,44.25613,0.06512036,3.6403532,4.4537535,0.009109591,9.828335,0.268121
mp-568116,Lu2(CN2)3,5.217978,5.160342,-2.7397754,14.162551,0.1570594,3.7499297,5.3499775,-0.19738537,10.004283,0.24086551
mp-676561,Ag3SI,8.709057,6.3150034,-2.4908109,13.346486,0.16611437,8.2056055,5.080807,0.3466916,9.807824,0.2540322
mp-676851,KNO3,2.390522,6.8993144,-1.5262008,14.340004,0.1645276,2.031753,5.1791124,-0.23120905,9.179773,0.252972
mp-752446,RbNO3,2.6966422,6.1651125,-2.0615604,13.714965,0.16510226,2.052311,4.6799,0.01158499,9.634801,0.2712012
mp-1019323,Th2HN3,38.688023,22.61376,0.68620396,44.20419,0.07534994,8.039557,5.1468267,0.17990269,9.165601,0.27852884
mp-1023941,Te4MoW,0.5466706,5.5884976,-1.2698972,14.174955,0.17011514,8.151535,4.9966583,-0.26642197,9.478063,0.26222
mp-1014251,HfZnN2,27.366924,24.303993,0.98713064,43.665257,0.076741405,8.167385,5.1934824,-0.123924,9.256566,0.27119714
mp-1001780,LuCuS2,6.963202,6.7792597,-2.469852,14.266312,0.1686884,8.232108,4.592594,-0.049886104,9.61457,0.25361717
mp-1014244,ZrZnN2,34.506264,23.666855,0.6914195,44.358974,0.065692894,9.081436,4.835205,-0.1459797,9.71611,0.26224503
mp-1023954,MoWS4,0.03928031,6.509925,-2.3789854,15.071377,0.17323564,6.228463,4.9759793,0.23227258,9.35524,0.27838647
mp-22253,Zn(InS2)2,5.4102955,6.7659397,-2.6386166,14.3154125,0.18406798,21.245764,20.41745,5.469273,39.760544,0.0857213
mp-22965,BiTeI,13.934724,5.582501,-1.9459295,14.186223,0.1767733,9.981132,4.7467303,0.13404037,9.636544,0.29080564
mp-29057,Nb3SBr7,1.7028769,7.1890554,-1.7945642,13.40231,0.16890487,6.1038857,4.9263763,-0.0023177469,9.851356,0.26164126
mp-33723,BiTeBr,14.96509,23.629648,3.9643517,42.738205,0.06772211,9.064584,4.9780283,0.21954052,9.46598,0.25358716
mp-36209,TmCuSe2,7.6214156,6.3406334,-1.7799991,15.463632,0.17599471,9.800331,5.159856,-0.032943364,9.538312,0.24091488
mp-675180,ErCuSe2,7.7028427,6.5237966,-1.1950134,14.378491,0.17242888,10.14968,5.1883535,0.0395749,9.788034,0.22905993
mp-626149,Mg(HO)2,5.914411,5.339454,-1.6819475,13.683086,0.15889491,2.5423107,4.643859,-0.2569211,9.757968,0.24316235
mp-675349,DyCuSe2,7.9013186,4.727829,-2.278248,14.285936,0.17321217,10.093825,4.915985,-0.36783606,9.492495,0.26310962
mp-625943,Co(HO)2,5.759424,4.5091443,-1.1964142,14.25911,0.16749817,3.3238704,4.5037746,-3.9031062,11.4511,0.16529356
mp-567713,Nb3TeI7,1.4840066,6.057742,-2.453457,14.302599,0.15524334,9.138091,5.0408792,-0.008667277,9.740752,0.25647816
mp-675902,YCuSe2,7.9239407,6.012376,-2.1681483,13.787788,0.16564092,9.9823885,4.458826,0.51059204,9.622776,0.25979802
mp-6980,ScCuS2,10.22062,5.874262,-1.5073941,14.622256,0.15419465,10.5221815,4.49026,0.32338503,9.554827,0.25202057
mp-753212,LiVF6,2.0377622,6.049307,-1.2805076,13.525656,0.15666655,2.049008,4.4432735,0.4070577,9.205173,0.24034418
mp-755285,FeHO2,6.1268706,5.692024,-1.4194183,13.542278,0.17292285,4.4333305,5.1977897,-0.48973277,9.434985,0.25238252
mp-7885,AlAgS2,25.940733,22.841629,3.783357,42.636612,0.06814139,7.669431,4.069561,-0.24796753,9.777995,0.2500541
mp-27704,K3V5O14,12.261271,5.0652933,-2.443346,14.209421,0.17307808,4.16384,4.473864,-0.08579169,9.1796875,0.25794002
mp-1104686,Cs4Au6S5,5.8580594,5.4089413,-2.449236,13.6609,0.17344965,3.9990857,4.9708405,-0.18819745,9.438143,0.24121651
mp-29305,Re2PbO8,9.63479,6.1809335,-1.766258,14.45331,0.16499989,3.5391283,4.4403753,-0.25052217,9.60886,0.25684902
mp-30300,Cs3As5O9,4.6915298,6.622741,-2.1093676,13.807262,0.16852638,2.9809031,4.744789,0.5037413,9.991528,0.26712227
mp-643683,Ba5(Ga3H)2,5.6130323,22.888048,2.6873662,44.26597,0.07090051,17.865004,21.481625,1.007502,40.694084,0.079548694
mp-1030245,Ca3ReN4,21.939798,78.13375,9.16226,165.04054,0.020024767,316.5669,147.84503,-17.547781,272.85123,0.010342179
mp-1030015,Mg3WN4,4.2490044,7.121834,-1.4776533,14.33496,0.17290483,5.16951,4.948568,-0.024514021,10.073475,0.2706008
mp-27462,AlPS4,0.8645599,6.638645,-2.2299461,14.582049,0.18282795,3.1750789,4.180469,0.28344202,10.05995,0.28221166
mp-1040810,CaCr2O4,6.5271487,5.5891547,-1.6929313,14.340819,0.16704127,4.395958,4.4050646,-2.8118727,11.578378,0.18659294
mp-1048900,MgV2O4,6.7611084,4.7556453,-2.5389483,14.497991,0.18095021,4.727981,4.6600027,-2.8039265,12.176208,0.19043632
mp-1094066,ScAgS2,12.168593,5.22768,-2.012828,13.341404,0.16119991,8.289228,5.2249312,-0.53896964,9.2969475,0.22461957
mp-1207095,SiPAu,0.47946814,6.8649826,-2.2783577,14.358995,0.17745109,13.2835,20.688337,2.562526,39.845287,0.07618054
mp-18775,Fe3PO7,7.050765,5.9124794,-1.265307,13.504819,0.14716658,4.4732504,4.7903547,-3.1331532,12.5158415,0.18942426
mp-22949,FeBiO3,22.724411,21.58783,0.36301485,44.99447,0.0783689,6.417676,5.1369762,0.3677235,9.534484,0.25080353
mp-22981,TlIO3,34.561123,21.922523,1.5460185,41.335903,0.07084854,4.4540553,5.1396317,0.35993642,9.816994,0.27174306
mp-22988,CsGeCl3,9.673662,22.709906,2.6898043,46.698067,0.06818364,3.6422298,4.614412,-0.32431704,9.761538,0.25173005
mp-22958,KBrO3,4.2436857,5.490956,-1.6441854,13.91227,0.19121559,2.7502854,4.502555,-0.0959656,9.087238,0.25048053
mp-23011,RbClO3,3.5511456,6.5328083,-2.7293038,14.575621,0.16903234,2.3339307,4.9673395,-0.30888066,9.449205,0.27939004
mp-28240,CSO,0.18930882,5.5668797,-2.2767215,13.953439,0.16109252,2.1752949,4.417346,0.03670902,9.6400175,0.26611954
mp-23910,CrHO2,5.4499717,6.5033407,-2.1419382,14.144506,0.16887386,4.3972783,5.32372,-3.4099777,12.794092,0.18551703
mp-27193,RbIO3,5.359183,5.8286743,-2.316794,13.435369,0.16414109,3.3900373,4.861678,0.35843277,9.226856,0.27753064
mp-28377,CsGeI3,16.805298,19.659634,2.8784695,45.037174,0.07284079,6.125621,5.2154026,-0.21305627,8.787676,0.25472096
mp-28872,RbBrO3,4.2363014,5.0005035,-1.1745473,14.432841,0.15523179,2.7122564,5.0766196,0.076086186,10.130435,0.24821292
mp-28873,CsBrO3,3.9382942,5.6529226,-1.6856217,14.039093,0.17880304,2.6835415,5.2535353,-0.49321178,9.486508,0.24152912
mp-3107,Ga3PO7,6.3203983,5.272732,-1.8106992,13.732745,0.17255135,3.4353426,5.4573555,0.0463736,9.962225,0.25362378
mp-29798,TlBrO3,15.83034,5.9696717,-2.6511035,14.042644,0.17390801,3.558363,4.4575987,-0.13555574,9.716846,0.26446965
mp-30068,CIN,0.2919726,5.1511526,-2.0478354,14.311034,0.15963173,2.7626994,5.429953,0.02354142,9.58107,0.27301547
mp-29643,CuAsSe2,5.829835,6.417535,-2.3842406,14.1485405,0.16547666,20.749704,21.27414,2.5611718,39.529213,0.08490159
mp-30925,La(NO2)3,5.420464,6.099744,-1.8022432,14.156169,0.17321731,3.1490574,5.400623,0.4515904,10.204601,0.2708196
mp-29738,TlClO3,15.297502,5.551573,-1.5889649,14.653607,0.15941034,3.1186032,5.322109,-0.011982024,9.410837,0.24036019
mp-34078,H3ClO,2.408328,6.1642866,-1.5880889,13.901324,0.19393796,2.345862,4.8373756,-0.08307963,9.453248,0.24200366
mp-34330,MgAl2O4,5.8631563,7.1852326,-2.1636403,14.453136,0.16524422,3.1438475,4.232294,-0.083183505,8.819616,0.24936125
mp-34042,KY3F10,18.495867,6.839277,-1.8718524,14.183088,0.16658354,2.2603242,4.409608,-0.13070844,9.675237,0.24903688
mp-34126,Cu4SnP10,2.083927,5.432105,-2.6432865,15.067212,0.18001819,16.986649,22.441542,3.0077941,40.79646,0.08227237
mp-3532,CrAgSe2,4.611172,5.713983,-2.0885217,14.958165,0.16957936,16.25954,4.879994,-2.9718566,11.441852,0.18082343
mp-4559,BaCO3,5.7802663,5.9488893,-2.1952853,13.904526,0.17272598,2.8269856,4.7321577,-0.07257922,9.532222,0.25821453
mp-35308,CuCN,0.6337308,6.296944,-1.6677321,13.571745,0.16860278,3.6737468,4.3122034,-0.06941789,9.235777,0.24216259
mp-38011,KHS,3.5357652,5.417196,-1.6103672,14.44271,0.17470017,2.8260136,5.304323,0.022398883,9.274945,0.26290616
mp-4182,CrAgS2,8.9127445,6.086381,-1.619803,14.168317,0.16361555,13.105157,5.1401663,-3.035079,11.550096,0.17268747
mp-36582,NaHS,5.4309506,6.35308,-1.8661196,13.688955,0.16742803,3.3021429,4.7405586,0.2934677,9.775562,0.23955022
mp-35695,Li2HN,5.192639,6.088175,-2.1390486,13.464551,0.1636477,3.6492379,5.2987895,0.26182476,9.652899,0.241012
mp-5020,BaTiO3,26.965004,20.944494,2.0754914,44.96071,0.075811274,5.5770264,4.906007,0.5509576,9.809994,0.27088863
mp-550506,KClO3,3.6896992,5.8557835,-2.2706969,13.5454445,0.19341293,2.3111703,5.3119774,0.2293626,9.55204,0.24065661
mp-541937,Zn(InS2)2,5.3296895,22.063833,0.2743485,45.049873,0.075399555,19.793783,21.27356,2.7109425,40.29506,0.08090015
mp-550593,Li4CO4,97.9253,82.87662,4.114835,150.1188,0.02000747,2.9347332,4.7550144,-0.29120386,9.7656765,0.26005858
mp-554868,Al(MoS2)4,0.9838694,5.7413797,-2.2799761,14.530908,0.1688322,15.657256,4.4821987,-3.8077476,11.36801,0.16107228
mp-552729,KIO3,7.505843,5.147129,-1.3894358,13.774785,0.17759144,3.536146,5.0819006,0.06099679,9.705877,0.2642367
mp-567394,Ga(MoSe2)4,0.64882374,6.081118,-1.5594558,14.418403,0.1754088,16.15527,3.6715794,-2.1548934,12.354162,0.17175741
mp-568587,CrCuSe2,3.1490412,7.056495,-0.7983778,13.775131,0.18326037,19.90143,5.122555,-2.542584,12.622059,0.18186532
mp-675124,In4SnS8,7.1721954,6.8150396,-2.6004996,13.985489,0.17173763,9.104168,5.0750713,0.13889681,9.383989,0.28825083
mp-625509,H3BrO,2.1494741,5.8983274,-2.1561036,13.938824,0.1714858,2.6355243,4.43415,0.03565926,10.051495,0.25534543
mp-625051,NaHO,7.889203,6.2213707,-2.121244,14.121795,0.16404217,2.4453852,4.4388657,-0.3885304,9.51058,0.22662066
mp-7375,KNbO3,24.94261,24.947355,-0.14303695,43.614925,0.07245712,5.3576417,4.7760534,-0.010294738,9.510466,0.22907804
mp-756696,Mg2Mn3O8,6.2861524,6.0071993,-2.3137274,13.739515,0.16878691,5.665931,4.706685,-3.2113283,11.410151,0.1762717
mp-755693,LiFeF4,6.232952,6.2012343,-2.0183837,15.116605,0.1775186,2.2161403,5.359617,-23.59376,33.504047,0.05394437
mp-6920,KNO3,2.7494388,6.5388026,-2.1228411,13.971682,0.17979668,2.1522074,4.814686,0.6808597,9.124543,0.24002817
mp-754802,Li5(FeO2)4,14.978186,24.44844,1.1630104,43.313072,0.075100884,4.7168384,5.3224998,-4.1618237,11.195892,0.18994357
mp-755018,RbTaO3,57.73543,72.236176,7.01944,162.35712,0.020527624,5.287121,4.6652794,0.42780522,9.33729,0.25745988
mp-756773,Li(CoO2)2,6.4286256,7.581914,-1.6231624,12.944036,0.16091809,10.017718,5.1169844,-3.4601357,11.591795,0.17615478
mp-759724,Li3MnF7,2.2403479,6.183138,-2.179097,14.110623,0.16628075,2.0908055,3.7311263,-2.5672698,12.371059,0.17911898
mp-7684,Tl3AsSe3,17.169502,6.2734213,-3.020051,14.258394,0.17067052,10.462511,4.5842915,0.011672949,9.643265,0.22868519
mp-760386,CsClO3,3.7435367,6.2850494,-1.9603319,14.316436,0.1876028,2.361031,4.6038103,0.15899198,9.097602,0.25445655
mp-759421,Li3VF7,2.6876495,6.687003,-2.2564456,14.471454,0.17854346,2.0486562,5.008908,-2.9582548,12.115323,0.17737563
mp-9791,Tl3AsS3,13.904129,23.703087,1.2327381,42.728397,0.07325869,8.480084,5.664196,-0.045849435,9.772654,0.26263273
mp-8612,Sb2TeSe2,66.22935,76.58065,6.461465,161.2109,0.020393685,25.520035,22.583801,2.244086,39.990288,0.07521167
mp-774191,Fe3OF7,4.3675632,6.213012,-2.3461502,14.569209,0.17382884,2.7555597,4.549469,-3.217163,12.258557,0.18200052
mp-8196,AgNO3,7.1242056,6.7970333,-2.2863553,14.72255,0.19498508,3.2909799,5.037711,-0.27249914,9.904615,0.26211327
mp-8393,Tl3SbS3,12.64833,4.9629946,-2.247063,14.2237215,0.18320869,8.707951,4.3230443,-0.41751608,9.624864,0.26004875
mp-19376,TiMnO3,22.304287,25.12231,2.6114364,43.145,0.06821352,5.9816732,5.0264673,-3.0990243,12.375906,0.17404284
mp-23683,H2CO,0.6033885,6.406527,-2.133107,14.330477,0.180907,2.1689355,4.9622016,0.36882427,9.838813,0.23984757
mp-23736,LiMgH3,6.663709,5.5741396,-2.220416,14.597448,0.17469405,3.9337718,4.9934325,0.010986192,9.208874,0.29189023
mp-13334,ZnSnO3,12.572589,6.762624,-2.798395,13.58452,0.1707527,5.0040483,4.983856,-0.10071451,9.48241,0.24117404
mp-1216763,TiVO3,18.42615,22.328468,4.182152,44.594482,0.06260645,10.021119,4.2933187,-2.3311212,11.780874,0.16188537
mp-1229128,Ag3PO4,9.911641,23.947754,1.9958867,45.44692,0.07054688,4.5599065,5.367463,0.027399318,10.121516,0.24712142
mp-19270,TiFeO3,18.075855,21.825844,2.1460989,46.108482,0.07974721,6.053132,4.122861,-3.908514,11.195736,0.1899003
mp-28123,H7NF4,2.9619315,7.092762,-2.202964,14.167843,0.17553228,1.8167616,4.86035,0.031137345,9.603729,0.24366486
mp-1540546,RbPbF3,13.368453,4.981882,-1.4717923,14.41852,0.18656193,2.7152483,4.563924,-0.425379,9.542653,0.25435713
mp-23501,FeBiO3,34.48071,23.416862,2.305881,42.283855,0.070045225,7.2266617,4.327984,-3.2161827,12.2280655,0.17374419
mp-20282,CsPbF3,18.438108,6.127286,-2.021674,14.338393,0.16114871,2.8862252,5.0384536,0.30662733,9.270584,0.2383519
mp-4514,NaNbO3,33.253487,22.859142,1.2837162,43.595676,0.0722683,5.302462,4.803357,0.1268585,9.3732395,0.2614759
mp-4360,NaCdF3,4.074567,5.781561,-3.134755,14.935094,0.17449091,2.2820408,4.8727784,0.12791736,9.187093,0.25218913
mp-3666,LiTaO3,32.85416,22.60709,0.47790745,43.232708,0.06872191,5.2409077,4.8926225,-0.46446374,9.314939,0.29096392
mp-4431,Ag3AsS3,3.7170792,7.4400764,-1.9133264,13.938007,0.17003426,10.526598,5.380025,-0.017931687,9.681257,0.27135643
mp-3731,LiNbO3,34.17021,23.477003,1.1147729,44.25168,0.06886451,5.812687,3.985567,-0.24702789,9.786996,0.23680171
mp-4515,Ag3SbS3,4.4516945,6.9814606,-2.4979594,14.077061,0.15687273,12.714789,5.0929976,0.08860871,9.335921,0.2682473
mp-552185,AgNO3,7.3028154,5.6641903,-1.9475956,14.261084,0.14549805,3.4205923,4.413969,-0.1345801,9.846485,0.25936687
mp-546027,CrBiO3,25.851774,20.496042,2.7395291,44.521713,0.07648686,7.2343616,4.8967733,0.23402102,9.392126,0.25900048
mp-551918,AlBiO3,40.38486,22.864796,-0.73103064,41.359077,0.07011864,6.006657,4.6441326,-0.09476175,9.281691,0.2743388
mp-754009,ScBiO3,31.09478,24.337893,3.422901,43.87713,0.077777505,5.9566884,4.787124,0.17727378,9.628073,0.22923757
mp-691106,MnSnO3,9.628437,5.5546436,-1.5417049,13.694224,0.1762562,5.0042496,5.187892,0.19010746,9.735473,0.24050361
mp-768221,YBiO3,42.02624,83.53153,6.276061,154.35258,0.020847268,5.5580683,4.7396975,0.06473021,10.210677,0.23622917
mp-755568,GaBiO3,30.97137,23.951859,1.1263955,42.094273,0.06983921,6.111068,4.4115753,-0.4634418,9.255194,0.25797752
mp-752764,LiVF3,4.5241623,6.710607,-1.9444722,13.892285,0.16702163,2.3246884,4.5633397,-2.6901684,11.773329,0.17491737
mp-754513,ZrMnO3,21.067633,23.468895,0.9215321,43.83009,0.06877613,4.9360967,4.596525,0.32477123,9.560321,0.24289382
mp-768310,LaBiO3,38.978832,24.465832,0.3113648,44.55619,0.07296085,5.7106023,4.430342,0.13223194,9.369518,0.25252706
mp-754323,TmBiO3,47.215397,69.940636,2.426207,152.2328,0.021133875,5.5455914,4.8114595,-0.27793318,9.289986,0.256885
mp-8007,LiUO3,17.414644,6.4494505,-1.6577967,14.363629,0.16570914,5.534914,5.23551,-2.8000667,12.391805,0.17261937
mp-989524,LaWN3,67.918625,91.08267,1.1575464,156.02586,0.02145175,13.467064,21.394592,3.397785,40.24071,0.08476938
mp-8704,K3SbSe4,4.5061297,6.1479273,-2.2355702,14.022604,0.15723836,4.5271225,4.4350977,-0.06930459,9.659127,0.26292235
mp-850194,TiNiO3,17.243555,21.015265,0.9029416,44.038292,0.066212736,5.91086,4.286271,0.21097395,9.94112,0.25705603
mp-998613,KGeCl3,5.5352855,6.47779,-2.224296,14.438984,0.17864923,3.2359488,4.742655,-0.1293373,9.75625,0.257687
mp-998561,CsSrCl3,6.6537185,5.9881,-1.4412708,14.132148,0.15875532,2.5345764,4.4684887,0.21231224,9.752024,0.23711374
mp-998591,LiSnCl3,12.26122,6.1585903,-1.6951293,14.369287,0.1655059,3.7764251,5.001375,0.027089566,9.404647,0.23887365
mp-998569,InGeCl3,8.202393,5.453022,-1.6696336,13.683477,0.16606331,3.5620637,4.7050686,-0.23761228,9.333965,0.25570023
mp-998555,InSnBr3,37.319294,25.53923,-0.026010485,43.532513,0.07278958,5.2372513,4.946831,0.04047271,9.849594,0.25152722
mp-998615,CaTlF3,27.030022,22.998508,0.72574556,41.530994,0.08160668,2.8139875,4.3194637,-0.27645937,9.473312,0.25418952
mp-1205739,Li2SnF6,4.696097,6.7478375,-1.2831469,14.235635,0.17534338,2.223574,4.9064565,-0.3494505,9.447458,0.24016505
mp-19292,Co(AsO3)2,7.511869,7.1163435,-2.2612572,13.549148,0.16702043,4.4503107,5.0287113,-4.306959,12.178003,0.17299667
mp-20015,As2PbO6,15.35295,5.6097946,-1.9998515,14.019456,0.1764888,4.525704,4.758908,-0.42683667,9.739444,0.26360768
mp-20727,Sb2PbO6,12.716506,6.2926254,-2.0833292,14.352214,0.17187694,4.4466896,4.989991,-0.06726164,9.795577,0.2645494
mp-19384,Ni(AsO3)2,6.4860587,5.883198,-1.7810463,13.607076,0.17444512,4.294284,4.396774,-3.2715306,12.537049,0.18348728
mp-19409,Mn(AsO3)2,7.7498393,6.2813525,-1.8142862,14.036777,0.16950357,4.085294,5.114252,-2.9852757,11.238672,0.17912479
mp-27563,Rb2In4O7,26.949713,24.087776,2.859089,42.45997,0.071248434,4.302074,4.665902,-0.33638605,10.315472,0.23894659
mp-30284,HgAsO3,8.817917,6.2053022,-1.475001,14.806591,0.17228433,4.8798327,4.7402477,0.2688468,9.544899,0.27894074
mp-31220,AlSiTe3,3.6892533,7.610079,-1.9478844,13.587638,0.16457948,9.312142,4.704831,-0.12575951,9.575485,0.27110592
mp-3810,Hg(AsO3)2,9.343252,5.95436,-1.8615953,14.412761,0.19189082,5.134957,4.5468473,-0.6534465,9.605562,0.24790291
mp-4002,Li2ZrF6,8.27132,6.511887,-2.5349457,13.775327,0.15615466,2.321849,4.617953,0.07751104,9.776128,0.25590554
mp-567931,InSiTe3,7.2782097,7.3314095,-2.1290278,13.990553,0.170246,12.547322,4.99783,-0.19313553,9.738288,0.23771107
mp-4555,Ca(AsO3)2,7.0231776,6.074442,-2.1969197,13.416111,0.16059586,3.6277893,4.339991,0.21678142,9.369753,0.23261787
mp-7128,Cd(AsO3)2,7.5122375,7.0857763,-1.8635774,14.656689,0.15883757,4.2100377,4.4764843,-0.350094,9.613825,0.25702754
mp-570238,P10Au7I,6.063015,4.6015005,-2.117409,14.303678,0.16986486,15.504837,5.0853515,0.44332868,9.707757,0.26579866
mp-9126,Sr(SbO3)2,6.020212,5.798682,-2.3664007,14.187368,0.18250848,3.4538693,4.7430162,-0.09517477,9.341405,0.27019587
mp-753667,Li2VF6,6.503807,5.5625935,-1.9655502,14.257918,0.17204782,2.5940158,3.9952884,-3.3658657,11.954916,0.19560903
mp-9125,Ca(SbO3)2,6.2117267,6.737157,-2.2868319,13.678879,0.17594866,3.582325,4.4872904,-0.16068219,9.220081,0.26488897
mp-757074,BaCa2I6,4.608496,6.1445847,-1.8319408,15.071389,0.16444436,3.506348,5.019141,-0.07435942,9.542342,0.264008
mp-754212,BaSr2I6,4.777331,4.788393,-2.770425,13.866589,0.18245046,3.3182766,4.5707226,-0.2583801,9.621856,0.25054306
mp-9127,Ba(SbO3)2,6.4897733,6.046297,-1.5492492,14.459946,0.17016003,3.445353,4.702622,-0.1533604,9.857759,0.26812685
mp-754065,Hg(SbO3)2,9.233656,6.298745,-1.7020961,14.150405,0.16594513,5.203017,4.7827024,0.16104996,9.513355,0.2675513
mp-8922,Cd(SbO3)2,7.044083,5.788988,-1.5308325,14.252175,0.1529122,4.2443275,4.831317,0.3390121,10.143095,0.24067402
mp-754710,Sr2CaI6,4.3988256,5.2486753,-2.5244706,13.908346,0.18914603,3.57131,4.7456656,-0.000674983,9.653994,0.23826426
mp-753345,Ba2CaI6,4.8810663,5.984174,-1.6573505,13.223838,0.16928451,3.5219939,5.0397654,0.3935896,9.852167,0.24987939
mp-1106352,Na3MoCl6,3.063869,6.9111013,-1.4201971,14.302578,0.16767162,2.8364186,4.849399,-2.7977424,12.270275,0.18008077
mp-23503,Na3InCl6,3.6144207,5.1102295,-1.8392512,13.722162,0.15709677,2.6440089,4.4488354,-0.061910696,10.00744,0.26458845
mp-29417,Na3ScBr6,4.509117,5.670805,-1.3898503,14.641812,0.15545633,3.073839,5.083783,0.02427523,9.662326,0.25695786
mp-1017567,Hf2SN2,15.773068,22.795994,2.6722534,43.229973,0.06907099,8.650304,4.580403,-0.34267154,9.278962,0.25142208
mp-1018630,Ca(BeAs)2,5.8296227,6.377985,-1.186133,14.894958,0.1727064,10.318091,4.0148134,0.10287974,9.820383,0.24326463
mp-1018651,Ba2H3I,7.9819727,5.331615,-2.2603803,14.176056,0.15886772,4.517914,4.927109,0.19271733,10.126455,0.2466836
mp-1017628,Mg(BeP)2,8.027223,4.9314055,-1.9758303,14.629541,0.17296617,9.604402,4.6114707,0.09006189,9.646574,0.26732507
mp-1017548,Ca(BeP)2,5.8445926,6.6783338,-1.5701934,13.905156,0.1777462,9.581722,4.6252546,-0.48733717,10.18941,0.26031095
mp-1018766,Li3LaAs2,17.530123,26.972553,1.4780406,43.10263,0.06647439,12.807173,21.962719,1.9780275,39.733807,0.07858411
mp-10402,TiTl2F6,39.016655,22.410744,1.5631417,45.057713,0.07066796,3.06526,5.0574236,-0.18070284,9.507223,0.25392145
mp-1029258,Ca(ZnN)2,18.442368,24.459576,0.080655046,47.537823,0.07453376,8.90511,4.4057903,0.02560839,9.293153,0.23197363
mp-1029330,Hf2SeN2,13.798599,22.59184,2.053334,45.562325,0.07614345,9.612104,22.902756,3.0376878,40.29182,0.083966054
mp-1029337,Zr2SeN2,15.607731,23.179367,-1.7483109,43.399178,0.06900448,10.882868,21.432074,2.422274,39.032585,0.08356509
mp-1029385,Li2SnN2,10.4756,6.2860074,-1.837403,14.014426,0.18323895,6.4089885,5.5656686,0.1909052,9.015207,0.22268286
mp-10401,Tl2SnF6,38.907173,20.464342,-0.009290477,47.723057,0.07501541,2.8406332,4.2875714,-0.074395314,9.365952,0.25572604
mp-10550,SrMg2N2,12.37281,5.5866194,-2.114496,14.322155,0.16382654,6.1690865,5.090513,-0.328209,9.670672,0.28130627
mp-1069695,Sr(MgBi)2,6.49872,6.281962,-1.7399274,13.979193,0.16999678,13.466276,4.720094,-0.28598794,9.605316,0.25377515
mp-1079364,Cs2TcF6,5.075427,5.194032,-2.0841844,13.638172,0.16784585,2.4011993,4.8392143,-2.188964,12.29842,0.18152103
mp-10919,Rb2PtC2,5.5849433,6.733302,-1.7826413,14.66669,0.19157568,6.397093,4.311078,-0.18352892,9.281851,0.2642973
mp-1097065,Li2HfN2,25.330643,24.468212,3.0788162,44.829895,0.06308967,7.0836506,4.4250274,-0.27171212,9.448724,0.27651578
mp-1101917,SnBi4Te7,67.05356,77.830154,-1.013752,154.13605,0.021173766,27.283348,21.443478,3.6733494,39.245647,0.083505
mp-1205863,Rb2ReF6,5.1317987,6.984465,-2.1265786,15.033385,0.16796006,2.275769,3.904388,-2.9345644,10.993261,0.17654309
mp-11917,Mg(BeN)2,7.4098644,5.0300283,-2.4343922,14.544058,0.16881059,4.7053437,4.83255,0.27868995,9.379675,0.26166502
mp-1205774,Cs2ReF6,4.882457,6.460387,-2.284194,14.370279,0.16320805,2.360225,3.6992583,-2.2243044,11.900739,0.19412804
mp-1208162,Tl2GeF6,26.74737,22.475157,3.2982888,44.547966,0.07927945,2.7814667,5.070964,0.0897482,9.303217,0.24893448
mp-12894,Y2SO2,9.992405,7.2598176,-2.2450342,14.468046,0.18190894,5.0965,4.453183,-0.4387533,9.826652,0.2429306
mp-12908,ScAgSe2,15.765993,22.149122,-0.03581783,43.88812,0.08086779,12.251626,5.02482,-0.036461122,9.6120405,0.24120261
mp-13947,Rb2HfF6,7.392505,6.3176694,-2.1956866,13.164084,0.16492465,2.1194158,5.3410397,0.0876789,9.661932,0.25727028
mp-14791,Ge2Te5As2,15.076742,79.63632,0.37953085,159.99788,0.021678645,64.621346,18.10043,3.4293382,42.01189,0.0774555
mp-1541458,Mg(ReO4)2,1.6886402,6.044999,-2.7594757,14.451046,0.18542996,2.6291285,5.2891912,0.04754962,9.538663,0.24699016
mp-1541714,Cs3As2Cl9,11.758202,7.961209,-2.0662127,14.270823,0.17068735,3.4569597,4.361347,0.30198035,9.554487,0.27140898
mp-13948,Cs2HfF6,7.186587,5.703555,-1.5605321,14.743835,0.1756421,2.217284,4.410967,0.016058354,9.303446,0.23789938
mp-13946,Rb2ZrF6,7.8700976,5.913068,-1.6900384,14.462631,0.15677758,2.1558497,4.702525,0.18097407,9.670375,0.2531702
mp-19279,Li2MnO2,9.56804,6.454013,-1.2586017,14.901508,0.15558462,3.7075527,2.5502048,-3.1266801,12.71267,0.18257205
mp-19308,Li2NiO2,6.063196,5.5180225,-1.3694513,14.491709,0.17128544,3.7792943,4.014306,-3.8972976,11.42955,0.17882417
mp-18761,K3V3O8,8.64457,6.0742264,-2.203987,14.190583,0.16724539,3.8821533,5.0931454,-3.4920032,11.411379,0.18586509
mp-23879,Ca(HO)2,5.83239,6.337775,-1.5648544,14.122633,0.16249478,2.6479588,4.9927216,-0.09810119,9.463666,0.26162693
mp-28479,Sc2CCl2,14.228664,22.112164,1.6508632,45.34793,0.07217965,6.7118435,4.535627,0.21283905,9.657474,0.24845582
mp-27912,Ni(HO)2,2.7667224,5.980055,-0.96206605,13.896819,0.17205411,3.2958925,5.939637,-2.9053032,11.170951,0.18527779
mp-29208,Ca(MgBi)2,7.4867716,6.7875576,-2.54531,13.64508,0.1630573,16.751003,22.66882,0.4304364,40.439774,0.078539625
mp-29624,Mg2Al2Se5,4.3873444,6.9451933,-2.1099977,14.902673,0.1572303,5.8461356,4.535535,-0.2186542,9.330784,0.28257465
mp-29209,Ba(MgBi)2,7.0573597,24.817804,0.10492026,46.11556,0.076850094,17.088705,22.006226,0.9831634,39.887615,0.07719243
mp-29644,GeBi4Te7,279.04645,300.97495,-67.61755,663.8111,0.003905747,30.131134,21.709696,1.4518698,41.02017,0.079058595
mp-3006,P2Pd3S8,0.57480305,5.402445,-2.0016394,14.628935,0.18444856,5.855928,5.1607504,-0.116423845,9.6341,0.26489577
mp-30244,Mg2H2O3,5.3722506,6.248371,-3.1656234,14.021266,0.17216513,2.7896004,4.6746597,-0.078800134,9.24529,0.25500312
mp-30247,Mg(HO)2,4.503279,6.875143,-2.2002184,14.416808,0.16171715,2.6078632,4.6947064,0.053762823,9.495747,0.26519078
mp-3216,Li2ZrN2,37.60868,25.646152,0.54298514,43.909737,0.07300334,7.6788197,4.467014,0.39876205,9.46167,0.2732243
mp-3970,K2TiF6,7.8316636,6.590653,-2.020002,15.035887,0.15563378,2.2563398,4.663783,-0.27671662,9.616127,0.2389243
mp-3821,K2PtF6,5.5409145,6.838442,-1.7192315,14.269687,0.1656558,2.3514583,4.522936,0.2118519,9.408706,0.25451422
mp-505825,Cs2PtC2,6.841555,6.0026774,-2.0849605,14.271786,0.1639925,6.3318844,4.823489,0.0060313297,9.758427,0.26429892
mp-504554,Ba5Ta4O15,42.523266,19.32119,2.1257076,44.018696,0.0662165,4.7145343,4.1260247,-0.45641744,9.863557,0.24216463
mp-4511,La2SO2,11.757426,6.8063545,-1.8683392,14.450133,0.16548362,5.121231,4.546672,0.02402458,9.61066,0.24374764
mp-4226,LiCrS2,7.3633323,6.377053,-2.1517015,14.485585,0.14826089,10.238462,3.9791088,-3.157277,12.041023,0.18444139
mp-510456,Zr(MoO4)2,7.6202345,5.992695,-2.5466893,13.601283,0.1605247,3.7272413,5.0911427,0.003062981,9.671539,0.2316022
mp-541487,TlPt2Se3,3.96531,6.033247,-2.3111396,14.033333,0.19928877,17.133976,20.524878,3.6493623,38.477062,0.08506504
mp-553303,CsCu3O2,4.6594453,5.6686335,-2.4229205,14.272196,0.17386088,4.5845094,4.9375796,-0.053543605,9.738535,0.27241904
mp-541368,Tl4V2O7,76.64744,73.75485,1.5279166,162.49615,0.02000642,5.0095167,4.8507767,-1.0012169,9.067724,0.24081258
mp-553875,Zr2SN2,18.128595,22.256887,1.1228577,45.02839,0.07483354,9.544271,4.7718024,-0.01594046,9.459164,0.24063861
mp-5795,CaMg2N2,12.476425,6.685131,-1.6019847,14.038642,0.17367236,5.8558345,4.6235743,0.209257,9.604446,0.26671457
mp-644225,Sr2MgH6,12.654826,5.375181,-1.8799222,13.67875,0.15812416,4.7005243,5.2348137,0.022600707,9.792213,0.24198948
mp-643047,Ba3(H6Ir)2,11.391145,5.9487324,-2.051737,14.131115,0.15454905,4.140695,4.3847,-0.07652472,9.353467,0.23303863
mp-643370,Ba2MgH6,10.679275,5.4690647,-1.4566311,15.180141,0.1747087,4.8567224,5.0082874,0.31744477,9.653752,0.26022807
mp-626680,Fe(HO)2,3.5306847,5.8022194,-1.6203947,13.968049,0.1806394,3.1277728,4.357712,-2.865188,12.486793,0.16666463
mp-7233,La2SeO2,11.315457,6.0798755,-1.129985,14.741999,0.14818947,5.443464,4.5925407,0.2161151,9.273433,0.24707136
mp-697921,Mg5H8O9,4.6777325,5.463712,-1.7174199,14.474157,0.1544983,2.6622436,4.8595777,0.0650212,9.216891,0.23983864
mp-7067,Ca(CdAs)2,13.018749,21.79837,2.0011878,44.009274,0.0668063,39.49964,20.89051,1.2712694,38.51817,0.08432303
mp-752658,Y2SeO2,9.819821,6.6139336,-1.3205394,13.839713,0.17184745,5.524743,5.390722,-0.24252221,9.49814,0.2533684
mp-7038,TlPd2Se3,5.4572763,6.243167,-1.503207,14.0216055,0.17489697,25.840826,20.952085,0.9115248,39.156933,0.07879561
mp-7297,Cs2SnF6,6.063549,6.5301,-1.529877,13.699009,0.16516466,2.1994996,4.544921,0.12366326,9.619902,0.24660271
mp-7430,Ca(CdSb)2,12.640156,22.870335,-0.89183533,43.4867,0.07331572,39.142105,21.39745,2.9000816,38.822906,0.09287444
mp-753946,LiCoS2,4.0392,21.249409,1.6464237,43.689713,0.06492872,17.2276,17.686525,3.5936685,41.213875,0.08963362
mp-7824,K2ReF6,6.330503,5.998541,-2.3238654,14.448977,0.17958048,2.253568,3.977325,-2.6927688,11.667288,0.18953316
mp-7771,Sr(CdAs)2,12.060783,72.92496,8.221915,159.05002,0.019110307,137.10338,147.98552,-16.109215,287.17197,0.010149246
mp-7770,Sr(ZnAs)2,9.120021,6.176716,-1.4118425,13.771961,0.15177125,15.046418,21.194466,2.2092574,39.377224,0.089183405
mp-7786,CsCu3S2,2.7655025,6.265195,-1.5642862,12.613941,0.16336575,4.707081,4.741877,0.18447858,9.518506,0.2599854
mp-7825,K2GeF6,6.4786363,6.4307947,-1.8461748,14.587325,0.16231193,2.0308945,5.569557,-0.11655535,9.34964,0.27557328
mp-7903,Cs2ZrF6,7.363909,6.778967,-1.9347069,14.038372,0.16160277,2.2497997,5.0948515,0.082028694,9.240715,0.26600108
mp-7949,Rb2GeF6,5.45488,6.430616,-1.833884,14.226993,0.18578449,2.0702634,4.9853096,0.061962884,9.617707,0.24999607
mp-8278,Ba(MgP)2,7.901316,5.906687,-1.8993274,14.925645,0.1633898,8.416559,5.036776,0.080584936,9.478188,0.2532575
mp-8276,Sr(ZnP)2,8.566368,6.172444,-2.105301,14.62164,0.17100734,11.102979,4.8496265,-0.0039730454,10.113489,0.24625038
mp-7979,K2PdF6,6.3026195,5.38995,-1.7271032,14.660568,0.17175217,2.4637873,5.134906,-0.23172542,9.842003,0.2734915
mp-8192,Rb2PtF6,4.637399,7.206313,-2.4484932,13.9874,0.16968423,2.3554912,4.777444,-0.4136311,9.856118,0.25764903
mp-8279,Ba(CdP)2,11.441722,7.3571706,-2.5388927,14.223979,0.16794299,12.946654,4.416174,0.1804331,9.592569,0.24653807
mp-8277,Sr(CdP)2,10.399016,19.127552,1.9297174,42.46908,0.06995437,12.030904,4.4351935,0.053278074,9.46744,0.24976544
mp-8280,Ba(MgAs)2,7.537356,6.8390465,-2.232967,13.2731495,0.18619612,9.464481,5.1930103,-0.2673712,9.870979,0.23508817
mp-8281,Ba(CdAs)2,12.851697,68.5228,3.4026258,161.3689,0.022840537,97.63228,106.59539,-15.119436,276.31766,0.010554798
mp-8994,Rb2NbF6,7.1490583,6.0421557,-2.052614,13.98559,0.16540875,2.59828,3.3322625,-2.1025,11.4787445,0.16031055
mp-9385,RbAu3Se2,6.471763,5.8360276,-2.1876125,14.3809395,0.15381132,5.690518,5.121791,0.1911356,9.644211,0.22903836
mp-865185,Mg(BeAs)2,8.930714,4.4762793,-1.8504974,14.275296,0.17921177,10.807894,5.5229025,-0.866716,9.932608,0.26283944
mp-9386,CsAu3Se2,7.1020727,7.129593,-2.2506604,14.350973,0.17040017,5.159025,5.802025,-0.37624466,9.416815,0.25618514
mp-9272,TlPt2S3,5.5010786,5.514664,-1.8667773,15.310009,0.16351365,12.533546,4.726366,0.24888055,9.928314,0.2542416
mp-863260,Sr(MgAs)2,6.5392976,7.2378163,-2.0903533,13.6214905,0.17648889,8.84635,5.4299765,-0.34714708,9.9403105,0.26780403
mp-8579,Ba(AgS)2,12.264097,4.624665,-1.6800781,14.096753,0.15918115,7.505327,5.013594,-0.09049366,9.551109,0.24856292
mp-8405,Li3LaSb2,15.013724,23.760494,-1.0713638,45.691963,0.07515933,16.209444,21.35244,4.0150127,39.218918,0.08986403
mp-8995,Cs2NbF6,7.9698863,6.7870765,-1.1840756,13.970665,0.1885818,2.5938714,5.167783,-3.2015371,11.8698,0.18636474
mp-9384,CsAu3S2,9.861561,5.917985,-1.7811813,13.651054,0.1725153,4.6581616,4.6542063,0.2816291,10.129572,0.27069205
mp-8407,Li3LaP2,18.934278,26.08635,0.28800184,45.06731,0.06489078,12.116558,4.851971,0.07136438,9.70824,0.25322235
mp-9565,Ca(MgSb)2,6.8783355,5.678479,-2.0172102,14.053062,0.16502449,10.626711,4.4627056,0.16098723,9.3864155,0.24336134
mp-9564,Ca(MgAs)2,7.204056,5.39512,-1.9857424,14.500318,0.17144628,9.078927,4.5984817,0.2570337,9.761361,0.254876
mp-976876,K2PtC2,5.098699,7.4207954,-3.125175,12.859386,0.17531553,7.103846,4.562381,-0.13138348,9.373066,0.26971146
mp-9569,Ca(ZnP)2,9.106442,5.690252,-1.7038535,14.169959,0.16383782,11.118831,4.0522757,0.110974476,10.0582285,0.2585984
mp-9567,Ba(MgSb)2,6.7060285,6.2696238,-1.8949974,13.93528,0.16628736,10.659709,4.245531,-0.4483995,9.414992,0.23353955
mp-9570,Ca(CdP)2,12.114477,5.9953995,-2.2261107,14.333333,0.17582248,12.055993,4.455804,-0.1903215,9.565229,0.2581589
mp-9571,Ca(ZnAs)2,9.874487,7.0893073,-1.6435338,14.230542,0.1914357,14.399996,4.361465,-0.3491625,9.65453,0.24628584
mp-9566,Sr(MgSb)2,6.201308,5.7911043,-2.0521991,14.134262,0.16932684,10.153563,4.0271034,-0.02419712,9.480016,0.23368408
mp-1001786,LiScS2,14.305869,7.19637,-1.9624087,13.968294,0.14927718,6.836581,4.729471,-0.11558155,9.595631,0.26116765
mp-1006888,KYS2,7.7007046,5.826787,-2.3156753,13.905486,0.16890426,4.7902694,4.578391,-0.21722034,9.638388,0.23865043
mp-1018099,Ba2NCl,32.10287,22.948654,3.9617982,44.029,0.06344071,5.1450443,4.4855733,-0.415404,9.235595,0.26430678
mp-1018098,Ba2BrN,29.407904,22.751642,-1.4572248,45.43695,0.07271873,5.441726,4.532932,0.23658869,9.801089,0.25426635
mp-10226,NaYS2,8.973518,5.2595186,-2.0521681,13.296055,0.17756699,5.145981,4.6494436,-0.41261196,9.556141,0.26919013
mp-1018031,KInO2,6.958852,5.7280407,-1.7174147,14.630588,0.16056298,3.922538,5.1123476,-0.14797892,9.28882,0.25876728
mp-1029375,BaCN2,6.4121284,5.564884,-1.5795312,14.221408,0.14455189,3.2371364,4.878655,-0.5792271,9.4176235,0.2504557
mp-1029479,Ca(InN)2,12.180001,23.105751,1.0657194,44.630585,0.068844266,22.223711,21.961456,2.1649613,39.52912,0.087521724
mp-1029267,CaZrN2,97.34861,87.38136,7.453169,155.50604,0.023668706,10.77118,5.2338495,-0.20334135,9.9667225,0.25870782
mp-1029359,CaHfN2,59.57282,83.45515,9.295057,153.77867,0.019603206,9.49364,5.0984945,-0.21112119,9.997915,0.25505975
mp-1065514,YTlTe2,13.786226,6.110366,-2.8187091,14.995471,0.16165659,9.625485,5.927432,-0.15883179,9.9241295,0.24743825
mp-1066131,YTlS2,18.596138,23.736452,0.69995236,46.53557,0.07297607,7.0543685,4.7340956,-0.0045067994,9.709306,0.26365954
mp-1067744,YTlSe2,16.268229,6.134632,-1.3474922,13.932725,0.17316765,7.9912386,4.805724,0.15842527,9.870363,0.24518201
mp-1095520,KPd2O3,2.6613247,5.636028,-2.8676019,13.656434,0.17570634,6.6951504,4.3973665,-0.3634779,9.322627,0.24257661
mp-10969,CdCN2,8.67281,5.8673573,-1.6865938,14.418026,0.17960651,4.4504595,3.959292,-0.062338613,9.273838,0.23899895
mp-1087504,KZn4P3,21.874903,18.259743,-0.28619024,42.394196,0.07471221,10.215819,4.449094,0.56571543,9.653373,0.2410001
mp-11719,K4ZnP2,3.9485774,5.837865,-1.8050994,14.818085,0.18127204,4.6859555,4.7265415,-0.054413438,9.948465,0.24932086
mp-11739,KLaTe2,7.2448,5.918291,-2.521592,13.893349,0.1743535,6.1164346,4.736305,0.21630085,9.210632,0.22406808
mp-1176792,LiAgF2,4.220271,5.290593,-1.7141315,14.1481285,0.17091464,3.7639892,4.7149224,0.21086423,9.796223,0.25221047
mp-1220879,NaSbSe2,62.860855,77.14264,1.5337828,157.84023,0.020469652,11.657422,4.56514,0.24410686,9.812696,0.26108932
mp-1220883,NaSbTe2,46.344032,23.714376,1.6544389,45.324,0.06337685,17.60612,23.250935,3.0243485,41.209267,0.09621508
mp-1220714,NaLaS2,10.289433,5.6396275,-1.6917979,14.077229,0.16538608,5.1165867,5.113707,-0.14612116,9.904475,0.26055965
mp-1221125,NaBiS2,37.8436,18.261307,-1.0883547,44.36261,0.06948751,8.257562,5.0450344,-0.4412585,9.576132,0.23746212
mp-1221101,NaBiSe2,33.966373,23.782883,-0.54476166,46.195072,0.07279671,10.31449,4.9601727,0.29744273,9.820294,0.24604365
mp-1221102,NaBiTe2,33.48274,21.674046,1.6681381,43.655113,0.07506067,13.180216,4.038581,-0.42374045,9.438404,0.25935882
mp-1222404,LiBiS2,117.228455,75.98497,2.5721698,153.09048,0.02172258,9.498257,4.456443,0.24483377,9.350963,0.26421183
mp-1223443,KBiS2,34.24025,22.931305,0.10092693,42.84162,0.068294354,7.4332376,5.110422,0.1879319,9.161121,0.2576092
mp-12335,MnCN2,9.485544,5.4432974,-1.7380818,14.062456,0.17515483,5.3996706,5.679885,-3.3678448,12.255236,0.17237893
mp-12442,KAuF6,3.9960954,6.4431663,-1.8216192,13.31562,0.17571603,2.4661412,4.544962,0.4948875,9.07152,0.2515644
mp-12317,SrCN2,4.9484916,6.251978,-2.836826,14.731002,0.16898192,3.1473892,4.9627624,0.35122955,9.338989,0.28244773
mp-13313,ScTlSe2,21.00601,22.274458,1.2826153,45.30484,0.07126541,9.851712,4.8211546,-0.14774966,10.328316,0.23950103
mp-1386665,Zn(MoO2)2,4.6535816,5.879224,-1.09223,14.171072,0.17369847,5.009604,5.2794123,-2.4215357,12.340614,0.17814282
mp-1392899,Mg(MoO2)2,4.1657095,6.634905,-1.7875667,14.2024555,0.16941594,4.435568,4.3133125,-2.9406521,11.947263,0.19796704
mp-14116,CuRhO2,1.5541056,5.9512925,-3.0615742,14.450949,0.17129909,12.157668,4.7383556,-0.31836444,9.670609,0.23299944
mp-14205,K3Cu3As2,4.5372844,4.8466825,-1.9589909,14.881688,0.16449358,7.7765036,4.5069036,0.082053155,9.499471,0.26181245
mp-14006,BaGeF6,6.993725,5.289898,-1.7205925,14.715857,0.17063166,2.293614,4.9705744,-0.24935602,9.001979,0.26531258
mp-14115,LiRhO2,29.846222,21.664536,1.7731527,43.67626,0.07329322,7.5835476,4.2992387,0.031585958,9.826503,0.25502998
mp-14206,K3Ag3As2,6.694969,7.033743,-2.785956,14.9361315,0.16089392,7.8994923,4.1548367,0.07908676,9.150336,0.2609636
mp-14437,RbYO2,13.848464,5.4643707,-1.7692705,14.496662,0.15137309,3.6781905,5.0470324,-0.73404145,9.161036,0.22135502
mp-14797,RbPt2Se3,2.9671273,4.241891,-2.1505866,13.382523,0.17197464,9.417536,4.8281155,-0.31293923,9.0815325,0.27641052
mp-14790,Ge(Te2As)2,3.1951044,22.151302,1.6072336,44.14255,0.08333027,49.056374,21.977543,2.4336386,39.592148,0.07630185
mp-15781,KLaS2,8.606304,5.750845,-2.7871351,14.119518,0.14720732,4.644003,5.0089846,0.13954756,9.980463,0.2559056
mp-14796,KPt2Se3,3.1273649,6.1781797,-1.8006569,14.21141,0.15967263,9.851128,5.1266994,-0.41281423,9.160632,0.2602128
mp-15788,LiYS2,15.322365,22.96688,0.52478224,45.24739,0.0649441,5.8419023,4.623533,0.22568388,9.261969,0.24514796
mp-15794,LiYSe2,14.352727,5.9736834,-2.7416828,14.15128,0.15849416,6.7926245,5.5387783,-0.4695098,9.658622,0.2418278
mp-18793,LiCrO2,11.839391,5.9902363,-2.457142,14.302177,0.16759416,4.6153464,5.134749,-2.2442653,12.493711,0.18942818
mp-18718,Ca(NiO2)4,4.044226,7.0921803,-2.9101515,13.541061,0.17801991,6.629442,5.3204136,-3.2803814,11.707672,0.17365701
mp-18921,NaCoO2,7.527492,5.962176,-1.8253111,13.665995,0.17140092,5.655908,4.328119,0.16055018,9.846557,0.2672022
mp-16763,KYTe2,7.1007476,6.5179625,-1.9738529,13.249363,0.15794368,6.5367827,4.5986996,0.27085575,9.418619,0.26392728
mp-19340,LiVO2,9.6235075,6.4351797,-2.1370952,14.135586,0.16335714,4.8003807,5.093731,0.026829572,9.394584,0.23893853
mp-19378,CrAgO2,3.0421734,5.7976165,-1.8876337,14.771461,0.17901157,7.1131406,5.2170477,-2.8544369,12.410954,0.18013993
mp-19225,FeAgO2,6.2390904,7.250859,-2.446402,13.500667,0.17436323,7.205686,4.133861,-3.4793959,12.324579,0.18610273
mp-19359,NaFeO2,10.2633505,5.659338,-1.6434098,14.886289,0.1748061,4.474619,5.2398825,-3.0332825,12.345128,0.17639822
mp-19799,BaPbF6,8.989117,6.3204536,-1.9366525,14.35137,0.17763466,2.6035736,4.943888,0.29963621,9.531248,0.25767988
mp-20072,LaCuO2,8.352988,6.219157,-1.628693,14.098843,0.16345163,4.7916837,4.683103,-0.03172465,9.706555,0.26369527
mp-20289,NaInS2,10.117251,5.6776266,-2.0647418,13.806708,0.16553038,5.8843064,4.639242,0.103669904,9.666793,0.25853392
mp-20930,InCuO2,3.4566717,6.3288975,-2.2159145,14.494094,0.15487313,5.52054,5.030291,-0.28973734,9.648003,0.23035796
mp-20458,PtPbF6,5.0071235,5.8687224,-2.3037384,14.447572,0.17822266,3.4901395,5.1044693,-0.018189551,9.833955,0.26418453
mp-22936,Ca2NCl,9.470358,7.276082,-1.4102921,14.289669,0.18960828,4.6046467,4.3881817,0.11322976,9.314824,0.25321737
mp-23009,Ca2BrN,9.406486,5.9015875,-1.7658271,13.760753,0.16943288,4.957805,4.763769,-0.12198661,9.877638,0.26623583
mp-23056,Sr2BrN,10.823399,4.329426,-1.1719071,14.659491,0.16712932,4.9803658,5.0187225,0.35115093,9.588427,0.26214373
mp-22566,TlInS2,39.942184,23.273975,0.82550555,45.497948,0.07029824,9.854657,4.6000557,-0.084365584,10.117815,0.2509733
mp-23033,Sr2NCl,11.298474,5.5770583,-1.8035978,13.513735,0.17596678,4.6694407,4.9035444,-0.33280894,9.384644,0.24680988
mp-22473,NaInSe2,11.571605,6.2884154,-2.0762413,14.744592,0.16963993,7.556819,4.8886175,-0.14706324,9.753324,0.27676013
mp-27126,Na2Mn3Cl8,4.9581995,6.4326696,-2.7133627,14.159888,0.14077716,3.0519054,3.8658662,-3.292145,11.546261,0.17045936
mp-24199,LiHF2,6.2689633,6.2773185,-1.8815614,13.278974,0.18631399,1.8929238,5.1547627,-0.2616793,9.293222,0.25698128
mp-27438,TlBiTe2,70.697876,77.76279,1.5581229,152.21254,0.02226213,24.058723,20.571253,1.3881456,41.63626,0.08422908
mp-27869,Ba2PCl,11.559258,22.31704,0.6119549,42.706856,0.070929594,5.4439516,4.7166953,0.012669037,9.620388,0.25052464
mp-27837,NaHF2,3.2066836,5.6118155,-2.632734,14.302492,0.1660474,1.7080705,5.0252786,0.106643684,9.72771,0.24481529
mp-23336,CsMnCl3,8.2913065,5.8818913,-1.4759675,13.7868595,0.18079527,3.1439433,4.01357,-3.2566216,12.375276,0.17735955
mp-27910,Bi2Te2S,35.33456,74.59896,8.053584,158.2362,0.01935433,17.837133,21.353271,2.1528661,39.07477,0.08640808
mp-27999,K5CuSb2,8.758015,5.4033957,-2.234307,14.555105,0.16483216,6.8803935,4.984253,-0.25895852,9.712724,0.25218788
mp-27948,Ge(BiTe2)2,190.0083,83.108864,2.8565078,155.24594,0.023149142,26.402908,21.923882,4.011476,40.990055,0.087935515
mp-28554,Ca2AsI,7.24141,6.806838,-2.8025434,14.901277,0.15080142,6.238442,4.3632603,-0.050738394,9.290324,0.2554666
mp-28302,K4CdP2,3.662497,5.6731358,-2.5929222,14.192938,0.1643496,4.935111,4.712659,0.10933282,9.812549,0.27767298
mp-28591,Na4HgP2,4.0286474,5.5028744,-2.2941942,14.745995,0.16471802,6.024849,4.2958436,0.0550107,9.815579,0.2348465
mp-29584,K4BeAs2,3.9458678,6.1318583,-2.0828044,14.840011,0.16124812,4.674112,4.338328,-0.12805109,9.468361,0.26756725
mp-29151,Li5NCl2,7.89173,5.5685654,-2.7408867,13.871214,0.17699008,3.6516933,5.1486883,0.44425154,9.265132,0.24597035
mp-29662,TlBiSe2,73.839935,75.3351,5.6594806,155.81146,0.018978897,18.649763,21.49741,3.2828863,41.776535,0.08482647
mp-29149,Li4NCl,5.9912224,4.976649,-1.883154,14.896085,0.17626499,4.0402727,4.9561095,0.35753766,9.118594,0.25072843
mp-29585,K4CdAs2,3.3702362,5.472501,-2.3208473,14.602823,0.19167136,5.3880467,4.573661,-0.015883263,9.776577,0.26382825
mp-29484,K4HgAs2,3.408219,6.031667,-1.7444022,14.216598,0.16403697,5.3724327,4.9829607,0.0510737,9.621094,0.26862314
mp-30041,RbBiS2,34.5596,24.20887,2.3846078,43.016468,0.07386949,7.451418,4.7524343,0.3213079,9.584061,0.26265404
mp-30533,KPt2S3,3.7704725,5.959176,-1.5766376,13.281989,0.16093275,8.1596575,4.7651505,-0.3147526,9.21826,0.25203365
mp-31507,Sb2Te4Pb,105.608955,74.05745,4.0242105,160.39954,0.023001727,35.971123,23.25893,2.9256177,40.21244,0.085889496
mp-30091,MgB9N,8.02457,5.843703,-2.2611635,13.925438,0.17212096,7.2554045,19.076822,2.75855,37.26317,0.07830247
mp-3056,NaTlO2,10.092193,5.812907,-1.8871697,13.215608,0.15657023,5.368835,5.070031,-0.061936826,9.223587,0.24555817
mp-31419,LaSb5O12,9.318284,6.5987864,-2.081619,14.637186,0.16959734,4.4720783,4.2143946,0.015146205,9.942173,0.24028823
mp-33551,LiFe5O8,10.153575,6.1150665,-0.83174926,13.979658,0.18329497,5.4063396,9.61754,-23.396374,34.04767,0.053065892
mp-3332,NaCrSe2,4.9967403,6.130035,-1.7132208,13.76647,0.17757468,10.539035,3.733515,-3.386834,11.582138,0.19170962
mp-34460,Ag3AuS2,0.73303,6.081057,-1.867626,13.645111,0.1782817,5.8675485,4.591645,-0.61493105,9.832898,0.24528155
mp-3915,BaHgO2,4.8204284,5.4200373,-0.87674445,14.418066,0.15774925,3.561231,4.7886977,0.21944965,9.453449,0.26930144
mp-3637,YOF,11.277015,7.134741,-1.9285538,14.670906,0.16837826,3.405112,4.670128,-0.06429063,9.988932,0.23927565
mp-4632,Sr3(PO4)2,17.759212,24.32797,0.7657849,44.33841,0.065262556,3.1023302,4.539906,-0.23514599,9.393686,0.2642919
mp-4124,CaCN2,5.035489,4.8404694,-1.9393508,14.296546,0.16881911,3.3476634,4.8736324,-0.43753877,9.710625,0.2616725
mp-37995,Ti3Zn2O8,29.787336,18.214375,2.014015,44.759483,0.079141736,5.9754386,4.1563473,-0.061724637,9.802336,0.25358295
mp-4280,GaCuO2,4.6609116,5.954998,-2.1804879,14.187769,0.15854561,5.840377,4.642185,0.25499645,9.2114935,0.22939146
mp-4636,ScCuO2,8.139691,25.371014,-0.06312382,42.96662,0.0629621,5.9195848,4.562666,0.154858,9.663716,0.2763241
mp-3857,Ba3(PO4)2,13.972726,6.7768393,-1.3268125,13.666302,0.15379325,3.2362328,4.6341825,0.13570005,9.817613,0.25218004
mp-3525,Sb2Te2Se,52.430546,79.0362,0.17762081,157.29274,0.02165026,28.106894,20.287888,1.9828196,40.824688,0.08799007
mp-38605,Sn(BiTe2)2,114.79966,73.94083,3.554501,157.87868,0.023596277,36.184002,20.373852,4.233679,42.375294,0.07931763
mp-3748,AlCuO2,4.0334315,5.4757175,-1.7026098,14.811949,0.17148526,5.56498,4.341563,-0.2700678,9.507156,0.26007432
mp-4573,TlSbTe2,103.86885,78.47439,-1.9231033,156.86967,0.019705525,34.658108,25.18903,2.4426236,37.92936,0.085029334
mp-4026,KCrS2,3.8929038,6.5021214,-1.2739798,14.057704,0.16107157,7.742972,4.261774,-3.9949868,12.673864,0.1790107
mp-510625,CrCuO2,2.656636,6.823864,-2.5759904,14.478326,0.15946694,7.24816,4.5126076,-0.18602747,9.880432,0.25369847
mp-5175,NaInO2,7.129719,7.0025043,-1.9570228,13.54199,0.17970043,3.9391463,4.351881,0.19011046,9.608114,0.2657695
mp-510281,FeCuO2,6.0655284,5.757496,-1.6656389,14.291309,0.16323039,8.215236,4.9597836,-2.7499833,11.485467,0.17654975
mp-541911,HfNCl,5.376108,7.5824957,-1.853715,13.890517,0.16084258,4.6396623,4.273752,0.12488369,9.2399435,0.24487555
mp-546552,KCrO2,5.2545013,6.1692123,-2.1432452,14.563321,0.17543395,4.3830404,4.3167458,-2.4244432,11.500908,0.1757584
mp-5475,NaTaN2,9.35646,7.714677,-1.9891149,13.890596,0.16294532,8.913983,22.218441,1.5286889,40.121414,0.08093683
mp-561786,Cs(TeO3)2,14.827124,23.58271,2.742659,43.047108,0.07623111,10.5575285,4.7134466,0.56115806,9.61671,0.27175567
mp-555718,SrNiF6,11.186673,6.5917397,-1.5109648,14.0855,0.16737238,4.5416555,4.281131,0.20301476,10.314844,0.24430318
mp-5588,BaSiF6,6.5861106,5.2159266,-2.0698287,14.703137,0.16505131,2.190809,5.1807404,0.4145227,9.760104,0.24617563
mp-5693,NaCrS2,4.971076,6.48343,-1.2293419,13.829361,0.16651402,8.554535,5.119602,-2.5060027,12.936725,0.18016839
mp-573316,CsPt2Se3,2.863047,6.5882244,-1.9703095,13.8446045,0.16796018,9.1230545,4.746908,-0.35184115,9.305696,0.28041318
mp-571461,K4ZnAs2,3.7654502,6.5480566,-1.6293259,14.491594,0.1531497,5.1086698,5.039814,0.068574674,9.834815,0.25288638
mp-578610,NaMoO2,5.5199137,6.3484006,-1.8297327,14.646392,0.17807554,4.06517,4.967956,-3.0158033,12.167638,0.17143352
mp-578604,NaCrO2,4.997262,6.6473823,-1.6365086,13.020881,0.16895257,4.287621,4.031443,-3.504145,11.733985,0.17595625
mp-613910,BaNiF6,7.9840255,5.075678,-1.8670579,14.510309,0.17737345,3.914756,4.620102,-0.3739229,9.684048,0.24627693
mp-675011,CsPF6,2.4974527,6.415009,-1.5113652,14.23332,0.16698529,1.8632206,5.0262604,-0.22903827,9.415594,0.2650496
mp-7041,CaHgO2,3.8360016,6.242743,-2.475335,14.022306,0.1724865,4.1304064,4.6182632,0.038671147,9.635413,0.23558041
mp-6972,YCuO2,6.893944,5.577728,-2.2808087,14.164924,0.16486406,4.8718424,4.5118856,-0.14058259,9.770069,0.23016354
mp-690794,Sr2HN,15.867165,5.955978,-2.1571033,13.908362,0.16527079,5.60212,4.3524065,-0.13532181,10.282041,0.26627058
mp-7017,NaNbN2,6.552264,6.281752,-2.4563935,13.890273,0.16328242,11.995442,21.859743,2.6850455,40.1937,0.07957746
mp-7176,RbLaSe2,7.9770107,6.088169,-2.0544484,14.488236,0.15516579,5.1169624,4.239256,0.5746966,9.665998,0.26111045
mp-7439,K3Cu3P2,4.3781557,5.779683,-1.597214,14.093078,0.16507518,7.277715,4.4531384,0.19472358,9.866718,0.27343282
mp-7502,K2Sn2O3,5.747761,6.4954557,-1.5801532,14.157306,0.16512394,4.8832264,5.137204,-0.3032538,9.812415,0.26526818
mp-755946,V3Zn2O8,45.723057,21.261715,0.8764447,44.949512,0.07893452,6.4239078,4.9220314,0.35814735,9.3396225,0.24520588
mp-756589,TiMn3O8,66.03432,85.56644,-5.351946,154.28853,0.022153918,6.884119,4.6811523,0.0007226423,9.588536,0.26156598
mp-7569,KAsF6,4.6842647,5.5664434,-2.444552,14.068711,0.16092984,1.9434023,4.5311685,-0.662409,9.146681,0.2810624
mp-771648,RbCrO2,5.9733796,6.81597,-2.1247323,14.052409,0.15135452,4.614149,5.5276394,-2.7855408,11.952236,0.18531145
mp-758836,Li4Ti3O8,136.20435,77.08412,0.590508,163.75214,0.021201758,5.331263,4.935667,0.3011245,9.4978895,0.22695723
mp-759974,NaFe5O8,10.18825,6.744711,-2.5028973,14.213301,0.15654457,5.3575125,6.1134233,-18.493233,33.50726,0.06311525
mp-7863,Rb2Sn2O3,7.20894,5.9816737,-0.7565407,14.230039,0.16086093,4.6915555,4.83433,0.37655914,9.35596,0.26792777
mp-7972,RbLaO2,17.946043,20.15604,0.40285057,44.489998,0.07140027,3.7503488,4.16501,0.009690189,9.597354,0.24339783
mp-7958,KLaO2,16.580532,6.210844,-2.1054497,14.30251,0.1751739,3.666493,4.424448,-0.20428301,9.663955,0.26002342
mp-7914,NaScO2,13.515083,6.077659,-2.2186005,13.579392,0.15741244,3.8405755,4.9385734,0.26048735,9.56452,0.26548785
mp-8015,CsRuF6,2.9249148,6.5403466,-2.1564693,14.568648,0.17297813,2.3382056,5.4322743,-2.783335,11.858175,0.17912881
mp-8145,RbScO2,17.685635,5.7505074,-2.431649,13.954494,0.16595085,4.030431,5.0973043,-0.26534763,9.197614,0.22988993
mp-8013,KRuF6,4.800767,5.775886,-1.9139887,14.095417,0.1880203,2.3996959,4.1040854,-2.4720013,12.391639,0.17172173
mp-8014,RbRuF6,3.623961,5.3972707,-1.6693572,14.09444,0.17153537,2.3513374,4.2186832,-3.2372146,11.763751,0.18354225
mp-8001,LiAlO2,9.683384,5.141044,-1.5950446,13.511556,0.17256285,3.0919986,4.795355,-0.100187525,9.457778,0.25033996
mp-8211,GaGeTe,1.8082594,20.565193,0.771454,43.97614,0.0636952,49.802395,22.189344,3.7405605,40.405254,0.078643054
mp-8176,RbTlO2,10.083125,6.116217,-2.375365,14.007164,0.18558347,5.305754,4.957006,0.18499662,9.2754965,0.25020665
mp-8188,KScO2,15.038986,24.588167,2.4883564,44.328342,0.065453835,3.8671398,5.1254168,-0.19976464,9.420467,0.2617867
mp-8409,KYO2,12.567524,6.5880218,-2.4697235,14.137236,0.16500556,3.556133,4.8086815,0.07294535,9.513627,0.26497728
mp-8348,TlSbF6,10.342163,6.506919,-2.702475,14.389164,0.16679697,2.3146563,4.7695637,-0.14894302,9.514199,0.24932952
mp-8291,BaTiF6,10.779888,6.117468,-2.2691839,14.409684,0.17389882,2.5948188,5.1954184,0.16392548,9.2983265,0.2641569
mp-8946,TlBS2,12.651013,6.7847805,-2.1783123,13.79667,0.17459574,6.7446957,5.673689,-0.22386988,9.658414,0.23167431
mp-8830,NaRhO2,4.0699434,5.6704483,-2.1052563,15.063152,0.16061975,6.9230347,5.0137978,-0.18828045,9.709555,0.23117162
mp-8752,Na4CdP2,3.7395468,5.693686,-2.297594,14.287726,0.17843457,6.1048703,4.1916523,0.24146347,9.785728,0.23531382
mp-8710,Ca2Pt3O8,3.7321854,6.7990236,-2.470259,13.023437,0.17326567,5.746713,4.2994156,-0.15267442,9.59646,0.24189754
mp-8753,K4HgP2,3.668065,5.550745,-2.2501557,14.532357,0.15819152,4.907872,5.13873,-0.19094506,9.258143,0.2439968
mp-9361,RbLaS2,8.67275,6.537807,-2.2176354,14.727263,0.15045834,4.6071706,4.795145,0.031868715,9.582915,0.25992674
mp-9166,MgCN2,5.5028462,6.706947,-1.809412,14.819923,0.16446196,3.3600023,4.6944485,-0.011442164,9.50033,0.25169417
mp-9273,K3Sb2Au3,9.501137,6.0317984,-1.9223756,14.615489,0.18243912,9.812952,4.6927767,-0.4735575,9.468818,0.24947156
mp-9274,Rb3Sb2Au3,9.596945,6.6257353,-1.5345799,14.231442,0.17074543,8.198309,4.99782,0.15300348,9.62222,0.25397846
mp-9783,Ba3(AsO4)2,27.647074,23.06702,0.8815695,45.100193,0.07691564,3.4677188,5.0483923,0.016012603,9.892362,0.24760723
mp-9383,SrHfN2,144.40625,78.016,-1.4543351,160.3681,0.022813136,10.913499,25.511847,3.0167217,39.7378,0.07868091
mp-9872,K4BeP2,4.2018347,6.6300755,-1.7635121,14.559769,0.17560676,4.350556,4.682577,-0.23692828,9.493293,0.24357466
mp-9382,SrZrN2,17.550966,22.283356,-1.9229212,43.433342,0.06185371,11.489087,4.976735,0.04672184,10.38225,0.27441773
mp-9479,Mg(AlSe2)2,2.699174,6.126483,-1.1625214,14.021587,0.17304757,5.4035654,4.744051,-0.24113312,9.763888,0.24410602
mp-996996,CrAuO2,2.7020435,5.829614,-1.5172136,14.563535,0.15909179,9.082744,3.4985201,-3.5612488,11.386752,0.15908957
mp-996994,FeAuO2,5.9927,7.961237,-1.9005368,13.5770855,0.15850993,10.25821,4.175457,-3.0367153,12.272971,0.17380302
mp-999265,RbYS2,7.787521,6.2695713,-1.550434,14.181718,0.16264015,4.7879553,5.4097986,0.25149554,9.37187,0.24292932
mp-999448,NaYSe2,8.937396,5.6088514,-1.8653913,14.105684,0.17384921,5.960892,5.1372085,-0.2067365,9.482065,0.25378233
mp-999460,NaScS2,10.48027,6.1817856,-2.347418,13.985094,0.1620073,6.012433,4.70255,0.3552834,9.528363,0.270225
mp-999472,NaLaSe2,9.718203,6.3667774,-2.5914052,14.63434,0.15436114,5.807552,4.5402455,-0.12774265,9.513764,0.25778714
mp-10299,Ca4PdO6,13.951533,6.0295258,-0.7707147,14.522916,0.15160194,5.1875896,4.979344,0.3131847,9.706341,0.25058612
mp-1029920,Y2(CN2)3,5.395885,6.017165,-2.2037814,13.083673,0.15115309,3.7373908,4.1772623,-0.15838589,9.725083,0.26423618
mp-1029677,In2(CN2)3,3.8609414,6.290538,-3.2647686,14.874873,0.18657589,4.0748296,5.0504265,0.44759843,9.776399,0.25617898
mp-1105647,Te6IrCl3,18.962658,6.4804745,-2.604743,14.047655,0.1856405,7.076061,4.972664,-0.62239164,9.611796,0.2719903
mp-1029602,Sc2(CN2)3,8.279213,5.2093773,-3.1719966,14.0243845,0.16860126,4.6788826,4.723959,0.004562496,9.981206,0.25556225
mp-1178399,Cs6Br4O,5.4931774,5.734613,-1.5402232,13.7901325,0.16182575,2.7725537,5.152316,0.10642465,9.804329,0.2572096
mp-1188957,Te6IrBr3,12.915027,6.238946,-2.2642732,14.002557,0.17418012,7.801616,5.2591286,-0.5286156,9.62176,0.25069234
mp-1120755,NaCO3,2.6864138,6.211581,-1.3810928,14.142378,0.15397535,2.50714,4.824608,-2.3581874,11.672147,0.19011784
mp-1188875,Te6IrI3,11.660523,6.2099714,-2.5225828,13.642528,0.17661627,8.91562,4.435709,-0.05925756,9.492239,0.2658618
mp-1190798,Cr2(CN2)3,4.333345,6.408742,-2.0224807,14.304817,0.15741083,9.032626,4.2489204,-2.4129715,12.854809,0.16649626
mp-1192829,Cs3Y2Cl9,7.5161343,5.1669292,-1.7997074,14.631117,0.15835609,2.6780145,4.2775526,0.1816296,9.412712,0.24839956
mp-1192769,Cs3Tl2Cl9,6.740047,5.7351584,-1.3495026,14.85909,0.17295587,3.068338,5.2211094,0.13401061,9.619622,0.24253994
mp-1190733,Cs4PbCl6,6.4761105,6.5319653,-2.1737516,14.473773,0.16030268,2.7159379,4.5532627,-0.11543742,9.237843,0.23189309
mp-1205332,Te6RhBr3,10.989713,23.44347,-0.26002425,44.465332,0.06884061,7.851716,4.765459,-0.13118479,9.159823,0.25220785
mp-1205361,Te6RhI3,10.288783,6.9396143,-2.466591,14.230046,0.15571015,8.790101,4.690007,-0.1333413,9.301207,0.25615397
mp-1238804,Cs4PbI6,6.199275,7.4966335,-2.0499678,14.292945,0.17444418,3.3523574,4.4682016,0.1504102,9.55951,0.26174924
mp-15012,KBS2,4.0845504,5.2697372,-2.009978,14.190695,0.17160375,3.3897665,4.685194,-0.07556835,9.967785,0.24839146
mp-15013,RbBS2,4.159706,5.970767,-2.0707579,14.607941,0.16215852,3.2682526,4.8282766,0.038963858,9.353497,0.259155
mp-1246515,Ca6Te3N2,9.601334,5.4633923,-0.78727305,13.880201,0.16103375,6.687243,4.550659,0.073931776,9.602709,0.24742506
mp-15567,Na3AuS2,4.018695,6.149539,-1.9984756,14.7755995,0.16922496,4.243062,4.65289,-0.35782626,9.5797205,0.24181612
mp-15571,K3AuSe2,3.5394366,6.1974673,-1.9747916,13.904354,0.151248,3.7343616,4.7502966,-0.5085656,9.623486,0.25225213
mp-16432,Sr3(BO3)2,7.602655,6.205303,-2.2428832,13.710593,0.16950762,3.064587,5.211397,-0.35261697,9.548501,0.24528423
mp-18946,VBO3,5.024008,6.5874777,-2.2466466,14.211142,0.16089018,4.5957594,5.076124,-3.2251208,12.162432,0.18179327
mp-19357,LaCrO3,28.675669,24.174673,-1.1248639,42.30725,0.065664984,5.73684,5.4720507,-3.2046196,12.120535,0.16959155
mp-21434,CoCO3,4.712268,6.818454,-1.9085588,13.960852,0.17161931,3.66258,4.3301415,-3.2571042,12.02053,0.19627886
mp-18814,MnCO3,5.7059035,5.779852,-2.079367,14.342445,0.20546716,3.1890824,3.3702304,-3.0250685,12.01895,0.16630498
mp-19299,CrBO3,3.7896023,5.5647225,-1.3725283,14.444412,0.17201756,4.712565,4.517125,-2.2858706,12.463659,0.18714643
mp-19097,FeBO3,9.422346,6.306447,-2.0613942,13.573932,0.17359619,4.8442564,4.03389,-2.9341333,12.259202,0.1818298
mp-19147,NiCO3,3.326167,5.9495945,-2.2875626,14.3304205,0.16998401,3.5257742,4.6003695,-2.7402012,12.664025,0.18190931
mp-22930,Rb4CdCl6,4.714908,6.2375317,-2.2978148,13.969628,0.16563158,2.5562866,4.4777455,-0.31136578,9.6405115,0.2641095
mp-23436,Cs4PbBr6,6.053996,6.17176,-2.2527099,13.819862,0.15567671,2.970311,4.7494874,0.20528795,9.485192,0.25820813
mp-27172,Cs3In2Cl9,5.9696484,6.066795,-1.2809334,14.211012,0.16686298,2.765087,5.142976,-0.21430436,9.803554,0.25256544
mp-28315,Rb4CdBr6,4.780046,6.3675833,-1.859028,14.739791,0.16382757,2.845239,4.2109666,-0.018999603,9.102794,0.27831966
mp-2920,LaAlO3,24.99158,23.063004,1.2271653,44.505505,0.06787577,4.701084,3.9360678,0.09966154,9.716482,0.28159457
mp-28564,Rb4PbBr6,6.515743,6.1219053,-1.691652,14.008101,0.1503564,2.9762173,4.9638824,-0.24784234,9.336074,0.25917035
mp-29983,Cs6Cl4O,6.3837514,6.0836787,-3.0736752,14.439561,0.17239489,2.6850019,5.0267158,-0.018955914,9.449469,0.24788415
mp-29468,Rb6Cl4O,5.2689195,6.273166,-2.726414,14.3249,0.15119207,2.5124578,4.774334,-0.11004729,9.75785,0.26541737
mp-29775,Sr4PdO6,12.109604,5.950983,-1.7208656,14.634559,0.17882593,5.03322,5.599839,-0.13659945,9.61624,0.25034413
mp-29331,KH3F4,4.2244353,5.5809274,-1.9274318,13.321138,0.15267426,1.7592967,4.7861147,0.5074232,9.206558,0.26155117
mp-31358,RbBO2,4.6308637,5.445296,-1.7051405,13.840986,0.16159435,2.3847587,5.01587,-0.5210361,9.83212,0.25568584
mp-30005,Rb6Br4O,4.595487,6.227727,-1.9599552,13.994812,0.17925826,2.644678,4.6857576,-0.31296584,9.506684,0.27313873
mp-3889,NaBO2,5.5378957,6.7666445,-2.3588157,14.36507,0.17014205,2.440285,4.814165,0.16470924,9.412955,0.26734933
mp-38220,RbNO3,3.025638,6.533011,-1.8513463,14.285101,0.1516819,2.1289647,4.5137424,-0.327447,9.581387,0.26888096
mp-3919,KBO2,3.9852755,5.917001,-2.174665,15.024502,0.17218369,2.3511617,4.9915667,0.32077524,9.621156,0.27143648
mp-4598,Sr4PtO6,11.738849,6.6596146,-2.2351701,13.663868,0.18141232,4.619729,4.647551,-0.1933003,9.26416,0.24099414
mp-4385,CdCO3,6.809078,6.294673,-1.8991508,14.532197,0.16458853,3.3209453,4.671957,-0.6198902,9.59503,0.29007992
mp-3575,Ca3(BO3)2,8.498067,5.916418,-1.79935,15.697699,0.17281212,3.1538668,4.798785,-0.0042000446,9.569035,0.26521754
mp-4531,NaNO3,3.345019,6.6030936,-1.8472239,14.475686,0.16165334,2.209585,4.426565,-0.21732563,9.543736,0.2599193
mp-3953,CaCO3,6.334523,6.54563,-1.5825834,14.43235,0.16818191,2.8618343,4.586364,-0.652283,9.6621065,0.26732352
mp-4710,Hg3(BO3)2,2.6327934,6.5929704,-2.633846,13.861446,0.187394,3.8507059,4.816927,-0.23692256,9.693007,0.2627545
mp-552588,LiNbO3,3.9177222,5.5565667,-2.8566875,13.78121,0.18282875,6.768022,4.7247186,0.12627964,9.797237,0.24857391
mp-540659,Ba(BO2)2,4.911193,4.796138,-1.1328102,14.191997,0.16006207,2.6982875,5.8093934,0.121991485,9.522116,0.2515259
mp-5348,MgCO3,4.3501186,5.905485,-1.412637,13.617753,0.15931642,2.7665534,5.6673555,-0.57695496,9.613396,0.27832857
mp-561725,CsBO2,8.787535,6.737349,-2.7024314,13.790738,0.171861,2.522999,4.8478527,0.20789102,10.081638,0.2534443
mp-643001,Na4H6Ru,7.244019,5.919111,-2.087748,14.504206,0.15456446,3.7579625,4.6198983,0.10497718,9.441003,0.24706931
mp-642996,Li4H6Os,6.967903,6.732205,-2.2055557,14.254557,0.1499365,4.2025595,4.600565,0.052650634,9.527511,0.26513883
mp-642847,Li4H6Ru,9.684725,5.967084,-1.5516318,14.361501,0.18458362,4.5324907,4.429693,0.10336934,9.713512,0.2481174
mp-7027,InBO3,6.4305463,6.2400637,-1.9714739,14.657619,0.16816296,3.6833785,4.635927,0.0069825426,9.251883,0.23471321
mp-8180,LiNO3,4.759377,6.6614013,-1.2075915,14.032202,0.16140088,2.595542,4.267187,0.079194285,9.30635,0.2630346
mp-782050,Ba4PdO6,14.819674,25.507746,1.0991759,44.28945,0.068829276,5.3518457,4.560127,-0.195179,9.665502,0.25035578
mp-8568,Ca4PtO6,13.222212,6.5961027,-2.6164808,13.972375,0.17316122,4.717355,5.3000374,-0.58487684,9.054153,0.26623678
mp-8697,ScBO3,11.604605,6.947857,-2.5655253,13.564117,0.17443812,3.9037175,5.437932,-0.17868851,9.721191,0.24947646
mp-9812,ZnCO3,7.4143434,6.226924,-2.1547513,14.043001,0.17546418,3.4125106,4.5943155,0.022103017,9.55349,0.25684774
mp-9890,TaAgO3,,279.59396,-77.63242,649.5204,0.004928154,6.729689,4.638178,-0.5805299,9.5978155,0.25224882
mp-8727,Ba4PtO6,14.403615,24.045582,1.3948771,43.160877,0.07214172,4.9610085,4.284328,0.121351704,9.895316,0.2606236
mp-979264,Te6RhCl3,14.871258,23.737257,3.4171252,43.935287,0.06962636,7.2382507,4.8546534,-0.24434702,9.160894,0.24304472
mp-862787,AlInSe3,5.467539,5.2350273,-1.813734,14.38842,0.1659681,6.9417624,4.5827484,0.15290919,9.607071,0.26670223
mp-504482,AlInS3,4.309262,6.207586,-2.551646,13.50131,0.16882758,5.410648,4.611329,0.1270161,9.911008,0.2465765
mp-504951,InGaS3,4.3959117,7.0402136,-2.9632938,14.533348,0.14893442,5.8099475,4.461793,-0.44372582,9.61084,0.2724521
mp-504952,InGaSe3,5.040043,6.3810687,-1.6615287,14.392168,0.17909695,7.1703463,4.6964717,0.2666043,9.75211,0.25189298
mp-30148,BC2N,1.0699687,6.329401,-2.024507,13.7198715,0.16805735,5.652518,23.005074,1.7905957,41.626785,0.08619936
mp-27573,NaSb3F10,9.84519,5.9696627,-2.004339,14.87362,0.18145293,2.557759,4.531866,0.03712471,9.553805,0.25207454
mp-22955,LiIO3,4.336468,4.749705,-1.8187411,14.36729,0.16885829,3.6036007,4.9192786,0.30726373,9.464459,0.3004956
mp-15573,Tl3AsO4,7.870565,5.1056466,-2.2759109,14.201688,0.18491249,3.9790976,5.222163,0.09034886,9.184019,0.24577424
mp-23400,In(IO3)3,3.5590265,5.674556,-1.4779165,14.458567,0.16581999,3.7669904,5.406292,0.65617687,9.236382,0.27524668
mp-18442,Mn4SiO7,7.5540967,6.154582,-1.7693057,13.6460905,0.16134816,5.902561,4.716258,-0.048281223,9.920142,0.27260783
mp-13335,Cd(BO2)2,8.997993,7.0277314,-1.9079351,14.172655,0.17977475,3.6563244,4.301194,-0.029025327,9.872547,0.24759209
mp-555903,Al(IO3)3,4.302179,7.026903,-2.114216,14.458916,0.15775391,4.0357566,4.809431,-0.15754616,9.642782,0.24220692
mp-561104,Ga(IO3)3,4.818414,6.733719,-2.6447911,14.074769,0.17059055,4.1034994,5.2080464,0.03891141,9.46399,0.2473558
mp-5492,SrAl2O4,7.5706463,6.0596867,-1.846147,13.644743,0.18680827,2.8920472,4.6681385,0.115169205,9.680413,0.26714745
mp-5709,Tl3PO4,9.009196,6.5541086,-2.2103133,14.2921915,0.16925593,4.03387,4.6439514,-0.10546864,9.681379,0.25526786
mp-29760,Ca10P6O25,8.02817,4.8432884,-1.9984434,14.336812,0.17438275,2.9189396,4.686443,0.20755032,9.659441,0.23105904
mp-23827,Sr7(H6Cl)2,6.1466055,6.863509,-1.8797984,13.609001,0.17148787,3.878752,4.32301,-0.47348744,9.382755,0.24130191
mp-23828,Sr7(H6Br)2,6.3430147,6.7032027,-2.093162,14.310072,0.172482,4.0610466,22.380795,4.037166,39.810627,0.085638195
mp-29927,Pb7(BrF6)2,157.96896,70.295906,3.188766,157.83925,0.02093836,4.0307965,3.9631453,-0.19630012,9.435831,0.28822145
mp-37267,NaYF4,6.3421116,6.15106,-1.2446276,14.439652,0.16133085,2.381595,5.024369,-0.37365547,9.438072,0.24516699
mp-754929,Ga3NO3,5.609689,7.29211,-2.4623315,13.605603,0.15385531,4.1476064,4.4548573,-0.09819553,9.828827,0.281899
mp-984055,Ca7(H6Cl)2,6.84242,5.7240753,-2.0705884,14.28447,0.18702498,4.2235703,4.3186483,0.38119146,9.691339,0.26134202
mp-1029943,Ca3GaN3,8.523877,6.3158383,-1.6281332,13.982218,0.16863821,6.584506,4.807929,-0.36181343,9.2150135,0.23542053
mp-1029573,Ba3GaN3,11.594152,6.001919,-2.6401334,14.280739,0.1620787,8.372439,5.288664,-0.1455121,9.376799,0.2540786
mp-1029655,Sr3WN3,7.006011,5.990499,-1.9865291,14.933171,0.14944741,18.603502,18.804798,2.1581912,38.377422,0.07866588
mp-1029665,Sr3BN3,8.636143,21.987453,1.25749,45.00765,0.06639319,7.5921507,4.8071733,0.11095373,9.570918,0.23185648
mp-19234,Ba2WO3F4,11.580327,5.6929374,-1.9651805,14.893087,0.16506982,3.0514493,4.4803147,-0.07776193,9.666503,0.26517758
mp-540193,LiMnP2O7,3.0071156,5.498374,-2.6391602,14.815986,0.1735283,2.8706508,4.413859,-3.249741,11.95958,0.1629548
mp-554646,TeS4(NCl)4,2.9006748,5.6891184,-2.7012353,13.544502,0.15790571,3.6090646,4.8182173,-0.43047667,9.285849,0.25154942
mp-557856,BCl(OF2)2,7.0863667,6.045288,-1.9156194,14.136685,0.19760576,2.4078178,4.8381977,-0.46734884,9.865816,0.27231047
mp-558219,SrLi(BS2)3,3.3130815,5.135948,-2.0038183,13.918921,0.17166837,4.239378,4.392465,0.05688259,9.414316,0.26186877
mp-558055,In2Cu2SiS6,6.5260353,6.2499313,-2.3730824,14.036569,0.16221435,8.300271,4.6267004,0.10757371,9.660348,0.25493684
mp-556209,RbLiMoO4,3.342221,5.255752,-2.3723583,14.082917,0.18154633,2.5639067,4.6137347,0.33478594,9.775458,0.25499895
mp-561256,Ba2TiOF6,10.442665,6.65024,-1.7575421,14.590833,0.15255794,2.815533,4.963522,0.1356601,9.278748,0.25020838
mp-583836,Li2V(PO4)2,8.832716,4.9925156,-2.0609295,13.936561,0.17646426,3.7917957,4.36042,-3.3548484,13.065568,0.17726788
mp-6318,KLiSO4,3.9475014,6.500483,-1.9952701,14.311004,0.17369036,2.211062,4.9854016,-0.3264212,9.2375965,0.2743833
mp-6215,AgHgAsS3,12.526528,6.192016,-2.5681021,13.756565,0.14899981,8.885752,4.584057,0.16286588,9.393612,0.25748914
mp-696347,NaH3SO5,3.2736034,6.875168,-2.082119,14.31677,0.15793999,2.1672814,5.065134,0.4178134,10.10517,0.27522218
mp-696231,H4CN5Cl,1.8284807,5.6643057,-1.8341064,13.5896435,0.17142496,2.5912173,4.89634,0.07104391,9.770696,0.24931227
mp-752893,LiFeSiO4,4.369505,5.957899,-1.4395752,14.742432,0.18107772,3.5577955,5.3041515,-3.6494162,12.023706,0.16472398
mp-752464,Li2MnO2F,11.0944605,6.3496723,-1.962727,14.392737,0.15801327,5.841181,4.974414,-2.7180002,11.721847,0.17411399
mp-707170,CuH6SO7,4.1249585,5.1581945,-2.7483637,14.5268,0.16466038,3.0154915,5.185766,-2.701588,12.388691,0.18775754
mp-753207,LiMnPO4,9.1926,6.6700497,-2.1679866,14.729254,0.17332199,2.6237273,4.259865,-2.857693,12.218381,0.16565077
mp-754459,BCl(OF2)2,13.060388,6.1274567,-3.3876317,13.717396,0.17429966,2.3849335,5.111182,0.05342313,10.075368,0.25803766
mp-754637,NaCuP2O7,3.2246697,6.3076477,-1.9782008,13.447684,0.17696522,3.8872294,5.5344296,-0.0041870372,10.121738,0.27650607
mp-755492,NaCuP2O7,2.7988245,6.341081,-2.5171857,13.934638,0.1641216,4.1875544,5.0387406,-0.4181655,9.889993,0.24529845
mp-759166,LiMnOF2,6.7371483,6.8207765,-1.731537,13.999786,0.16541645,4.658919,5.654131,-3.0019832,12.036361,0.17768323
mp-765142,LiCoSiO4,6.6205378,4.6689854,-1.4098972,13.895948,0.17700054,3.6676505,4.74587,-2.3523254,11.632377,0.18946597
mp-766811,LiCoPO4,2.6596882,5.2923784,-2.5689056,14.212883,0.17140499,2.4905229,4.88891,0.017201707,9.6236,0.25062
mp-849459,Li2FeO2F,13.400987,6.6306267,-1.8429025,14.785229,0.16309948,4.0043254,4.620591,0.013038992,9.372267,0.24324976
mp-850916,LiCoOF2,20.67202,23.705408,2.2526171,42.296085,0.074916035,5.9403286,4.5384836,-3.492677,12.507577,0.1894666
mp-768074,LiTaWO6,82.28335,78.03499,0.98792684,152.38608,0.021567142,4.557212,4.125032,-0.81788313,9.459942,0.25492796
mp-24500,ZnH12SeO10,3.9735322,5.711645,-1.6714468,13.781975,0.16369866,2.4146466,5.102351,-0.29325584,10.656133,0.24216606
mp-560210,CaH2(CO2)2,4.248343,6.2854257,-1.5838096,15.470992,0.17618965,2.3809557,4.505314,0.35767883,9.346941,0.24282634
mp-707105,Li3B5(HO5)2,3.1883254,5.747643,-2.341624,14.185425,0.16071896,2.5420837,4.5859556,-0.26104152,9.82976,0.26554292
mp-756289,LiMnFeO4,7.8028216,6.243529,-1.8172958,13.890022,0.15809248,6.9517183,7.1332974,-21.416737,32.70366,0.05076746
mp-755701,LiMnSbO4,7.311342,6.21437,-2.6861787,14.668005,0.17053074,3.9909868,3.978731,-0.47185177,9.198329,0.24691984
mp-18037,LiNbZnO4,13.281282,6.784725,-1.1071956,13.811511,0.15506208,4.5985427,5.0851784,0.15349035,9.42056,0.25897205
mp-758241,LiCrSiO4,5.3545537,5.9538198,-1.226912,14.039874,0.16521765,4.0930924,5.0821295,0.21090426,9.399581,0.24385795
mp-757842,LiVCoO4,14.164227,6.478657,-2.1016958,14.079512,0.17304724,6.3556504,5.161502,-0.21915923,10.386024,0.25907522
mp-771705,LiMnNbO4,13.456606,5.4459615,-1.3687053,14.5025425,0.16381733,4.544779,4.2645817,0.15813056,9.544008,0.27099705
mp-774424,LiMnVO4,13.689602,7.006644,-1.952039,14.713909,0.15741117,6.2013063,4.6104074,-3.1680799,11.717373,0.18239209
mp-770387,LiMnAlO4,5.8950105,7.1098247,-1.869107,13.975911,0.16374291,5.358322,4.5683823,-3.6955998,11.994069,0.16789053
mp-774243,LiCrSnO4,7.2418113,7.0832005,-1.6642433,13.348014,0.16630036,4.8209124,4.827572,-0.05330484,9.922107,0.2553164
mp-771892,LiNbFeO4,8.024476,6.239807,-1.6496915,14.362117,0.17020679,4.172161,4.506776,-2.4277985,12.095467,0.19288099
mp-765593,LiFePO4,7.139449,6.913277,-2.1310804,13.606631,0.15413825,3.3586738,4.947195,0.12241712,8.931044,0.2521841
mp-550998,TiZn(BiO3)2,16.434816,23.823599,0.9575521,42.873455,0.067562945,6.2657046,4.704078,-0.025223881,9.515186,0.2674428
mp-550469,TiZn(BiO3)2,12.40056,6.7236547,-2.5804615,14.710226,0.17594358,6.184607,4.7060137,0.13740581,9.41699,0.26348484
mp-1227994,BaAlSi5N7O2,9.659647,6.9317436,-2.23696,14.519671,0.16434552,3.999089,4.772605,0.22435318,9.494462,0.22773933
mp-18984,Na2ZrNi(P2O7)2,7.055104,5.708997,-1.8608134,14.186381,0.17379026,2.9584749,4.750969,-3.803179,11.766402,0.18948752
mp-24104,LiAlSi2H2O7,2.5981197,6.4483547,-2.4571807,13.819822,0.16477364,2.368759,4.6086626,-0.40064734,9.507905,0.2732605
mp-25403,Li2VPO4F,5.2540655,5.928777,-2.3131,15.280912,0.16932142,2.7705915,4.571948,0.37864196,9.449898,0.2389853
mp-24595,Ca2B5H2ClO10,6.7276764,5.062941,-2.5758243,13.856398,0.15430322,2.8371496,4.879045,-0.37246135,9.205525,0.2887142
mp-39259,BaLaZnRuO6,25.842718,24.76086,1.3532104,44.99372,0.07082806,6.996589,4.8841314,-3.263009,11.451239,0.17971167
mp-613733,K2PdN2(ClO2)2,3.4559293,7.0460443,-2.6508644,13.492487,0.1550575,2.9731073,4.7965918,-0.10697598,9.257976,0.2968876
mp-677192,K4PH5S3O16,4.158712,7.3531084,-2.3976133,14.195388,0.15390739,2.2139199,5.1032915,-0.16125733,9.23871,0.24542168
mp-698018,LiAlSi2H2O7,3.4126644,6.8872976,-1.8152417,13.8689785,0.17306761,2.4062192,4.666009,-0.4821867,9.380907,0.24291429
mp-752920,Li4MnSb2WO12,14.590409,5.842019,-2.1814756,13.966124,0.16320272,5.866826,5.242193,0.10094842,9.258762,0.23976795
mp-753494,Li4FeSb(WO6)2,21.818144,21.198654,-0.81487316,45.252098,0.06400285,5.2540083,4.6493406,0.1139202,9.340696,0.24790965
mp-753012,LiVTe(WO6)2,31.287924,21.303215,-0.002593101,43.294216,0.067895815,5.9967685,4.619596,0.32703623,9.654005,0.23487759
mp-752611,LiNbTe2WO12,27.734041,23.04612,1.994865,43.95516,0.07333542,5.6281285,4.803183,0.43403795,9.422537,0.25591102
mp-752745,Li4MnCr(WO6)2,68.98617,83.415474,3.087867,156.73499,0.019665182,8.482187,5.236951,-2.8459806,12.753295,0.19272353
mp-755149,Li4TiMn(WO6)2,48.24255,23.927198,4.194474,43.179745,0.06380496,7.0628695,3.7456617,-2.7832015,12.067937,0.19708744
mp-754500,LiSn2P4H3O16,4.7186427,6.2570276,-1.9063241,14.499925,0.16111492,2.8687172,4.812859,0.05814348,9.538961,0.24235599
mp-754916,Li4VCr(TeO6)2,28.35891,21.331356,0.32496977,46.170933,0.0769146,6.062253,4.4678574,-2.984898,11.977718,0.17228366
mp-754249,Li3ZrNb(TeO6)2,28.299555,22.554916,3.0187833,43.815453,0.07573578,4.9532437,4.8947506,-0.2886984,9.442404,0.27930418
mp-755727,Li4MnV2WO12,34.86365,21.44276,3.027102,41.917267,0.07229259,7.840082,3.9603353,-2.6160707,11.767625,0.1695137
mp-754339,LiSbTe2WO12,14.709712,6.916471,-1.3685062,14.6225195,0.16272666,5.2772174,4.9566164,0.051879555,9.779092,0.23350856
mp-755203,Li4NbFe(WO6)2,31.253677,24.481388,1.1822293,45.59865,0.07635651,5.584238,4.962318,-3.1676147,13.006554,0.1812227
mp-755680,Li4NbCr(WO6)2,28.388113,23.279358,-0.132052,42.076057,0.07127033,5.5788965,4.87704,-0.33218333,9.962003,0.24538696
mp-757199,Li4MnNb2WO12,39.983612,24.134127,0.32655203,43.811687,0.080853194,6.913459,4.9221635,-3.6739924,11.891693,0.16572282
mp-759095,LiSn2P4H3O16,7.1035576,6.2338953,-2.2074192,13.349376,0.17994101,2.893889,4.5220866,0.38700318,9.89725,0.2442935
mp-761819,Li4VFe(TeO6)2,118.81921,71.42688,5.718904,154.5307,0.023399107,5.9576645,3.5351572,-3.6810334,11.717371,0.1755351
mp-771909,Li4Mn2P4H3O16,5.0771065,5.616745,-1.7632751,13.970744,0.17029433,3.655829,4.1407185,-2.302106,12.157825,0.1805653
mp-774933,Li4NbFe(TeO6)2,21.317297,21.170198,-0.84283257,42.41497,0.0747191,5.181568,4.4665403,-3.1354494,12.400977,0.19109307
mp-776478,LiV2P4(HO8)2,13.392412,6.541483,-2.639019,14.161267,0.17597681,5.038178,5.8594804,-2.7597456,11.524303,0.18399447
mp-850951,Li3MnV(P2O7)2,3.9698699,5.4963527,-2.3545794,14.627642,0.17124341,2.8327403,4.272214,-3.0080132,12.518648,0.18233655
mp-690372,K2NaMo(OF)3,9.308311,4.9499035,-1.3821447,15.4852085,0.1745324,2.622688,22.675516,2.3076627,39.831383,0.082865536
mp-39542,KRb2ZrOF5,90.5143,86.07096,3.209737,159.01346,0.022116425,2.2029164,4.8987246,0.008697126,9.373296,0.25863656
mp-42190,K2NaTiOF5,7.861823,6.2803316,-1.978217,15.041119,0.17135109,2.2745364,4.5836573,0.16189335,9.962209,0.24263842
mp-42227,Cs2ZrTlOF5,23.318575,23.202883,-1.7121582,41.768677,0.071369134,2.7353218,4.879259,0.00056598603,10.219561,0.2293313
mp-40204,KZrTl2OF5,13.465089,5.8859444,-1.7330687,14.355099,0.15600824,2.9467537,4.932972,0.431547,9.267063,0.26205438
mp-24461,H12OsN5Cl3O,4.099395,5.596857,-1.6716348,14.667772,0.17191787,2.861076,4.800749,-0.27801424,9.6359005,0.24472259
mp-39843,K2NaVOF5,6.575754,6.386155,-2.196838,14.061085,0.15976559,2.2767308,4.975363,0.296947,9.549462,0.2588591
mp-42022,Cs2RbZrOF5,19.960583,23.089798,0.68484855,44.102013,0.06870418,2.341461,5.0434427,0.05575732,10.105433,0.25294966
mp-40143,Cs2KZrOF5,10.53149,6.315451,-2.3665607,14.603041,0.18412219,2.356546,4.6276264,-0.41954362,9.783167,0.23194495
mp-1040443,KBaBiTeO6,25.71726,27.420341,1.0214422,43.17921,0.07011749,5.4273787,4.4210644,-0.06135161,9.125191,0.2712062
mp-1176418,Na2BiAsCO7,5.6604023,6.2675314,-2.112592,13.848896,0.15977252,3.0837624,4.788129,0.60285014,9.890948,0.25696337
mp-561410,LiFeMoClO4,5.5690603,5.228555,-2.3678477,14.769259,0.15806757,3.4385223,3.9756312,-3.3501651,11.916137,0.17195864
mp-17244,Ba2ZnGe2S6O,4.3974524,4.7764015,-1.875779,13.084556,0.17362317,4.734963,4.3487096,0.1798288,9.275332,0.2582313
mp-18129,La2ZnGa2S6O,6.9035406,6.861636,-1.9454212,14.265684,0.1762983,5.854885,4.5669527,0.17028908,9.666301,0.25994262
mp-14873,K4Nb8Si(P2O17)2,67.49183,75.47938,-1.6882224,156.56763,0.019594526,4.577312,4.931816,0.26434398,9.805482,0.26706418
mp-1048620,Sr4MgCr2(SO3)2,10.84331,5.8299904,-2.4856315,14.497152,0.17003077,4.772662,4.6187973,-3.093729,12.485138,0.19096716
mp-772830,Li4V2SiGeO10,26.906507,24.092684,0.8061998,44.118248,0.06914721,3.5987623,5.2394123,-0.31144887,9.347324,0.2616212
mp-753719,SrLiNb2O6F,30.021141,21.902576,0.66154844,44.294308,0.0682337,4.240324,4.9928427,0.34997272,9.631571,0.25866112
mp-1020016,Li4Ca2Mg(SiN3)2,12.414406,23.186527,2.8431146,43.394245,0.07307341,4.8347692,5.0726004,-0.29948127,9.24674,0.2408367
mp-697253,SiH12C2(NF)6,2.42872,5.9337425,-1.4290819,14.447474,0.16821727,2.0770009,23.012703,2.1222668,40.691048,0.083119914
mp-762295,K2Mn3V2(HO5)2,6.5304065,5.954445,-1.8066804,14.534219,0.15849036,3.713213,4.5218925,-0.027009917,9.377365,0.27463257
mp-703684,MnH12N2(Cl2O)2,7.8437343,6.452736,-1.9647362,14.061489,0.16306645,2.7282844,5.154728,-0.33704495,9.473807,0.23874766
mp-42264,K2MnH4(Cl2O)2,8.024404,6.076042,-2.5112362,13.736549,0.156074,2.6928883,4.818219,0.20260939,9.597407,0.2758919
mp-753353,Sr4LiCu(CO5)2,15.269059,5.37243,-1.7459829,13.924482,0.17077097,3.7702503,4.85115,-0.18919219,9.930079,0.2467503
mp-15472,Ba4LiCu(CO5)2,16.026304,18.609428,0.8803159,44.318752,0.07868246,3.9596777,4.3776813,-0.44160178,9.736749,0.24985833
mp-1019518,Ba2CaSi4(BO7)2,4.935858,5.638236,-1.9375432,13.646503,0.17722628,2.7804754,5.1358023,-0.15739135,9.600621,0.25790304
mp-6841,Ba4NaCu(CO5)2,9.842729,6.000125,-2.4662755,13.422629,0.16381992,3.735008,5.01266,0.34068477,9.467854,0.24008352
mp-554960,KMoPClO5,6.176973,5.1934185,-1.2421088,14.775818,0.17524509,3.0039062,4.2850075,-2.507187,12.572543,0.18617617
mp-555152,RbMoPClO5,5.1068535,5.69592,-2.8827019,14.372791,0.16998145,3.0039794,5.7911797,-2.2329667,12.346018,0.17022593
mp-556645,RbNbAsClO5,7.43168,5.361758,-2.5350933,14.012803,0.16778865,3.1054633,4.9696712,-0.27617487,9.602424,0.25739515
mp-505312,Sr2FeCuSO3,14.868346,21.208685,2.9344547,42.97406,0.07046286,5.7429695,4.7688932,-3.5133092,12.602112,0.16808967
mp-707249,H24C8S(NO2)2,3.8846,6.7861114,-2.2372797,13.951936,0.17774273,2.287937,4.747435,0.33908623,9.851007,0.2762058
mp-1080029,Ba2Mn2Se2OF2,11.761082,5.599594,-2.6464198,14.581783,0.15176679,4.8512416,5.0674253,-0.18125673,9.844362,0.24200414
mp-549058,Ba2Fe2Se2OF2,9.455379,6.0011396,-2.5625076,13.928588,0.15237917,4.866431,4.726274,-0.070662856,9.843857,0.2606062
mp-550944,Sr2Fe2Se2OF2,11.054578,5.987558,-1.944282,13.603077,0.16955365,4.8216696,4.7808046,0.11870529,9.481197,0.260949
mp-551403,Ba2Fe2S2OF2,9.567979,6.2650604,-2.1892362,13.674526,0.15662904,4.491693,4.5279016,0.21526524,9.680267,0.2550995
mp-549237,Sr2Fe2S2OF2,11.44709,6.3622885,-2.4170635,15.11563,0.16263025,4.430019,4.4581323,0.068420105,9.837583,0.2712368
mp-557020,Sr3Fe2Cu2Se2O5,26.77794,23.154732,2.0943468,45.509823,0.06689792,7.183296,5.4648623,-0.17516065,10.1654215,0.23806158
mp-24214,KPH3O4F,4.3352075,5.6678486,-2.4411347,13.6579275,0.18616451,2.165903,4.975497,-0.057984117,9.782703,0.24028581
mp-679669,NaZr2SN2Cl,8.917896,5.566893,-1.4167961,14.692194,0.17098857,6.222535,4.583956,-0.5284952,9.957598,0.2591565
mp-706608,KPH3O3F,2.933079,5.661894,-1.8192605,14.919787,0.15658835,2.143372,4.7534504,-0.32316622,9.993374,0.2598794
mp-39823,Na8Al6Si6CO27,2.7505622,5.7623987,-2.8791237,14.377943,0.16351217,2.1574361,4.6044855,0.1430759,10.329873,0.2579839
mp-633158,NaTeH6O6F,4.2550783,7.098194,-2.1264174,13.685105,0.15921606,2.629831,4.3024693,0.16877352,9.581451,0.24512778
mp-684724,FeH4S2NO8,5.128966,5.96178,-2.7851584,14.504699,0.17862464,3.0832653,4.757848,-0.05192197,9.405015,0.26804328
mp-1103771,BaLi2MnV2O8,7.604313,5.7059984,-1.3646528,13.58209,0.16226849,3.9882493,4.8470607,0.06087248,9.792954,0.2449101
mp-861906,BaNa2Mg(PO4)2,7.9442186,4.858984,-2.417038,14.481395,0.15345572,2.7948577,4.693969,0.24605262,9.578088,0.2666053
mp-40144,SiNiH12(OF)6,2.2125902,5.9567013,-1.4739076,14.439171,0.18990901,1.9810092,5.2076283,-3.3051593,11.388143,0.16270472
mp-505281,CsSbS6(O3F)6,2.00394,6.167936,-3.0543308,13.772985,0.15992384,2.244955,4.81747,-0.32639796,9.416987,0.24685492
mp-1205341,NaCoSO4F,20.945984,24.96623,0.36725062,44.08686,0.06918703,2.686612,4.984623,-0.63253284,9.939681,0.29082915
mp-1210021,NaFeAsO4F,9.330059,6.082748,-1.2104781,13.878327,0.17918642,3.5976026,4.473292,-0.31521654,9.81469,0.27116844
mp-14395,NaAlAsO4F,5.0365586,5.666806,-2.450932,13.718359,0.17781034,2.837722,4.494301,0.46573988,10.180089,0.27237326
mp-7035,CaMgAsO4F,8.536943,6.8207817,-2.5106206,14.677543,0.17165133,2.9631078,4.2535677,-0.28344142,9.767406,0.23996961
mp-864766,NaMgSO4F,8.518317,5.842908,-2.8175445,13.567888,0.16881056,2.3290675,4.0324373,0.12437208,9.221549,0.24861334
mp-12881,Ba3NbGa3(SiO7)2,10.00445,5.4066486,-1.759971,14.218223,0.18828627,3.6067438,4.0383224,-0.43567982,9.062032,0.2732413
mp-16136,Sr3TaGa3(SiO7)2,11.469756,6.8865867,-1.7927428,14.042434,0.17233232,3.4210029,5.1180534,-0.13582599,9.3215685,0.2575183
mp-6853,Ca3TaGa3(SiO7)2,28.633228,22.729904,0.023592304,44.95722,0.07047415,3.4812074,4.791777,-0.08565104,9.223043,0.22199611
mp-553342,CsBe2BO3F2,2.8611228,5.4783397,-1.697664,14.687641,0.19250989,2.2866812,5.1262727,-0.2460199,9.493803,0.24338035
mp-1078186,KZn2BCl2O3,2.9473526,6.921037,-2.500919,13.614164,0.17610367,2.4642534,4.411148,-0.1931233,9.808537,0.24865319
mp-7323,RbBe2BO3F2,2.9855149,6.9044704,-1.3338681,13.81975,0.16194502,2.1908588,4.586068,0.19611125,9.451091,0.24186395
mp-6870,KBe2BO3F2,3.5672557,6.027619,-2.381532,13.659378,0.17219688,2.161772,4.8994684,-0.4697799,9.309129,0.247678
mp-1228058,Ba3MgTaNbO9,33.267727,22.058216,-0.53574955,45.347744,0.07087748,4.7508574,4.6839156,0.11376328,9.5815735,0.26803392
mp-677467,Rb5Te3H4NCl18,11.667386,6.848833,-1.6764815,14.422653,0.15457639,3.1621602,4.161697,0.42405012,10.114826,0.26738575
mp-682548,Cs5Te3H4NCl18,11.162367,6.143718,-1.0405104,13.492352,0.16733682,3.187525,4.6118145,-0.55185795,9.504485,0.26705757
mp-553919,Ag6Mo2ClO7F3,9.143907,7.667454,-2.2723422,14.14289,0.1664187,4.796891,5.1596446,-0.24623318,9.579211,0.27760217
mp-40157,Mo3H24C8S13N2,2.6583595,5.8666363,-2.092868,14.817644,0.20347606,3.3649852,5.2300024,0.07351455,9.469131,0.28057536
mp-1228167,Ba4ScReWO12,32.933807,24.33413,-0.9168067,42.15475,0.067204,4.999396,5.248537,-0.12013309,9.835424,0.24845749
mp-40778,Fe3H10S2NO14,4.966678,6.78335,-1.5096854,14.68827,0.16829953,3.315464,5.0058365,-2.6764052,11.971147,0.18142746
mp-39215,Zn3GaB6PO12,4.557029,6.0764227,-2.047619,14.746341,0.16630971,3.6656277,4.176665,-0.109602734,9.571439,0.26266456
mp-39770,Zr2P3H4NO12,10.089946,5.332282,-2.2951515,14.550102,0.1609293,3.1134398,4.7495575,0.18165353,9.214181,0.24677084
mp-1211701,K2RbYV2O8,8.908793,5.3796806,-1.7887383,14.563601,0.16945978,3.2917795,4.4896255,-0.16334294,9.501713,0.22844376
mp-1019558,BaSr2Mg(SiO4)2,15.580493,5.555642,-2.0096097,14.862377,0.14871883,3.3201144,4.792753,-0.18916602,9.92823,0.24563138
mp-1211745,K2RbScV2O8,8.997098,5.9728107,-1.9289632,13.829841,0.1885051,3.5311782,3.7903,-0.05174802,10.153971,0.27065396
mp-8564,CsK2Sc(PO4)2,8.070505,6.4053793,-1.3193965,14.000754,0.16827162,2.9774506,4.5725403,0.19580692,9.796984,0.25454035
mp-1191931,Na3CaMg3AlF14,5.9912987,5.8472633,-2.1047676,14.423718,0.18401057,1.9610467,4.9941974,-0.14254966,9.156203,0.24795458
mp-1192851,KFe3H6(SO7)2,4.942962,5.8316565,-2.4583988,14.130533,0.2031543,3.2846656,3.9898725,-2.3693721,12.154258,0.18634424
mp-1228955,Cs4Na2ScGaF12,6.042573,5.61213,-2.2541203,15.026293,0.17674911,2.238801,4.333825,-0.01918886,9.488865,0.25661752
mp-15079,Cs4KLiGa2F12,6.5911403,5.321662,-2.362298,14.162502,0.15912892,2.2121217,5.2930784,-0.15703422,9.305185,0.2622178
mp-561000,Cs4KLiFe2F12,7.0875874,5.9321685,-1.7133869,15.104897,0.16885768,2.2961617,4.145017,-3.5195565,11.774262,0.16873685
mp-604429,NaFe3H6(SO7)2,11.595248,5.264577,-2.461777,14.788531,0.18919449,3.3186252,4.3254375,-3.8825855,12.8246975,0.18363766
mp-24599,H8W3Se(NO6)2,20.792475,21.07771,2.1111462,44.17835,0.067785904,3.9859328,4.8902273,-0.3209266,9.428302,0.24815601
mp-632684,NaPH3NO3,3.159657,6.227435,-2.7014732,14.1446085,0.17248902,2.4606056,5.463686,0.15323573,9.43196,0.28235307
mp-866665,LiMgB3(H9N)2,3.6805809,5.574071,-1.4085522,14.048786,0.16888866,2.552726,4.5701857,0.24126506,9.470009,0.25041965
mp-11166,BaZnCO3F2,9.987506,5.7834578,-1.5921464,14.689742,0.15802252,2.8548288,4.532225,0.42186126,9.294787,0.2364329
mp-10509,BaGaBO3F2,8.5656395,5.934516,-2.1907032,13.284561,0.16995253,2.9177358,4.831501,0.07133817,9.557092,0.24855366
mp-755468,LiMnP2(HO4)2,6.7399955,5.64979,-1.8654374,13.924116,0.15856388,3.2365077,4.6755853,-0.6896383,9.350524,0.26205376
mp-554515,KScH4(C2O5)2,3.4843392,6.5061665,-2.5821779,13.973279,0.17675535,2.422896,4.230459,-0.4059441,9.836734,0.261592
mp-25729,H8W3Se(NO6)2,21.316906,20.355026,3.1466744,43.804348,0.07703565,3.9952817,4.0900335,-0.052942436,9.828026,0.2639092
mp-6867,KCaCO3F,6.366587,6.02975,-2.2790108,13.915321,0.17586884,2.3928256,4.8199997,-0.12685849,9.725181,0.24985598
mp-863745,RbSrCO3F,5.522278,6.104019,-2.501052,14.749106,0.16138412,2.3649507,4.65063,0.036112387,9.4601555,0.25487167
mp-865427,KSrCO3F,9.18636,5.7640505,-2.0542312,14.381552,0.17709559,2.3101654,4.7402754,0.056756485,9.614183,0.25712696
mp-23909,H6CN3ClO,7.6372538,5.16959,-1.7751076,15.212637,0.15951057,2.5804057,4.96023,0.1909501,9.39725,0.23656708
mp-510279,ZnAsHPbO5,21.520142,21.17903,1.0970365,43.089092,0.06701872,4.2923775,4.0411444,-0.20890716,9.639537,0.23851477
mp-24402,CaAlSiHO5,6.554253,5.815098,-1.7043344,14.5199585,0.1795198,3.158163,4.7233863,0.026989903,9.733442,0.2517558
mp-24018,CaZnAsHO5,8.997541,6.3762827,-1.9949343,14.206419,0.1889873,3.485432,4.5249863,-0.37640932,9.307129,0.22744152
mp-540714,NaH8SNO6,3.167876,6.422499,-2.2156036,14.303837,0.16623819,2.15002,4.8914485,-0.30799437,9.022648,0.24491525
mp-554390,SrAl2SiN2O3,8.275435,5.6831164,-2.5803108,13.66257,0.15783466,3.4794083,5.0456085,0.004441454,9.699538,0.24857208
mp-554643,K2SbSO4F3,7.8829346,6.1737647,-1.955259,14.085792,0.16602708,2.4041831,4.9363184,-0.051857278,9.684455,0.253044
mp-556604,BaCuPClO4,6.1740985,6.0647163,-2.7637632,13.846666,0.1610188,3.8681123,4.417034,-3.24759,12.257291,0.16630739
mp-707532,NaH8SeNO6,2.803527,5.737983,-1.3589859,13.748711,0.16604671,2.286675,5.1819777,-0.24472262,10.147075,0.24730998
mp-699219,NaZnSiHO4,4.811524,5.953787,-2.093986,13.562519,0.1729033,2.728079,4.6405544,0.014250304,9.271281,0.23892094
mp-722866,SbH6CN3F4,6.017701,6.6819267,-2.0693593,13.97579,0.15660574,2.36642,4.634595,-0.03549807,9.406875,0.24464665
mp-558491,BaAlBO3F2,7.572809,5.847125,-2.0429888,14.783894,0.16230066,2.7498205,4.685589,-0.32433897,9.515634,0.26980865
mp-758632,NaH2C2N3O,2.181586,5.178215,-2.2613103,14.549885,0.18492083,2.7527177,4.3787456,0.06490849,9.894825,0.23706134
mp-41734,Na8Al6Si6SO28,3.24809,6.7634125,-2.1273735,14.292193,0.16405097,2.1654205,5.0266123,-0.37702388,9.566128,0.26349327
mp-25410,LiMnPO4F,5.624884,5.9381485,-2.2478054,13.5845995,0.17924401,3.819874,4.6428394,-2.9098105,11.323708,0.16676763
mp-557399,KSnSO4F,10.345847,6.502762,-2.113695,14.304167,0.18025105,2.7734206,5.3908834,-0.30270797,9.354569,0.26763642
mp-643387,AlH2PbO2F3,9.072746,5.3292437,-2.0683749,14.253849,0.16756187,2.9026122,4.979352,0.24563031,9.174674,0.26468062
mp-643776,Na2ZnH4(SeO5)2,6.158879,5.619438,-2.2560039,13.4296665,0.1543988,2.8345351,4.797702,0.15504384,9.775504,0.28087443
mp-686677,Rb2PH3SeO8,4.816205,5.932452,-1.4842628,14.034372,0.17139363,2.3509583,4.801037,0.1239758,10.023836,0.25110987
mp-753051,LiCrPHO5,4.0320277,5.4253216,-2.8850405,13.722999,0.18179864,3.4440627,5.3788033,-2.775156,12.079205,0.16235265
mp-756507,LiFePHO5,6.203648,6.086494,-1.7038779,13.951386,0.15896423,3.5492454,5.216486,-3.1020024,12.122022,0.19314697
mp-866620,Cs2MgP4(HO2)8,3.379304,4.6142874,-2.245614,13.895628,0.1799651,2.3880823,4.8724,0.14957476,9.123083,0.246847
mp-863025,Rb2MgP4(HO2)8,3.4949396,4.745279,-1.621243,13.907991,0.16515666,2.3314104,4.3747663,-0.250601,9.458785,0.24794488
mp-676483,NaLiZnP2O7,4.1108723,7.1290607,-2.2201366,14.076616,0.16332185,2.5231225,4.9160604,0.41517675,10.317959,0.26481774
mp-765775,Li2V2SiGeO10,8.981722,6.0268283,-2.1017113,14.668576,0.1688754,4.012814,4.910961,-0.37165174,9.932215,0.26102996
mp-23998,ZnH12N4(ClO4)2,2.4125285,5.868073,-2.171313,13.604111,0.17096674,2.2836273,5.602771,0.20634153,9.222537,0.23201567
mp-39288,BaLaMgNbO6,5.9523406,6.433133,-1.9335387,14.100155,0.16310842,5.171042,4.42713,-0.16672121,10.124213,0.25150493
mp-40189,BaLiLaTeO6,2.6440969,6.3343487,-1.5656487,13.789868,0.16545956,4.4337053,14.062906,-28.367788,54.670506,0.039168604
mp-40251,BaLaMgTaO6,5.278363,5.605857,-1.9948174,14.503119,0.1710351,4.9086733,4.8327084,-0.87704355,9.870638,0.26168
mp-41283,BaLaTaMnO6,6.5966697,6.883202,-1.6527976,13.815566,0.17109428,5.2874875,4.1726613,-2.6048412,12.093233,0.17398316
mp-41414,BaLaMgBiO6,4.7006927,7.3552847,-2.9902909,13.896906,0.15943544,5.1271353,5.3043203,-0.14306742,9.4282,0.24369931
mp-41219,BaLiPrTeO6,2.7803748,5.413123,-1.3778408,14.33834,0.17541689,4.4068,5.2660847,-0.22016142,9.327823,0.26128373
mp-510620,Mn2ZnH12(NO2)4,2.6160853,6.39412,-2.229599,14.214903,0.1575584,2.778307,4.524723,-0.14871584,9.424997,0.25513864
mp-18320,Mn4Be3Si3TeO12,4.25987,5.804781,-1.6935115,14.422062,0.16684686,3.632632,2.678649,-22.266745,34.468494,0.061200768
mp-18554,Mn4Be3Si3SeO12,3.8956542,6.7672048,-2.6090417,13.7349615,0.18769306,3.2286,5.139378,-21.89329,32.849396,0.058037408
mp-17493,Be3Cd4Si3SO12,4.431837,4.754262,-2.2969744,14.113694,0.18128602,3.3465545,4.7284184,-0.2981173,9.064144,0.25032192
mp-23145,Na4Al3Si3ClO12,2.546931,6.0593653,-2.1065466,14.967018,0.18383901,2.2786279,5.2383127,-0.20410234,9.942484,0.2393849
mp-16793,Be3Cd4Si3SeO12,4.539076,6.912641,-1.3488846,13.9559355,0.179633,3.4541986,4.8951473,-0.059910674,10.038727,0.24874459
mp-17167,Be3Cd4Si3TeO12,4.704661,5.847451,-2.0487819,14.005617,0.18053749,3.6047294,4.5233364,-0.47481537,9.574732,0.25387284
mp-19314,Mn4Be3Si3SO12,3.8065398,6.827106,-1.4974828,14.180262,0.17504235,3.143463,7.082507,-22.202272,36.115932,0.063834816
mp-21616,Mn4Be3Ge3SO12,3.910517,6.411613,-2.0650187,14.374304,0.16936381,3.3717768,6.1396646,-20.375301,33.138245,0.0602411
mp-554733,Li4Al3Ge3BrO12,3.0748289,5.827875,-1.321269,13.987567,0.15777083,2.6577206,5.3122134,-0.3493771,9.662696,0.26356244
mp-23656,Na4Ga3Si3ClO12,3.1049557,5.5509205,-2.859364,13.446184,0.17321505,2.4322102,5.0103054,-0.37790376,9.347467,0.24115568
mp-556886,Li4Al3Ge3ClO12,3.207699,6.5627027,-1.9161382,15.033949,0.16369423,2.599082,5.028782,0.20265889,9.621823,0.2828696
mp-23648,Li4Al3Si3ClO12,2.9075315,5.4471397,-2.010474,13.331208,0.16335493,2.434695,4.8635526,-0.16736668,9.794472,0.24275388
mp-40226,Na4Ga3Si3IO12,3.0452235,7.0122423,-1.5275457,13.811849,0.16215102,2.5724318,4.4679794,-0.44211006,9.801123,0.2431076
mp-6856,Be3Zn4Si3SO12,3.5754788,6.4333553,-2.1592135,14.323248,0.1511963,3.223477,5.2720566,0.12298382,9.386011,0.26313224
mp-559084,Na4Al3Ge3BrO12,3.0673962,6.458612,-2.9037123,13.696204,0.17621638,2.4737265,4.4075584,0.23801,9.415123,0.23302937
mp-554203,Li4Ga3Si3ClO12,3.1226954,5.714538,-1.6925138,14.395767,0.17651099,2.6072245,4.6377993,-0.11177178,9.378402,0.24997962
mp-23651,Na4Al3Ge3IO12,3.1663854,6.7348785,-1.7938832,14.709433,0.18919358,2.5652359,4.7876577,-0.37349823,9.480007,0.24223028
mp-23655,Na4Al3Si3IO12,3.1714723,5.303528,-2.2193863,14.07662,0.1831903,2.4309661,4.8197737,-0.12470446,9.292165,0.22538559
mp-23147,Na4Al3Si3BrO12,3.1061316,5.475815,-2.0937815,14.803955,0.18386018,2.325245,4.199716,0.028753802,9.597273,0.24693179
mp-23149,K4Al3Si3ClO12,2.394833,5.6174564,-1.3027871,13.724625,0.16334632,2.2702532,5.358655,-0.1209593,9.572389,0.2586856
mp-559286,Na4Al3Ge3ClO12,2.927947,6.7943263,-2.062137,13.9637985,0.15931864,2.4293063,5.3646812,0.31231937,9.780821,0.25764078
mp-556649,Li4Ga3Si3BrO12,3.012709,7.2215796,-0.99796957,14.085247,0.15423007,2.6641994,19.57039,3.5533404,39.35056,0.08091837
mp-759107,Li4Mn3P3O12F,3.979469,6.632779,-1.4515802,14.217963,0.17441708,2.520938,7.5903044,-19.490011,35.50233,0.054663498
mp-759070,Li4Fe3P3O12F,4.3933287,5.479241,-2.3752768,13.870675,0.16965784,2.5701296,2.6770859,-20.360722,35.49895,0.057083715
mp-23657,Na6S2ClO8F,3.3397043,5.5892754,-1.0019366,13.689502,0.16731505,2.19509,4.8103647,0.4754039,9.529048,0.28235888
mp-7331,Cs2MgFe(CN)6,6.4035745,5.978735,-2.3907316,14.392831,0.16363889,2.9329398,4.8689375,0.25482953,9.968085,0.26623565
mp-1019525,Ba3ZnB5PO14,6.617989,6.2146177,-1.3740402,14.289221,0.17387818,2.9786777,4.8327837,0.033960093,9.816809,0.25050682
mp-23973,KMnPH2O5,5.4629245,6.3565464,-1.6465281,13.875184,0.17288242,2.659408,4.758024,0.31826285,9.421597,0.2544878
mp-554894,MgTlP(H6O5)2,9.654058,5.4690714,-2.3405604,14.859236,0.18496297,2.6106133,4.1692796,-0.15784676,9.534242,0.23854065
mp-644129,KNiPH2O5,4.859465,7.25277,-2.100698,13.978095,0.16908816,2.7471654,5.073254,-0.3466949,9.406283,0.28878233
mp-850407,LiMnP(H6O5)2,4.826008,5.3488007,-2.6042097,14.851679,0.15915886,2.3328056,3.999381,-3.1858015,12.3580265,0.18324085
mp-732315,MnPH6NO5,4.246239,5.3810043,-2.1834574,14.553015,0.16270442,2.6779635,5.188797,-0.018633373,9.66479,0.25325337
mp-24585,LiZnPH2O5,4.376282,4.731247,-1.4549954,14.692355,0.15998337,2.5335221,4.5977902,-0.08338587,9.640187,0.24618101
mp-557560,LiH4SNO4,8.334975,5.9476137,-1.7807941,13.647748,0.16544008,2.272403,4.740965,0.049303424,9.649949,0.24870524
mp-504426,LiH5S(NO2)2,4.7868195,6.2848563,-1.4049106,13.582941,0.17812108,2.4161532,4.4134407,-0.15798128,8.995944,0.2762681
mp-697020,LiAlSiH2O5,3.696496,6.486594,-2.2940526,14.908626,0.16816124,2.4339583,4.438367,0.56465834,9.483266,0.27219537
mp-761252,RbPH3O4F,4.012972,5.7819214,-1.1018115,13.383144,0.17339222,2.1979918,4.516245,0.037751272,9.426165,0.25359595
mp-573229,Cs2MnV2(ClO3)2,4.5584335,6.7577677,-3.1193004,13.948597,0.15748858,3.1560254,4.7969675,-0.08576254,9.717168,0.26019832
mp-1019531,BaAl2Si3(NO)4,5.789278,5.3660207,-1.6879506,14.004164,0.17555001,3.398062,4.6843567,0.21753924,9.893428,0.27057976
mp-25418,LiTiPCO7,4.866219,6.0731106,-2.0625646,13.6437435,0.18396683,3.037177,4.9154263,-0.10355336,9.877332,0.2410532
mp-554570,H10C3NClO4,1.9135861,5.018442,-2.253911,13.663942,0.16309975,2.129973,4.583579,-0.40471095,9.478423,0.26096395
mp-554145,Na3SrPCO7,10.127438,5.4904594,-3.0410311,14.620397,0.17969404,2.46291,5.3930664,-0.026384754,8.775793,0.25375724
mp-569084,H3AuC2NCl,1.2387846,5.9421597,-1.4330665,13.644517,0.17788093,2.7154112,4.8611717,-0.38779244,9.277805,0.2499888
mp-684816,K2NaNb(OF2)2,26.972792,21.363111,2.6915917,42.743744,0.072615944,2.54856,4.5175867,-0.16294624,9.896513,0.23520163
mp-634418,NaCaSiHO4,6.4488525,6.2407494,-1.6348262,12.938689,0.16753402,2.7536757,4.8605795,-0.21151118,9.693652,0.24521159
mp-690687,Ag2H2IOF,3.4644256,6.7573786,-3.5191715,14.728259,0.18495251,4.095154,5.166471,0.5436778,9.410896,0.2817724
mp-721287,Na3AsH14SO10,6.5907855,6.486828,-1.974654,14.845265,0.16931294,2.4658942,4.8732443,-0.0989279,9.786902,0.2413334
mp-753649,LiZrPCO7,4.069704,5.602866,-1.4774653,14.557916,0.16471727,2.625331,5.278784,-0.095394336,9.856096,0.2843346
mp-754075,LiHfPCO7,4.1090655,6.324535,-2.6659198,13.828382,0.1673897,2.54959,4.6919765,-0.14516737,9.947271,0.27339724
mp-755603,KPWCO7,3.2566974,5.557923,-2.5505364,13.488367,0.17677256,2.5331814,5.013032,-3.2997992,12.272746,0.1738305
mp-756651,Li3MnPCO7,14.383152,5.7932453,-1.6513983,14.745616,0.19746986,2.780095,4.661584,-3.182169,12.701358,0.184201
mp-756494,Na3GePCO7,9.129414,6.0007877,-2.6813009,14.662105,0.17004,2.7505972,5.2135677,0.28324795,9.273609,0.2358255
mp-757002,KZrPCO7,4.4520116,6.44798,-1.5763797,13.883515,0.16178232,2.4795907,4.6387815,-0.38627443,9.346754,0.24997121
mp-758131,VPH7N2O5,3.7222707,7.0558147,-1.5575395,13.478023,0.17498514,2.8613198,4.264226,-2.997143,11.872973,0.19882019
mp-757203,NaPH4SO8,3.1016293,6.869548,-2.6555862,14.292487,0.1522652,2.2908204,4.5780296,-0.15932178,9.237993,0.23558185
mp-767688,NaNdPCO7,5.3306584,6.0091925,-2.6750734,14.109742,0.19445191,3.3892157,4.034671,-2.9647276,12.139717,0.18343692
mp-768152,NaZrPCO7,3.806599,5.73287,-1.5088342,13.756004,0.16198236,2.5233345,5.3317738,-0.19652863,9.381459,0.2446702
mp-768161,LiSiPCO7,3.5884843,6.587915,-1.2955228,13.734527,0.1615961,2.494387,4.9604435,0.048231065,9.834572,0.25277346
mp-768127,NaSnPCO7,3.7093174,5.444412,-1.7255218,14.804815,0.1636476,2.505635,5.039025,-0.069478296,9.485434,0.25713536
mp-767535,NaHfPCO7,4.2240243,5.5119247,-2.6108,13.631427,0.16838077,2.4740305,5.5163164,0.4954235,9.976333,0.2525467
mp-767556,NaTiPCO7,5.128877,7.495737,-2.3893762,14.089551,0.14855544,2.9410925,4.9284277,-0.47085828,9.537854,0.26802507
mp-768159,LiSnPCO7,4.0457454,6.878124,-2.074864,13.881336,0.16687278,2.5818725,5.109793,0.028107306,9.790427,0.25012413
mp-768164,LiGePCO7,4.3777995,4.7778387,-1.2127291,14.539591,0.1744818,2.6293993,4.333088,-0.11911357,9.630372,0.2861496
mp-770905,LiMnAsCO7,4.9971695,5.4275904,-2.59006,14.284607,0.15389127,3.9051092,4.404502,-3.741203,11.975407,0.19164822
mp-771341,Li3BePCO7,7.306813,6.576906,-2.099411,13.672992,0.15216407,2.5277464,5.233694,0.35597503,9.924548,0.2652466
mp-771264,Na3ZnPCO7,7.6893764,6.2509766,-1.9951042,13.955466,0.16050074,2.5986903,4.8886127,-0.48218414,9.578915,0.26472434
mp-771335,Na3SnPCO7,15.097757,5.635298,-1.2171707,13.982405,0.17501423,2.9793653,5.38262,0.3732652,9.608814,0.24809231
mp-772778,KHfPCO7,3.9033895,6.4761934,-2.2857788,14.136259,0.17206253,2.4087243,5.0269237,-0.35852167,9.608346,0.23842569
mp-772750,Li3MgPCO7,8.644719,8.148916,-2.0886757,14.099343,0.15532613,2.5511389,4.966446,-0.10296841,9.329626,0.24296759
mp-772809,KSnPCO7,3.8917089,6.31936,-2.195175,14.657583,0.17786615,2.3911233,5.4376945,-0.047040276,9.508717,0.288055
mp-772753,Li3ZnPCO7,7.93667,7.007128,-1.7862246,13.789372,0.1646962,2.7053037,4.526067,0.27613628,9.979494,0.25493762
mp-779443,Li2MnP2HO8,9.388829,6.3027773,-2.4566016,14.390383,0.16030234,3.4356816,4.024615,-2.8014445,11.604169,0.17021911
mp-995215,CsSrSiHO4,6.002831,6.197508,-2.8537428,13.341279,0.17512602,2.957087,5.027776,0.19009143,9.1887665,0.2623272
mp-862999,NaSi2BH2O7,2.9224901,5.6698112,-1.5686576,13.709202,0.15476203,2.339206,4.955244,0.11079396,9.171904,0.26285586
mp-41191,Na3Ti2P2O10F,7.310543,6.966923,-1.8591862,14.218795,0.15315126,3.0814152,5.368785,-0.34483135,9.127039,0.2709594
mp-763244,ZnFeH4O2F5,5.801406,6.716422,-2.016593,13.851073,0.15851286,2.4345577,4.4264464,-2.9456525,12.261276,0.17721933
mp-690560,TiTlWO5F,71.373856,79.68582,1.0673983,157.84663,0.019569011,5.217004,4.8714776,0.15038243,9.438727,0.25206628
mp-24181,CsGaP3HO10,3.3385792,5.7981415,-1.9391074,14.49272,0.15459158,2.494364,4.8192472,0.37259185,9.691264,0.26985925
mp-23871,CsMnP3HO10,3.5345187,5.9405303,-1.5119927,15.015823,0.16370149,2.926061,4.094591,-2.9583051,11.502741,0.20855556
mp-684745,CsTiNb(O2F)2,25.72848,22.571663,2.2193341,41.935795,0.07044264,4.659385,4.676146,-0.13125895,9.408813,0.2583653
mp-675944,ErH9C5(NO4)2,4.464902,5.298989,-2.217519,14.16307,0.17355804,2.6197546,4.7398024,0.23805827,9.857519,0.26671004
mp-695170,Nd3Al3Si3(NO6)2,12.123457,6.254703,-2.0001655,13.908285,0.17780186,3.772199,4.1853304,0.059973564,9.644515,0.2246189
mp-772968,LiTlPHO3,9.265596,5.069665,-1.5803092,13.753775,0.17359428,3.3280146,5.0503864,0.019410009,9.512698,0.27242237
mp-863752,K2ZnH4(I2O7)2,5.70966,6.6667323,-1.4716506,13.179488,0.17848855,3.3594754,5.187581,-0.08771162,9.482794,0.25004116
mp-1021464,H6PbCNCl3,26.554932,23.045033,1.3313271,44.735756,0.065696865,3.593257,3.9068568,-0.094308026,9.381409,0.25325254
mp-758057,Li4CoSn3(PO4)4,14.941409,21.824364,0.71753573,44.906734,0.06096149,3.6677427,6.0822515,-3.1916177,11.205941,0.18690977
mp-777585,Na5Fe2P2(CO7)2,4.933471,5.758021,-2.0119867,13.843496,0.17154177,2.7589502,3.8633053,-2.810616,12.323353,0.18715197
mp-706976,PH4N(OF)2,2.2252967,6.71737,-1.7327087,13.76624,0.18992862,2.066309,4.4634037,0.14120641,9.708048,0.25056314
mp-644285,KAlH2CO5,3.4901245,6.732722,-2.1432288,14.158079,0.1526014,2.4618587,4.295746,-0.17460617,9.522691,0.2739736
mp-40186,LiCaPrTeO6,13.208731,7.0133276,-2.479417,14.449957,0.17624709,3.9335358,4.5505333,0.40752223,9.57202,0.2507242
mp-41742,CaNdTiMnO6,32.4656,20.464693,-0.84417504,43.83218,0.07279762,6.464355,4.85973,0.33097467,9.201503,0.25876957
mp-684770,Li2FeP2HO8,8.872864,6.470415,-1.5754234,14.230173,0.16816303,3.1457303,4.2235994,-3.4388154,12.079746,0.1728636
mp-679406,K2HS2NO6,2.685729,5.533429,-1.9993662,14.270138,0.17018281,2.0610971,4.883858,-0.6112702,9.806147,0.26394525
mp-753854,Rb2PH3SeO8,4.4125724,5.5039444,-2.0211513,14.112804,0.16621386,2.323315,5.5576043,-0.5769196,9.365894,0.25637972
mp-644672,Cs3VH8(Cl3O2)2,3.8606055,6.231888,-2.5400436,13.720076,0.18835236,2.5412073,3.4612112,-3.568167,12.496786,0.17261371
mp-644506,NaAlH2CO5,3.5192375,5.652067,-1.8668369,14.219535,0.17883931,2.441848,4.3296084,-0.021388063,9.26586,0.22127719
mp-42255,NaCaNb2O6F,10.285536,6.7835894,-1.5288048,14.44358,0.15989275,5.365765,5.538417,0.7166922,9.526989,0.24622528
mp-39387,SrLiTa2O6F,142.56775,82.94621,4.097188,155.8837,0.021157535,4.5134597,4.571315,0.12630768,9.493786,0.2443485
mp-560688,K4V5CdClO15,12.330868,4.945038,-2.0592294,14.237243,0.17268829,3.405917,4.8308954,0.07507764,9.430156,0.24530853
mp-643033,KPH2SO3,4.0086317,5.751671,-1.610606,14.782061,0.1597159,2.6713898,4.114271,0.25511882,9.886933,0.23930144
mp-39144,SrLiPrTeO6,13.17572,6.897279,-2.820411,14.488351,0.18441597,4.049932,5.0654306,-0.010140508,9.075854,0.24865057
mp-755891,CsLiH4SO5,3.5248988,5.498089,-2.2412493,13.575787,0.17684685,2.4316497,4.569604,-0.09975277,9.146234,0.24526745
mp-696155,Na4P2H4CO9,3.452231,6.263332,-1.424815,14.181229,0.16943511,2.394883,4.779211,-0.24365106,9.434082,0.2560752
mp-39249,BaLaMgRuO6,22.571579,24.753048,1.9376991,44.93613,0.07172103,6.2325673,4.6567354,-3.192214,11.831506,0.19482315
mp-540934,CoHgC4(SN)4,1.9148802,6.4685774,-2.607655,14.478277,0.18218368,4.6391053,4.2247114,-2.6083395,11.989615,0.18191694
mp-12422,CoHgC4(SeN)4,1.6798755,6.177889,-1.9302492,14.768937,0.16926111,4.8451743,5.5880003,-2.8732,11.995376,0.19122091
mp-541914,MnHgC4(SN)4,1.9631368,5.929063,-2.3745923,13.756695,0.16978268,3.9061613,4.6322594,-2.7727017,12.775885,0.17089169
mp-543031,MnHgC4(SeN)4,1.7201456,7.138636,-1.8583219,13.672841,0.17138414,4.1810017,4.9051247,-3.3302584,12.391943,0.17518076
mp-542942,ZnCdC4(SeN)4,1.403645,6.4782314,-2.7239754,14.470809,0.18074626,3.441564,4.8749895,-0.15564457,9.540246,0.2837313
mp-568228,RbLaSi(CN2)4,14.03737,6.4233036,-1.21518,14.108851,0.15061593,3.209332,3.9717135,-0.013643807,9.530603,0.24188755
mp-643431,AgH4WS4N,1.7887564,6.181967,-2.2800677,14.104586,0.18145962,4.8371572,5.5863194,-0.41140696,9.777066,0.2730364
mp-677191,BaLaZnRuO6,21.339783,19.517216,2.4883287,45.01628,0.065941945,7.094471,5.308584,-3.2845695,11.887843,0.16602735
mp-760729,Ca2Ga2Si(HO4)2,5.1146855,6.4448786,-1.6742537,14.59059,0.16250712,3.0309744,4.0412426,0.32999757,9.839633,0.26795477
mp-558016,CaMgAsO4F,9.050808,6.4103117,-2.2652788,14.270896,0.16843937,2.9639966,4.8228097,-0.3163678,9.014098,0.260027
mp-677378,TiNbTl(O2F)2,107.78347,91.30745,-3.906252,152.2223,0.022669826,5.025375,4.9434576,0.18296264,9.467684,0.26729834
mp-754604,BaBePO4F,8.453909,6.2219033,-1.8513647,14.56073,0.18318737,2.7996724,5.080939,-0.009284694,8.912789,0.24893542
mp-560045,H5CSN2Cl,2.5998535,5.8618875,-1.8723221,14.4369,0.16706695,2.6204703,4.4994516,0.16386971,9.402558,0.25877804
mp-643378,CuH4Pb2(ClO2)2,16.311388,22.304577,1.8131411,43.49964,0.07761414,4.0539055,4.701039,-2.3433259,12.387689,0.18279216
mp-561491,KNaMg2Si4(O5F)2,4.429965,7.075078,-2.5448804,14.284831,0.15997191,2.4361937,4.75998,0.086608015,9.878696,0.27345288
mp-753660,Li2VCrP2(HO5)2,4.4786325,5.1938257,-1.8859605,14.044262,0.17510504,3.417932,5.108765,-2.7932794,12.314404,0.1769937
mp-534870,Na4Ga3Si3B(HO3)4,2.8342712,6.388753,-2.109137,14.3345,0.1716639,2.475488,4.0776405,0.3229332,9.87061,0.24670684
mp-535042,Na4Al3Ge3B(HO3)4,2.7512774,6.415368,-2.274836,14.255281,0.15430407,2.4660304,4.4936295,0.102600984,9.2705145,0.27795196
mp-706983,K3HPtS2(ClO3)2,2.9901764,7.079225,-2.4407067,14.00741,0.16739601,2.6900094,4.9564753,0.0009215169,9.442132,0.2783545
mp-755754,NaLi2MnPCO7,7.347405,6.193522,-2.1565454,13.557581,0.1679753,2.6682675,5.4799604,-0.052617587,10.379116,0.25290993
mp-761124,KLiMnPCO7,3.4873178,5.88325,-2.1510413,14.151196,0.16326727,3.176312,3.7912457,-3.0825815,11.801325,0.18280342
mp-754568,Na5LiMn2P2(CO7)2,5.033927,5.6212063,-2.8711336,14.459974,0.15425678,2.581019,4.6826334,-3.495316,11.812004,0.16455725
mp-756728,Li6VCrP2(CO7)2,6.2751884,6.927991,-1.953388,13.235657,0.16502008,2.7781746,4.3406706,-3.1897774,12.1310215,0.18656883
mp-757146,Li6MnFeP2(CO7)2,7.500807,5.8647046,-2.3164108,14.119445,0.18895857,2.718185,4.2155313,-2.7602234,11.530781,0.16938153
mp-757130,Li6CrCoP2(CO7)2,9.225737,6.191743,-2.256865,13.757339,0.165933,2.8108616,4.4292574,-2.994998,12.1216955,0.1657554
mp-977011,H3PbCI3NF3,22.64482,23.138557,0.64654523,44.568466,0.07587672,4.8868117,4.0709076,-0.46001548,9.675134,0.27763885
mp-42805,KCu2H20N3(Cl2O)4,3.9772058,6.9359713,-1.4152836,14.357052,0.16463006,3.0014632,4.765295,-2.1786065,12.046019,0.18385865
mp-42583,Na8BeAl4Si7(ClO12)2,3.6874552,5.9880676,-2.3859062,14.683626,0.17632434,2.2896287,4.936799,-0.26970544,9.638073,0.2528141
mp-23151,Na4BeAlSi4ClO12,2.7980475,5.8178244,-2.213781,13.948701,0.17092998,2.3232174,4.0699606,-0.14241607,9.353776,0.24228622
mp-6064,Sr3MgPtO6,8.8942,5.418002,-1.7239093,14.039185,0.17866847,4.4752836,4.583358,0.28735837,9.457717,0.2637935
mp-6281,NaCa3RuO6,14.907847,20.048525,0.16143823,45.162804,0.06983557,5.4924536,4.526249,-3.6474602,11.808087,0.19742544
mp-6342,LiCa3RuO6,13.784402,19.972532,2.6685035,43.471413,0.07816383,7.070311,4.8774886,-3.2383976,12.07178,0.18442759
mp-6730,Sr3ZnPtO6,10.485992,5.4221725,-1.8804933,14.322715,0.17529652,4.718793,4.564329,-0.7158866,9.468144,0.25789887
mp-6721,Sr3LiRuO6,12.530822,5.480915,-1.976027,13.628616,0.16550592,6.183573,4.9576006,-3.176343,11.541816,0.17717302
mp-8773,K3CO3F,7.348861,6.293519,-2.2656138,14.338142,0.16191411,2.219876,4.687773,-0.13103159,9.876771,0.26426923
mp-8961,Ba3NaTaO6,16.944736,21.288338,2.00201,44.778976,0.073520586,4.167341,4.7249947,0.014879429,9.212296,0.28233066
mp-17747,Y3CuSnS7,8.915559,5.9204006,-2.6390362,15.00801,0.1842938,7.9192877,4.666371,0.06708649,9.447554,0.25706348
mp-12485,NaSm3SiS7,9.915772,6.8245316,-1.9945632,15.673522,0.16929682,6.8934994,5.0852337,-0.8167919,9.388293,0.2662564
mp-16917,RbV3(SeO6)2,10.956371,6.984745,-2.6318588,14.454557,0.15417564,4.6640625,5.073868,-0.2729015,9.112268,0.25137603
mp-17155,La3AgSnSe7,9.988094,5.769991,-1.4723717,15.445158,0.16834362,9.190213,4.681307,-0.09613158,9.741136,0.26079476
mp-17719,La3SiAgS7,9.493466,6.0433083,-2.3691087,14.085504,0.171403,7.093013,5.0011754,-0.5704737,9.314571,0.26063994
mp-17389,Pr3SiAgSe7,8.379924,6.0679693,-2.3986065,14.756465,0.18779562,8.809235,5.104583,-0.4627816,9.775372,0.27225515
mp-17486,Ho3CuSiS7,8.693089,22.881535,4.42869,44.347973,0.06410278,7.569212,4.434376,-0.0057723294,9.687939,0.23924895
mp-17827,Nd3SiAgSe7,8.54355,6.3110614,-2.1167657,14.355043,0.17379278,8.9043255,4.018421,0.16199563,9.273367,0.2558546
mp-18126,Tb3CuSnSe7,8.799763,5.6215954,-1.8285444,14.587309,0.19185321,9.75896,5.381734,-0.23902085,9.444058,0.24931364
mp-18353,Cs2Mo3SeO12,15.869461,4.8689127,-1.9377108,14.885028,0.16352297,4.3450665,4.0049295,0.29231158,9.793015,0.23732218
mp-17916,Y3CuGeSe7,8.897995,6.042808,-1.8686827,14.207808,0.18251887,9.853311,3.9704707,-0.24199353,9.093066,0.23046127
mp-504650,La3CuSiS7,8.673182,6.447117,-2.1321342,13.584199,0.1704185,7.098591,5.0055876,0.19430773,9.613343,0.250284
mp-39460,Ca5P3ClO12,8.979278,5.935167,-2.2384572,14.320301,0.17130336,2.9957864,4.6013365,0.20477763,9.557334,0.2403082
mp-510011,La3CuGeSe7,8.617253,6.8808627,-1.3677081,14.449077,0.15621364,9.016963,4.6233864,0.26881638,10.098084,0.24466375
mp-19251,RbLiCrO4,3.775612,7.210581,-1.928005,14.750511,0.16423436,2.7189696,4.332429,-0.22132188,9.076631,0.25298634
mp-505558,Dy3CuGeSe7,9.120521,7.4111347,-1.9289286,14.721329,0.17777923,9.837957,5.1479836,-0.117662326,9.508767,0.24626042
mp-18303,Nd3CuSnSe7,9.424428,20.824055,1.0219467,44.82992,0.07299944,9.643253,5.3432617,-0.2985193,9.874877,0.29503974
mp-41472,Ca5P3HO13,8.474091,6.085884,-1.823278,14.235537,0.1798753,2.934874,4.446642,-0.58744276,9.544529,0.24247643
mp-555978,Sm3CuGeS7,8.503644,5.140005,-2.1166744,13.526395,0.16891955,7.787233,5.1854696,-0.49648172,9.972367,0.25945142
mp-554097,Sm3CuSiS7,8.481455,6.3873606,-2.229398,14.134335,0.19826399,7.4835234,3.8272724,0.3031915,9.4092655,0.24742806
mp-554947,NaSiBO4,4.3120875,6.3974724,-1.2494456,14.290672,0.17427056,2.6328113,5.0348673,-0.025725143,9.409412,0.27670842
mp-555509,Ho3CuGeS7,8.779223,5.50865,-1.5448238,14.39393,0.1709126,7.8861146,5.1845264,-0.043160822,8.916356,0.26954517
mp-554781,Tb3CuSnS7,8.830907,24.599781,0.42512962,46.04362,0.070650876,7.9420133,5.3515196,0.2338417,9.643669,0.24766508
mp-554553,Ho3CuSnS7,9.054826,5.513446,-1.6513035,15.120056,0.18147837,7.9477825,5.1521697,-0.27828595,9.310503,0.25978833
mp-510539,Dy3CuSnSe7,8.980715,5.9731436,-2.0637252,14.619077,0.15956573,9.782247,4.296089,-0.3083848,9.226619,0.26620942
mp-554150,Nd3CuGeS7,8.699266,6.361054,-2.1200788,14.131893,0.17941067,7.735878,4.3235884,0.3137409,10.13383,0.27148336
mp-510566,La3CuSnS7,10.849736,6.358613,-2.022645,13.56498,0.18615802,7.542207,4.694771,-0.093102485,9.120842,0.25009745
mp-558042,Sm3CuSnS7,9.030944,5.540654,-2.4094722,13.6644335,0.17687717,7.8973584,4.60823,0.012822615,9.257179,0.25025097
mp-560186,BaMgSiO4,18.338871,6.6835976,-2.390058,14.38176,0.16453949,2.9156075,4.5081363,0.6450066,9.821353,0.26134273
mp-568638,Y3CuSiSe7,9.080632,5.9419804,-2.2927957,15.029541,0.16641536,9.156607,4.4157786,-0.008657016,9.744676,0.24354626
mp-561305,BaZnSiO4,7.40674,6.1136236,-2.2602744,14.280626,0.15296485,3.1495137,5.182824,-0.36220226,9.547429,0.24576204
mp-560632,NaGaSiO4,4.825384,7.008772,-2.7865536,13.777011,0.16315402,2.684063,4.057027,-0.099231526,9.743016,0.2531778
mp-6253,KLiBeF4,3.8360407,5.361268,-2.1745257,14.205538,0.17623362,1.802633,4.973178,0.14965558,9.5448885,0.22235313
mp-757722,BaZnGeO4,7.9037232,5.435952,-1.9227839,13.953326,0.15921484,3.4149992,4.3835554,-0.4102596,9.338405,0.25502804
mp-690977,NaP3(PbO3)4,22.132568,21.33918,0.4829391,45.32641,0.07455786,3.8371315,4.7516346,-0.053581037,9.857653,0.23871997
mp-8355,KAlSiO4,4.339208,6.196328,-1.7022829,14.741374,0.17647567,2.4297261,5.347698,-0.3232433,9.991908,0.26131237
mp-19131,LiMnBO3,4.2343864,6.0796723,-3.3199983,13.046529,0.17747231,3.1159682,4.503504,-0.46846431,9.5941305,0.26498485
mp-6126,LiCdBO3,4.418717,6.2485337,-2.154135,14.201667,0.17213237,3.3314357,5.225543,0.066920705,9.133473,0.26287323
mp-1105268,Ba3Rh(CN)3,8.124101,6.109317,-2.2176669,14.555005,0.17616184,6.74417,4.5454884,0.17802928,9.234869,0.25875178
mp-1106080,Ba3Ir(CN)3,8.259655,5.5208874,-1.8825392,13.202209,0.15719695,6.1712446,5.404317,-0.2563201,9.6721,0.27681616
mp-554542,Mg3B(OF)3,3.6336935,6.2584887,-1.4797181,13.867527,0.20438297,2.342002,4.519155,-0.34897068,9.644014,0.23456874
mp-862670,Sr3Co(CN)3,6.9734406,5.5175085,-2.3424227,13.870194,0.1811369,6.0135226,4.8208323,0.16954839,9.305385,0.24782895
mp-1020615,Y2SiP4O15,3.8673573,5.2536926,-2.2826238,12.797611,0.16876765,2.5967765,4.732417,-0.14588156,9.388383,0.2769571
mp-504885,BaFe(Si2O5)2,4.449509,6.443122,-2.9057271,14.60351,0.16635364,2.729783,5.6407204,-2.818301,12.046043,0.17175232
mp-558830,ZnTeMoO6,11.991273,4.8822894,-1.3932517,13.954821,0.16708793,4.733013,4.515376,0.41501665,9.361275,0.25945786
mp-697408,H10C2N2O5,3.039709,6.0016785,-1.4756787,14.30448,0.17130402,2.3700938,4.662217,0.20330319,9.33515,0.24641392
mp-721246,Sr6CoC2N7,11.727977,5.937969,-2.0403585,14.201694,0.17902528,5.733076,3.8172355,-2.1654313,11.558028,0.17530866
mp-642740,CsLi(H2N)2,14.869252,6.5179005,-2.2859104,14.213045,0.16525309,2.9975076,5.3405156,-0.1011827,9.594891,0.2657115
mp-757754,LiFePO4,3.2262003,5.5346127,-1.794715,13.523369,0.16969413,2.6631114,4.9493866,-0.10307725,9.420743,0.2457802
mp-23110,NaHg2IO2,6.1947227,6.6503696,-1.8438002,14.085138,0.17166814,5.1910515,4.723383,-0.6554907,9.445784,0.2655084
mp-752623,LiCoSiO4,6.6294904,5.9738674,-2.4665635,13.9460335,0.16386935,3.8458562,4.878685,0.5176045,9.025233,0.24768251
mp-860939,LiMnPO4,2.8301048,5.4827604,-2.2408595,13.925146,0.1733444,2.3949091,4.6244774,-0.016430376,9.298065,0.25947267
mp-6327,LiAlSiO4,2.5239475,6.0914564,-1.9871094,13.822756,0.17885476,2.3823788,4.631157,-0.07918078,9.5523405,0.24535182
mp-762644,LiFeSiO4,3.1802888,6.9108753,-3.146013,13.140749,0.17227945,2.9456515,4.6127987,-0.11526775,9.377213,0.2334858
mp-616564,RbPbIO6,5.2770915,4.858797,-2.5522227,13.695691,0.1635614,3.4870741,5.1933155,0.113326564,9.52407,0.28035352
mp-554199,RbSnIO6,4.060683,5.876828,-1.0285174,13.830057,0.18331714,3.0296876,4.9662437,0.03984578,9.551355,0.2519455
mp-558310,BaLi2SiO4,13.055928,22.22476,1.0048149,43.8414,0.079550266,3.0508702,4.998844,-0.2975138,10.719555,0.2603305
mp-24097,Mg3Si2H4O9,2.9574573,7.104349,-1.5655416,14.208947,0.17155495,2.5263014,4.2093534,-0.47305185,9.559536,0.25043002
mp-10097,Na3Sr3GaAs4,8.654064,5.70809,-1.7625364,13.987676,0.1690021,8.857641,4.7225304,0.17352252,9.314741,0.2396089
mp-10096,Na3Sr3GaP4,8.989071,6.6622157,-1.3327367,14.720975,0.15666188,7.654877,4.918935,-0.3885913,9.690595,0.25804076
mp-1080747,ScAlCO,13.522465,6.215646,-2.270215,14.254702,0.164282,7.776594,5.548704,-0.45713413,9.695482,0.26172483
mp-1210275,Na3Sr3GaSb4,8.023767,4.7010603,-1.6836749,14.434342,0.16728085,9.653428,5.4694166,-0.3557708,10.129189,0.28008094
mp-11670,BaYSi4N7,8.141116,5.4524593,-2.130856,13.740439,0.17660086,5.312317,5.061249,-0.22540534,9.635067,0.24429251
mp-15572,Na3Ca3AlAs4,8.275419,6.114001,-1.791803,13.274061,0.18682273,8.307587,5.0330524,-0.4047987,9.468579,0.25133103
mp-16841,La4MnSe6O,15.69899,20.561104,2.8995256,43.081562,0.07215108,8.522627,4.7638426,-0.0797494,9.879624,0.24592409
mp-24066,SrHClO,4.34939,6.6066737,-2.4945655,14.30185,0.1990953,2.7329602,4.758917,0.17745964,9.2755,0.25448856
mp-23985,LiH6BrO7,3.3381639,6.7566123,-1.7870411,15.103616,0.15468751,2.432473,5.1468267,-0.25844875,9.78484,0.2588625
mp-17313,Mg3BeAl8O16,5.503796,6.2560015,-1.5710447,14.100913,0.17711757,3.095808,5.248272,-0.08229594,9.203332,0.25696108
mp-18274,Ba4LiNb3O12,88.4735,82.76051,7.1877527,156.944,0.020389017,5.040793,4.5660305,-0.07760421,9.538843,0.26007384
mp-17271,Sm4FeSe6O,14.7464695,23.463821,-2.4453707,43.64627,0.07000727,8.929749,4.8843465,-3.1530435,11.854286,0.1856828
mp-23797,LiH6ClO7,3.7203655,5.1011877,-2.4601152,14.618988,0.1517886,2.2265303,4.8069096,-0.49136013,9.826225,0.2956511
mp-18292,La4MnS6O,15.958896,24.856241,1.0063303,42.455334,0.07418771,7.23943,4.6067257,-2.8390589,12.163212,0.17491484
mp-41095,Na3Sr3AlP4,8.527987,5.3520327,-1.9834666,14.009236,0.18213388,7.2503653,4.5749083,0.30930284,9.674467,0.24631022
mp-555217,Dy3Se4O12F,5.328114,5.8275404,-2.1852357,14.617281,0.17721416,3.214491,4.5208187,-0.07499447,9.433747,0.26841643
mp-559256,La4S3NCl3,12.412989,5.8948307,-1.8653204,15.093748,0.17517826,5.593749,5.1592703,-0.40278113,9.509866,0.26080027
mp-644222,CdHClO,5.2181954,5.3824353,-2.582877,13.779441,0.14425239,3.5524147,4.7067404,-0.5025254,9.164598,0.25595853
mp-567949,Hg3AsSe4Br,8.084148,6.3969345,-2.3402004,13.3975725,0.18106985,7.7110095,4.2554717,0.052620355,8.762761,0.2586304
mp-642725,CaHClO,4.771138,6.6028214,-2.0638652,14.041554,0.18910185,2.879839,4.5084515,-0.25280383,9.8213,0.24211341
mp-570084,Hg3AsSe4I,9.485113,6.0892377,-1.640518,14.266351,0.18169326,7.7530637,4.64071,0.045952182,9.742557,0.2665452
mp-7204,CaZnSO,6.7464485,5.6475415,-1.9110099,14.44814,0.16861454,4.7885847,4.8755865,-0.15226331,10.139688,0.2567574
mp-753235,Li2Mn3TeO8,40.886192,79.74652,-0.54042876,160.16385,0.019273398,16.384583,4.4229,-20.11652,31.946348,0.05201911
mp-759722,SiH8(NF3)2,6.111205,6.5607605,-2.0123658,14.804928,0.17040966,1.9867394,5.322242,-0.14756073,9.601838,0.26879048
mp-759690,MnH8(NF3)2,9.606584,7.0614614,-2.6661303,13.913041,0.17663938,2.4048886,3.1523304,-3.3150477,12.642119,0.17002949
mp-771964,Li2VCr3O8,11.510774,5.503989,-2.2965393,13.670643,0.1629174,6.6405506,5.345846,-3.3096037,12.349185,0.18815124
mp-760333,Li5VCr3O8,7.3393273,6.585747,-2.6060147,14.713331,0.16680343,5.026572,7.9736056,-19.161404,31.083305,0.054601714
mp-771971,Li2Mn3NiO8,6.78805,5.733477,-2.3996053,14.676059,0.17896162,6.5215764,5.2625813,-3.1440732,12.673692,0.17836565
mp-8075,NaBe4SbO7,7.036957,6.2296906,-2.0491714,15.030553,0.1723681,3.3299456,4.995602,-0.245889,9.4712515,0.2507985
mp-18509,KBe3ZnF9,2.9594965,5.8404317,-2.3997626,13.383734,0.1926778,1.8911557,4.8541784,0.2701421,9.444606,0.25212502
mp-11625,KCa(PO3)3,3.1390843,6.1206245,-2.148515,14.531756,0.1648279,2.356335,5.532387,0.27326065,9.403418,0.2475292
mp-18502,BaSi3SnO9,5.077111,5.3476496,-1.8838986,13.706583,0.1888292,2.8875363,4.3063846,-0.089275785,9.631596,0.24418277
mp-14058,KMg(PO3)3,3.1718783,5.7155066,-1.5203284,14.657718,0.16676728,2.4049134,5.1640925,-0.12177339,9.531006,0.26680794
mp-1211746,KCd(PO3)3,3.4504776,5.129105,-1.8996475,14.081195,0.1527565,2.5102682,5.0831666,-0.45348728,9.84571,0.2633409
mp-17229,RbBe3ZnF9,2.8063178,6.2529726,-2.2629142,14.161261,0.16155319,1.9140348,5.0565944,0.009781858,9.992691,0.2699319
mp-1214228,BaZr(SiO3)3,6.532682,5.312888,-2.0810528,13.999152,0.15814567,3.0199618,5.1304708,0.09156138,9.190265,0.26053673
mp-540631,KTa(GeO3)3,7.4910975,6.4220467,-1.9890605,13.906257,0.1705451,3.2029445,4.7173214,-0.3319637,9.946447,0.24208541
mp-540633,RbNb(GeO3)3,7.727928,6.114661,-2.7132857,14.433307,0.17335193,3.4041684,4.553152,-0.04762706,9.839228,0.25141934
mp-540632,RbTa(GeO3)3,7.365336,6.030593,-1.9263946,14.105595,0.15952611,3.2293658,5.314459,-0.14384818,9.211973,0.25107518
mp-540634,TaTl(GeO3)3,10.803627,4.618541,-2.2642472,14.232603,0.15908222,3.5864189,4.508724,0.07480434,9.206305,0.25907856
mp-6661,BaTi(SiO3)3,8.183042,5.6563654,-1.7827568,14.19089,0.19244148,3.350155,4.8013625,0.49012354,9.872212,0.27065313
mp-540635,BaSn(GeO3)3,6.3820662,4.9463577,-1.3501045,14.323695,0.1622616,3.2456787,4.877901,0.17010671,9.432716,0.23299141
mp-11772,Ba3Ti3(BO6)2,25.458015,21.921139,-1.7567244,46.45369,0.068484284,5.073006,5.30355,-0.29600418,9.656599,0.24193315
mp-15248,K3Nb3(BO6)2,21.159912,24.929184,0.3964561,42.765846,0.0645541,4.9562206,5.0867796,0.38877276,9.571301,0.2539366
mp-16855,K3Ta3Si2O13,15.784322,6.2339406,-3.6183107,13.861025,0.17931677,4.053628,5.30105,0.123236716,9.764179,0.26411185
mp-638731,LaCO3F,12.561028,6.8349633,-1.8000487,14.129385,0.1897549,3.3004167,4.27858,-0.27040404,9.739068,0.23455326
mp-9870,K3Ta3(BO6)2,48.601704,21.471344,1.4278129,44.14212,0.06479904,4.223386,4.7564735,-0.22529353,9.195894,0.27185407
mp-10070,BaAg(PO3)3,5.041199,6.2345967,-2.092442,14.578417,0.17920986,2.7347238,5.173022,0.116545975,9.856963,0.27291825
mp-1047020,ZnSbAsO5,14.206023,6.754113,-2.2492154,14.966042,0.17397548,4.1341605,4.5589533,-0.13218334,9.180303,0.2629914
mp-1191203,CuNiSbS3,9.522865,6.4731693,-1.5868118,15.051771,0.17809622,22.523981,22.55377,2.4926963,40.72471,0.082678095
mp-12159,Na2PO3F,5.475861,6.462263,-1.9307984,14.327238,0.18123752,2.2063677,4.516429,0.30936807,9.624407,0.24432042
mp-13755,BaNa(PO3)3,4.1913605,6.6288314,-2.4326625,13.9181795,0.16835412,2.503844,4.8754954,-0.23598552,9.53958,0.24635422
mp-14864,Cs2Ti(PO4)2,5.2922363,5.9185114,-1.413401,14.455313,0.18045755,2.6696367,4.1204515,-0.0312825,9.585585,0.2466571
mp-16934,BaLaAlO4,19.007977,22.873901,2.6602788,43.579094,0.068558194,4.1167736,4.506036,-0.44545138,9.525382,0.2459651
mp-16972,CsErSiS4,5.778179,5.955549,-2.1564744,13.89729,0.17573458,4.414603,4.7767444,0.03569791,9.554576,0.2664963
mp-19481,Rb2V(PO4)2,4.3031783,6.909155,-1.7510625,14.297178,0.15128785,2.6145995,4.034954,-2.8757677,11.925107,0.17247137
mp-24354,H7Se2NO6,6.2876844,6.6025944,-2.5934112,13.839688,0.17784333,2.8207734,4.77305,-0.44542027,9.356236,0.283059
mp-23598,SIO3F,5.5523276,5.493574,-2.2764156,14.126484,0.17630626,3.025672,5.5829263,0.2122798,9.570015,0.23634712
mp-23843,LiHSeO3,2.8340487,6.1633196,-2.3712554,13.743235,0.15952985,2.6978335,4.2303534,-0.22958896,9.687481,0.25679114
mp-23844,HgHOF,5.621443,6.3010902,-2.7579763,14.675188,0.16469127,3.5778573,4.9945164,0.011684289,9.968491,0.24671496
mp-24509,CdH4(BrO4)2,4.4678288,6.4381905,-1.6008977,13.861138,0.18556271,2.9933546,4.1368456,-0.23184116,9.271891,0.25522798
mp-23991,H6S(NO2)2,11.429358,6.4858646,-2.6443355,14.717894,0.15960792,2.5277002,4.7182455,-0.093831055,9.0813875,0.24088632
mp-23934,PH6NO4,3.2984009,6.509646,-1.6166394,15.101504,0.16030861,2.200915,4.988471,-0.33453882,9.821642,0.24528573
mp-24625,KHCN2,5.087398,5.118779,-1.8241078,14.084461,0.17377849,2.5026798,5.47709,-0.17400636,9.550031,0.24433377
mp-541280,BaLaGaO4,21.279673,18.256351,0.9906619,42.591843,0.068925224,4.3494916,4.770651,-0.2239066,10.146654,0.2449153
mp-505139,TiH2SO6,27.650875,21.573357,1.3321896,42.669975,0.08401111,3.6856933,4.9523315,-0.14418387,9.202106,0.26586428
mp-505245,Li2Cr(H2O3)2,5.3588295,5.835984,-1.6694111,14.191403,0.16574247,2.7556098,4.6297092,0.29642162,9.534479,0.26128918
mp-504967,CrP(HO)5,2.234376,5.773162,-1.9879594,14.306113,0.17781991,2.6302288,4.7286625,-3.040038,12.206269,0.19015506
mp-556151,H9C3N3O2,1.7600503,5.4367495,-1.253745,13.857027,0.15439828,2.3578665,5.2257967,-0.028835934,9.265346,0.2510928
mp-556478,SrH2(CO2)2,3.3755412,5.9178333,-1.6663615,14.520994,0.15335569,2.457808,4.0920544,0.06907998,9.038055,0.24337235
mp-556802,NaSrFeF6,5.3734837,6.309795,-2.02322,13.768929,0.18761332,2.1904368,5.668677,-2.2496495,11.782364,0.18922073
mp-556966,KSrVO4,7.5128384,6.041442,-2.2150526,14.144485,0.18371071,3.3032484,4.259407,-0.13659304,9.532185,0.238658
mp-557974,BaZn2(BO3)2,9.128461,5.662822,-2.3751152,14.132769,0.15783323,3.1957567,4.684825,0.08528258,9.310677,0.26471
mp-560394,AsPbClO2,13.761146,4.4132576,-1.8331174,14.605108,0.16864896,4.4555593,5.0269856,0.18587925,9.597206,0.26381993
mp-560639,SbS(BrF2)3,3.4400115,6.5301857,-2.6145105,14.248286,0.17690322,2.5804362,5.0508213,0.18583444,9.603301,0.25197217
mp-561328,SbSe(BrF2)3,3.549779,6.1088257,-1.5140325,13.71483,0.16827723,2.6372561,4.8396044,0.39808843,9.662958,0.25212482
mp-604120,PH6NO4,3.7506044,5.591076,-2.61415,14.181261,0.16520518,2.2538545,4.793036,0.119849235,9.710275,0.2469103
mp-561349,RbVPO5,3.278633,7.7813497,-2.615128,14.093208,0.17177106,2.7296965,4.3467255,-2.8772664,12.001884,0.16949417
mp-604119,KP(HO2)2,3.3383982,6.319364,-2.4980369,13.840407,0.17578967,2.2007632,4.5633154,-0.7514921,9.372476,0.25719523
mp-622295,NaMo(PO4)2,7.2038326,6.0614443,-2.0102983,14.690891,0.17955762,2.9918182,4.0634503,-2.5330398,11.28535,0.20792963
mp-581303,NaCuPO4,4.7416415,7.428656,-1.9524573,14.022815,0.17055123,4.126212,4.34866,-2.348477,12.0594845,0.1876755
mp-638009,RbPPbS4,20.361547,22.079754,0.11356372,44.986732,0.07330746,4.995155,4.542411,0.4838334,9.673911,0.25853193
mp-684503,LiSn(PO3)3,39.483467,24.408155,0.6165234,44.804665,0.07302209,3.174675,4.0986376,-0.22227605,9.649954,0.2574284
mp-707226,H8Se2N2O5,4.975957,6.115795,-2.2187588,14.073342,0.15984711,2.802731,4.7552195,-0.23142548,9.511053,0.26162714
mp-703568,BaH2(SO4)2,5.5142193,5.019355,-2.1856945,13.897091,0.1789063,2.5047493,5.1925526,-0.6645894,9.803013,0.26058376
mp-722865,H8Se2N2O5,3.9273405,5.6247253,-0.98480296,14.230717,0.17456284,2.8316593,4.6445374,0.10050015,9.519812,0.26755738
mp-707339,AsH6NO4,4.3412166,5.638612,-2.685351,13.5314665,0.16630065,2.3480525,4.0423737,-0.35448718,9.338427,0.24815372
mp-723049,BeH4NF3,5.461795,6.5172524,-1.9010706,14.186321,0.15990481,1.836331,3.8569684,-0.21499825,9.7011175,0.2621806
mp-757838,LiSn(PO3)3,9.638364,6.990122,-1.6390893,13.819046,0.16215572,2.99447,4.833596,0.09513613,9.538534,0.2578898
mp-757889,LiSn(PO3)3,3.966018,5.255636,-2.061381,13.765369,0.1669383,2.4332864,5.1081085,-0.025139773,9.37771,0.24767444
mp-758074,LiVPO5,2.1741478,6.613038,-1.2196726,15.086206,0.14428757,2.7889233,5.0742865,-3.3130853,12.08262,0.18561484
mp-757388,PH6NO4,7.2670164,6.378536,-2.693157,14.000314,0.17596097,2.2098057,4.700007,0.29253975,9.568008,0.2747197
mp-757836,BeH2SeO4,2.8515322,6.3924656,-1.1894469,14.257104,0.17022346,2.8858566,4.2241793,-0.2676482,9.276267,0.2586597
mp-757042,LiSnPO4,8.291786,7.0232134,-1.2238708,14.276149,0.17108546,3.338335,4.4092894,-0.44995195,9.560558,0.266337
mp-758977,LiFeSiO4,6.6766376,5.606143,-1.942562,13.683868,0.18402687,3.6490264,4.5497227,-3.3017952,11.758983,0.18688178
mp-759181,LiMn(PO3)3,10.939793,5.467349,-1.9434099,14.055361,0.17140478,2.8145587,4.4849615,-2.9529207,11.145526,0.16650133
mp-769384,Li3NbOF6,9.280497,6.8028116,-2.3407614,14.242759,0.1513677,2.598081,4.8456326,0.17447218,9.74815,0.26123118
mp-769377,SbSO4F3,1.6164818,4.5325584,-1.8801097,13.8917675,0.16513641,2.2890437,4.9812393,0.11443014,9.595723,0.27393997
mp-780490,LiCr(PO4)2,7.7250032,6.782836,-1.5278214,14.317968,0.1718684,3.7498271,5.413137,-2.5033908,12.374678,0.18116681
mp-554650,LaH6(ClO3)3,3.702808,6.235379,-3.2093275,13.7095,0.16809666,2.8644733,5.1594095,-0.18673788,9.141599,0.2784146
mp-556215,K9Li3I2O13,4.2862706,6.3620825,-2.1540036,14.597888,0.15270433,3.3557816,4.8581305,-0.078940615,9.545008,0.2646923
mp-23126,KAs4IO6,9.304565,6.9961357,-2.1931345,14.290691,0.17371804,4.1445217,4.7695913,-0.029554887,9.578844,0.26086926
mp-23083,KAs4BrO6,10.749238,6.734502,-1.8491522,14.07553,0.16240634,3.830227,5.0514345,-0.01999606,10.204252,0.25177607
mp-557577,K3ScSi2O7,6.853169,5.1408854,-1.2781557,14.538782,0.18327437,2.9185784,4.6739235,-0.22716813,10.177195,0.26294816
mp-562523,Cs3Mo2(O2F)3,5.1752954,6.031455,-1.7420833,14.77865,0.16532695,2.6910713,4.6915474,-0.58107984,9.363401,0.25350016
mp-643276,LiMg2H7Ru,14.78844,28.243267,1.8153896,44.514088,0.06558567,4.2427,4.9503746,-0.016785426,9.707874,0.2735037
mp-571306,Ca2Zn2CuP3,8.369457,6.056695,-2.2491884,13.92472,0.18429834,11.948409,4.9600315,-0.4462392,9.940635,0.25817427
mp-9702,Sr3BPO3,8.942787,6.5439043,-1.6293609,14.411435,0.16662464,4.792947,4.4152584,0.14003442,9.641814,0.26442474
mp-9793,Ba3BAsO3,11.148808,6.344405,-2.91631,13.9922085,0.1615745,5.283738,4.614927,0.22354306,9.414438,0.26241407
mp-9712,Ba3BPO3,12.219644,7.5161047,-2.2803836,13.881559,0.15993458,5.109718,4.915859,-0.16195293,9.478127,0.26124677
mp-1191101,KMgBO3,3.9932148,6.251808,-2.4819603,14.118155,0.16743287,2.4460683,4.3305016,0.70679516,10.193959,0.2562557
mp-1020633,RbMgBO3,3.9174323,6.013367,-2.1337113,13.50772,0.17247263,2.5435984,4.8477683,0.062380206,9.396584,0.2584971
mp-1213683,CsCuTeS3,3.0011494,5.9006577,-2.5081873,14.412736,0.16936441,4.8009677,4.6196775,-0.3131117,9.513874,0.2556272
mp-24052,CaMgNiH4,22.48755,24.87332,1.4594902,41.559155,0.075496055,7.3433104,4.9325256,0.24197441,9.623298,0.23525049
mp-18789,TlCo(CO)4,9.052102,4.7130575,-2.1375766,13.861767,0.17942584,3.202565,4.605007,-0.043298207,9.241593,0.2655953
mp-555342,Na2CaSiO4,29.613379,20.77856,0.64098835,43.6546,0.07674802,2.8266754,4.4503584,0.07658966,9.945203,0.26345253
mp-557923,Na2MoSeO6,6.1092567,6.0912123,-1.8646436,14.500747,0.1640748,3.2608933,5.4497523,-0.22712576,9.732688,0.25810158
mp-757447,LiFeSiO4,3.8072755,5.683241,-1.9498564,13.986617,0.15995269,3.037777,4.7832575,-0.5207638,9.704676,0.22021346
mp-704943,Li2Mn3ZnO8,5.9797444,5.815328,-1.6863128,14.129823,0.175276,6.076139,10.202191,-22.295626,34.565254,0.06096599
mp-765588,LiFePO4,5.181266,6.478814,-1.1270751,13.705184,0.15855663,2.6522307,4.271984,0.18982962,9.510945,0.24314547
mp-8351,NaAlSiO4,3.7943172,4.3658547,-1.4686643,13.85605,0.14899296,2.3063896,5.1550517,-0.49220723,9.677503,0.25562134
mp-774797,Li2Ti3ZnO8,36.161438,23.254887,0.2561046,44.567085,0.07533955,5.0005126,4.748973,0.21713349,10.024397,0.23671918
mp-1101197,VPHO5,10.5041065,22.137226,1.2607102,44.212273,0.075930856,4.6843233,4.5335126,-3.1575766,12.454585,0.17886454
mp-1105091,CoBiAsO5,9.249464,5.376855,-2.1334116,14.4477215,0.15401919,4.674043,4.7547817,0.13769229,9.230564,0.25657687
mp-1105212,Rb2AgPS4,4.0800247,6.412942,-1.3622432,14.075985,0.18118928,3.940123,4.494295,-0.33225253,9.343551,0.26055098
mp-1188700,InAsH2O5,5.07713,5.927759,-1.9156716,14.187823,0.16220434,3.369116,5.013612,-0.50108707,9.555667,0.2288436
mp-1210849,Li2Fe(WO4)2,10.629869,6.2269654,-1.6195972,13.699277,0.17563483,4.4361563,4.786007,-0.40792868,9.083054,0.26542017
mp-1213712,Cs2Hg3(GeS4)2,7.4072914,5.5721216,-2.0071528,13.610863,0.17304777,4.671707,4.27827,0.6585256,9.103746,0.2504044
mp-1222009,MgMnB2O5,5.428141,5.856384,-1.7727989,13.90143,0.1789176,3.040731,4.9622602,-0.009687792,9.358666,0.26508552
mp-13361,Cd2Cu(PO4)2,4.5315304,6.4703884,-2.371215,14.385741,0.17152964,3.668404,4.966027,-3.0686872,11.364466,0.19118465
mp-1542939,BaMo(PO4)2,9.168092,6.3882055,-1.604038,13.998053,0.16488637,3.3275633,4.1804442,-3.111728,11.759262,0.16545318
mp-1543276,KFe(SO4)2,4.8130736,7.0997486,-1.7762998,14.513062,0.1754639,2.8974686,5.463092,-2.2841501,11.993206,0.19648106
mp-24620,MgMoH2O5,3.5994759,5.6690774,-1.5604839,13.020039,0.18341292,2.9293053,4.973628,0.060292233,9.35719,0.23882593
mp-24601,Al3Si2H3O10,4.844732,5.6843886,-1.8914347,14.048903,0.18976077,2.9344816,5.3984146,0.13058048,9.544105,0.27301642
mp-25440,VPO4F,9.782874,6.113188,-2.203232,13.857138,0.15554792,4.4553638,4.3700523,-2.7534313,12.150292,0.18748374
mp-504849,Cs2Li2SiO4,6.8067756,5.8510284,-2.1819727,13.650378,0.17009103,2.9797258,4.092559,-0.05473544,9.687135,0.24292074
mp-504864,YCu(WO4)2,11.721578,6.4904213,-2.547704,14.061581,0.17307396,5.1512575,5.0721974,0.018567698,9.391841,0.26391715
mp-505166,ErCu(WO4)2,12.189786,25.066818,1.5676442,42.516342,0.07015497,5.2449594,4.682955,0.113023356,9.868182,0.26017714
mp-552307,Li2Co(WO4)2,11.089142,6.4280615,-2.0365682,14.3890085,0.16135266,4.6511827,4.81355,0.103113085,9.449193,0.24247116
mp-554839,MnBiAsO5,9.421262,5.6168613,-1.5089692,13.635817,0.15585381,4.400888,5.7926226,-0.29135752,9.809618,0.26549655
mp-555234,RbSbBrF3,5.379808,5.3416405,-2.1491408,14.413506,0.18072845,2.8297381,4.688042,-0.53299004,9.794886,0.25142542
mp-555354,KMn(SeO4)2,5.0565805,5.5851974,-2.5256827,14.834269,0.17629644,3.3938563,4.6647773,0.10273868,9.519717,0.2669117
mp-556434,AgBi(PS3)2,14.172923,6.418094,-1.4321831,13.897523,0.15156004,6.879573,4.460502,0.1136544,9.227941,0.2423728
mp-556418,AlSCl3O2,1.139802,5.9215574,-1.8959405,14.162535,0.16539489,2.3733153,4.527364,0.08750593,9.66096,0.2469402
mp-556878,BiPPbO5,17.120424,22.050533,1.1119983,44.870262,0.07365894,4.24692,4.862371,0.5632438,9.1902,0.27706927
mp-557209,NiBiAsO5,8.621328,5.2341027,-2.4126842,14.222199,0.16673028,4.5404806,4.566305,-3.6988072,11.963293,0.19044437
mp-557309,Na3LiWO5,7.0577826,6.482201,-1.8162298,14.31922,0.16341239,3.2820246,4.8420057,0.2656259,9.549716,0.2481768
mp-557618,Rb4CuSi2O7,4.405813,6.23367,-2.157128,13.967559,0.17581832,2.7237725,4.33237,-2.94107,13.10451,0.18914643
mp-558892,MnVBiO5,10.851391,5.9106545,-1.6864476,14.155529,0.1686921,4.9747887,4.266792,-2.602118,11.748494,0.18254334
mp-559106,KLi3PbO4,6.642628,5.6137075,-2.1424596,14.226956,0.15135622,3.8963082,4.4802656,0.14228049,9.069358,0.23901553
mp-559068,Na2Pd(SeO4)2,2.6433864,5.802144,-1.7028736,14.065981,0.15459181,3.1158476,4.988804,0.09093831,9.282997,0.26334617
mp-559126,NaZr2CuF11,5.770067,6.300972,-2.156279,14.141541,0.18814069,2.5035682,4.7762074,-3.4864223,11.692137,0.18106759
mp-559417,LaB2ClO4,8.391148,6.5693016,-1.6748207,14.039244,0.18841606,3.4416306,5.0151043,0.06587153,9.885608,0.25015497
mp-560387,Cs2Al2P2O9,4.7505903,5.697731,-1.6588168,14.483275,0.16845436,2.4363613,5.361189,-0.20696166,9.607516,0.27040792
mp-560675,K6Cu(SiO4)2,4.925957,5.887869,-1.8095372,13.4535265,0.16609204,2.7078552,4.587087,-3.0740814,12.051483,0.20083627
mp-561185,Cs2Sn2Hg3S8,7.2738757,8.048247,-1.4879144,14.647195,0.16627581,4.69715,4.386271,-0.41293296,9.453809,0.2633974
mp-561495,Cs4CuSi2O7,5.3454585,5.0921726,-1.9910405,13.560507,0.1644566,2.9417715,4.4132566,-3.393836,12.145596,0.18818974
mp-561940,Na3Co2SbO6,6.0437107,6.6415653,-2.6224248,13.639415,0.16568995,3.8115704,5.0711775,-2.9563396,11.658066,0.17447987
mp-561400,NaZr2AgF11,6.4347787,5.349293,-2.3984718,13.484657,0.16452722,2.9674282,4.5938473,-3.366429,13.289251,0.16717474
mp-561622,Cs2AgAsS4,4.326905,5.06726,-2.0858238,13.449876,0.16903032,4.2068124,5.5342293,0.516383,9.559557,0.2634601
mp-6278,Zn2Cu(AsO4)2,5.3113413,4.8830013,-1.7458218,13.350434,0.18023305,4.215363,4.567934,-3.284071,11.751387,0.17176619
mp-696379,BH3OF4,2.4823484,7.584713,-2.2525198,13.6936455,0.17106208,1.8308501,4.880172,0.11359871,9.608138,0.25797364
mp-696497,Mg3Si4(HO6)2,2.641388,5.5487995,-1.7693377,13.421467,0.17556478,2.4832947,5.6349545,-0.19453572,9.475498,0.23803926
mp-707735,MgH12(I4O3)2,19.865435,23.886696,1.8229294,45.67179,0.06848384,5.1338897,4.780093,-0.048300486,9.476526,0.2495239
mp-753039,Li4Cr3(CoO4)3,6.5464826,5.966549,-2.1664877,13.630346,0.17082754,6.615892,3.859673,-2.6106443,12.26704,0.16580887
mp-754230,Li3SiNiO5,12.844813,5.4754696,-1.8849456,14.97952,0.16336235,5.4392686,4.502288,-0.20946223,10.020405,0.22480297
mp-755522,Li4Cr3GaO8,10.293444,6.537608,-1.9794286,13.403606,0.16828407,4.346652,4.0429425,0.11597714,9.633129,0.25000975
mp-757075,Li2TiVO4,25.149864,24.200966,-0.85667896,43.920765,0.07622478,7.7085238,4.1715326,-2.928986,11.761874,0.17346899
mp-758280,Li2V3(CO3)6,7.9491796,6.314612,-1.7535715,14.413985,0.17458135,3.779289,4.278243,-2.705968,11.845843,0.18228762
mp-765411,Li3CrSiO5,10.013331,6.144111,-2.331717,14.424075,0.17089216,3.7314079,4.6817484,0.065345235,9.506491,0.24967249
mp-766881,H7SIO10,2.2612004,5.1088476,-1.6311818,14.70254,0.1634527,2.4811444,4.865403,-0.72358704,9.711661,0.2607878
mp-775543,SnPHO5,3.9214547,6.4138412,-2.6409957,14.613353,0.16203244,3.0156448,4.898932,-0.46216875,9.944733,0.26760495
mp-780155,Li9Fe3(OF7)2,5.2728,5.388962,-2.8646278,13.629691,0.16373596,2.4888215,4.198344,-3.0989518,11.393157,0.17519459
mp-8294,Cs2Li2TiO4,7.762168,5.809413,-2.6050708,13.965306,0.15802701,3.2374544,4.9622855,-0.21894716,9.883083,0.24565566
mp-8450,Rb2Li2GeO4,7.227957,6.3876147,-2.1468625,12.82642,0.1765969,2.8540547,5.421506,0.13635042,9.850166,0.28141728
mp-8449,Rb2Li2SiO4,6.8736553,5.8889694,-1.8251737,14.715173,0.16460894,2.715489,5.028802,0.08048826,9.178165,0.25291672
mp-8313,Cs2Li2GeO4,7.1242847,6.2079782,-1.5761454,14.285573,0.16564365,3.085252,4.336652,-0.28351653,9.768107,0.2605361
mp-865973,PHPb2F10,14.43161,5.88378,-2.7669907,14.052922,0.17241177,2.542968,4.3987284,-0.26423818,9.59133,0.2678848
mp-863747,K4P2PdS8,4.2468743,7.409282,-2.6844993,14.492086,0.16053493,3.826242,5.1568327,-0.1864779,9.496844,0.2585165
mp-1019794,K3LiP2O7,4.3689704,5.74184,-1.6315465,14.646287,0.18180647,2.3844569,4.9628057,-0.4533112,9.815114,0.24864234
mp-555318,K2Zn(SiO3)2,5.717561,6.4054127,-1.7360862,15.299633,0.18752863,2.6525657,4.399519,-0.12534374,9.656928,0.25865966
mp-554159,Li2BeSiO4,4.016322,6.1014347,-2.3241143,14.042785,0.16390045,2.7469954,4.196476,0.054692302,9.772581,0.26003698
mp-756520,Li2AlCoO4,4.9342675,6.6837482,-1.7466671,14.310667,0.17854515,3.76207,5.087449,-0.12899572,9.382168,0.25521898
mp-755803,Li2AlFeO4,4.7516375,7.016987,-2.9491427,13.979701,0.16071412,3.7083697,4.7611094,-0.30500782,9.431151,0.24756424
mp-754059,Li2NiBO4,5.3267317,5.7072663,-2.1506815,14.298952,0.18144533,5.181941,5.3233824,-0.16649985,9.851227,0.27661157
mp-763240,LiCoSiO4,3.8617146,5.6044064,-1.9005021,13.733956,0.1705282,4.345008,4.5557446,-3.59971,11.2933855,0.17926364
mp-1078823,Cs2Zr(AgTe2)2,4.132176,5.8935943,-1.4222574,14.185448,0.14905868,5.837253,4.8575864,0.23283982,9.5466385,0.2504579
mp-753300,LiSi2NiO6,10.42074,6.000168,-2.0292356,13.444702,0.16948341,3.3709896,4.4472466,0.3163371,9.69863,0.25933322
mp-752930,LiCu(PO3)2,21.906553,22.969078,2.1865096,45.526978,0.07600897,2.8595695,4.743573,0.029214153,9.590223,0.2648931
mp-753647,Li2Fe2SiO6,9.962722,6.0464926,-1.9804891,14.603377,0.16878949,3.2320814,4.4876466,-0.1330269,9.659953,0.25633076
mp-759216,LiY3WO8,11.221331,6.6832314,-2.1876318,13.935021,0.17069624,4.14278,4.804415,0.15849997,9.78415,0.25606418
mp-752617,LiFe(SiO3)2,9.974809,5.9640474,-2.5916333,14.301053,0.18408948,2.8109436,3.6067417,-2.9770536,11.25897,0.17495829
mp-755289,Li3Y3ZrO8,15.526771,6.476486,-1.1744454,14.269967,0.15791276,3.8793025,4.917873,-0.22190152,9.263798,0.23680595
mp-760364,Li2NbFe3O8,21.126411,22.745644,1.055915,44.979153,0.06733294,4.92405,9.850243,-18.999609,31.504683,0.060709987
mp-771112,Li2Mn3NiO8,5.590057,6.072219,-1.483554,14.217338,0.1847912,5.77996,5.182752,-21.344608,36.073784,0.061505154
mp-766692,Li2Si3NiO8,4.754845,5.6715407,-2.8225598,13.503903,0.15312639,3.1921985,4.6914196,-3.090106,12.347139,0.18622418
mp-775164,Li2NbCr3O8,10.373112,6.3118134,-2.6920002,15.085345,0.18242463,4.6958914,7.910879,-19.870857,30.838177,0.056785196
mp-10413,AgB(CN)4,0.62931097,5.8855524,-1.6671965,14.981781,0.16730249,2.4711087,4.9150534,0.22058353,9.453231,0.24108732
mp-1180119,NaTiCu3Se4,1.0532595,5.710216,-2.4790819,14.463559,0.18477215,6.750248,4.9898577,-0.17019185,8.930601,0.24450777
mp-13590,LiB(CN)4,0.58604515,6.2045403,-2.761656,14.542635,0.16014898,2.1479168,5.2393074,-0.16773956,9.946811,0.26599038
mp-18939,LiCo(CO)4,1.3257917,6.6831717,-2.7517633,14.773728,0.17220658,2.5533543,4.6530895,-0.22276752,9.650663,0.27014816
mp-13589,CuB(CN)4,0.1591401,6.388212,-1.7182609,14.564773,0.162302,3.1630561,5.0773296,-0.2963527,9.44476,0.25165617
mp-555606,Na10Be4Si4O17,5.8818674,5.412842,-2.034919,14.235973,0.17152558,2.5739748,4.655711,-0.58598423,9.595488,0.28442052
mp-644264,Ca4Mg4Fe3H22,10.773005,6.400281,-2.3506277,14.409801,0.16750365,4.8605976,3.941659,-0.38221094,9.208333,0.25143477
mp-866640,LiMgH6Ir,9.681436,6.1575413,-2.1536036,13.475753,0.1729681,4.5326424,4.1017747,0.1583922,9.169608,0.22816435
mp-1180133,NaCaH6Ir,5.193442,6.2526836,-1.7616682,14.753564,0.16887207,3.8892605,5.1427507,0.09314235,9.959221,0.24174434
mp-1182061,BaNaH6Ir,6.6146655,6.324933,-2.0993488,14.318932,0.15608133,3.6727326,4.9071026,-0.12299886,9.541961,0.24616434
mp-1216682,TiNi4GeO8,5.193721,6.459893,-1.8030472,14.134528,0.18003778,4.6950884,3.8114882,-3.272134,12.303225,0.16645655
mp-1215697,ZnCr4CoO8,4.906858,5.953846,-1.8968225,14.11228,0.18679747,5.1138434,4.3514404,-0.3400847,9.055848,0.24383204
mp-1221602,MnZn(FeO2)4,9.457368,6.5470753,-1.7140992,13.908759,0.17163225,5.5543685,6.4175673,-19.526669,33.35503,0.05604753
mp-1221557,MnZn(CrS2)4,2.7732947,6.666857,-2.4539378,15.033598,0.18185286,10.690977,4.702246,-3.3738549,11.562076,0.1849347
mp-1221753,MnCr4CdSe8,2.3120866,6.376461,-1.415636,13.351651,0.15778339,12.5623865,5.8418026,-2.745658,12.705637,0.18008602
mp-1228999,AlCr4AgS8,2.6639311,5.971348,-2.1662502,14.682274,0.16180836,10.751404,4.356325,-2.5098798,12.193069,0.19646913
mp-551629,CsLiMoO4,7.315395,5.785396,-2.0622513,14.231429,0.18053108,2.495862,4.8368497,0.21479993,9.196387,0.24810173
mp-985591,Li6PS5Br,1.2879279,6.9240837,-2.1150777,13.709192,0.16780043,3.6766152,9.057331,-29.130878,49.25398,0.03861661
mp-985592,Li6PS5Cl,1.2590206,6.708503,-2.5176368,13.923792,0.16961439,3.5258327,9.734438,-31.534855,53.414196,0.036479488
mp-985582,Li6PS5I,1.3574773,6.3002424,-1.434442,14.203199,0.16319205,3.9274895,4.8214025,-0.08631974,9.446338,0.24200244
mp-558992,In7GeIrO8,10.940351,6.8035755,-2.2452457,14.976397,0.1731414,8.307606,5.1060457,0.13631916,9.413671,0.25742635
mp-15833,Zn4P6SN12,4.1075444,4.940899,-2.0974152,13.854373,0.17845722,4.490111,4.592749,0.04935195,9.669763,0.24668156
mp-14921,Zn4B6SeO12,4.548837,5.6036057,-1.8217562,14.576765,0.18611835,3.51153,5.045207,0.06396962,9.50246,0.24772452
mp-1208447,Sr4Al6SeO12,6.231535,6.3501062,-2.073096,13.719096,0.17111082,2.8820574,4.370175,0.041580174,9.366614,0.27026442
mp-15312,Ca4Al6TeO12,5.1209636,6.5873365,-2.1690776,14.14134,0.16748993,3.020205,4.9291725,-0.041429542,9.524254,0.24208938
mp-17568,Ag3Sn2(GeP2)3,3.2886157,5.893504,-2.1723228,13.642917,0.15273635,23.71683,10.9796505,-27.43296,49.94065,0.039470132
mp-19259,Sr4Al6WO16,5.2114396,6.150771,-0.9398501,14.423483,0.16680986,2.719262,4.382324,0.14955771,10.062357,0.27815205
mp-19145,Ca4Al6WO16,4.699273,5.59191,-1.4678588,14.79202,0.18365288,2.7343924,4.32034,-0.50582904,9.235619,0.27926227
mp-18310,Si3Ag3(SnP3)2,1.1291727,5.6828084,-2.0078285,14.797395,0.16773988,1.0,4.489298,-0.2626219,9.28109,0.24721797
mp-557537,Zn4P6N12O,4.734327,6.285965,-2.7726178,13.638163,0.16565983,4.416101,3.90364,-0.095287256,9.24757,0.23687553
mp-9392,Sr4Al6TeO12,6.094889,5.4948854,-2.4494512,14.675674,0.17920175,3.054536,4.462924,0.08918984,9.540127,0.23354028
mp-9203,Al6Cd4SO12,3.736693,6.6572943,-1.6888974,13.845323,0.17371984,3.2671428,5.0723667,-0.024165977,8.727818,0.29782706
mp-9535,Al6Cd4TeO12,3.8800118,6.381643,-1.7038571,14.934568,0.18267503,3.5014713,5.0708494,0.09321073,9.408782,0.27089506
mp-8921,Cd4P6SN12,4.576717,5.6557827,-2.5079875,13.326788,0.16035669,4.53806,5.3440914,-0.22164655,9.118293,0.23868611
mp-8877,Sr4Al6SO12,6.1699405,6.376656,-1.7602109,13.695586,0.16856118,2.7970355,4.3214865,-0.08955568,9.018846,0.2516968
mp-6137,Mg4P6SN12,3.8529055,5.615565,-1.8571904,13.038702,0.16467804,3.901093,5.6529665,-0.22112823,9.487799,0.27868542
mp-8876,Ca4Al6SO12,4.219938,6.2451906,-1.8343204,13.800785,0.16124833,2.7967398,4.938896,0.23447013,9.827067,0.24626215
mp-23617,Mg3B7ClO13,5.170494,6.416483,-1.788837,14.813594,0.17397764,2.9286244,5.440014,-0.6330143,9.999006,0.25608006
mp-554048,NaAg(NO2)2,6.2990766,4.784992,-1.1854405,14.446145,0.17230831,2.684556,5.232314,0.090185046,9.715185,0.25472376
mp-997585,La8Al7GaO24,41.573833,22.913517,1.6682642,44.702095,0.06670424,4.789452,3.8157337,0.11762454,9.678224,0.24398535
mp-997589,La8Al7InO24,65.681366,82.68382,3.1245973,153.9413,0.019251509,4.894189,4.887536,0.3232657,9.561372,0.24115418
mp-997591,CsNa7Ta8O24,55.86285,77.67451,5.4781337,155.48898,0.02141411,5.423352,4.6622763,-0.7327608,9.239289,0.27454913
mp-997599,Na8Ta7VO24,380.1524,300.16083,-97.27679,644.98596,0.004447851,5.881181,4.8181076,-0.65227425,10.423133,0.2415697
mp-997586,La7YAl8O24,27.251118,20.668293,0.8270877,44.3365,0.07743977,4.6677027,4.699698,-0.14081503,10.085156,0.2478809
mp-997588,La8Al7BO24,27.184797,19.885416,3.19586,44.12124,0.068461224,4.909827,4.2609034,0.22130266,9.838245,0.28440756
mp-997587,La7ScAl8O24,26.812183,23.872265,0.7569082,42.3103,0.07092754,5.0132785,4.3955946,0.27529502,9.496115,0.2664898
mp-1021504,Ba2NbFeO6,56.81758,84.92334,1.84021,163.81493,0.019013878,5.8890967,4.820951,0.25074655,9.466076,0.2501434
mp-1078410,Ba2ZnTeO6,17.015911,22.894192,0.08225522,45.09316,0.07111731,5.001682,4.380635,-0.04955445,9.264024,0.24970347
mp-1079630,Ba2TaInO6,24.98845,20.057724,1.0075492,44.478806,0.06539804,4.7012486,4.6751194,0.05255578,9.789726,0.2622754
mp-1079583,Rb2NaAlF6,4.3951674,5.3445597,-1.4830447,15.203398,0.17828457,2.063955,4.337422,0.21976158,9.262792,0.23155366
mp-1091394,Ba2NaIO6,11.21133,6.4157724,-2.0907974,14.197355,0.17951196,3.5968058,4.9011383,0.017644877,9.567564,0.25982803
mp-1096926,Cs2InAgCl6,7.5472326,6.3139544,-1.8376647,14.041037,0.17164765,3.582859,4.4488354,0.043834653,9.852853,0.27529806
mp-1110609,Rb2GaAgF6,7.5190773,6.201581,-2.360025,13.934256,0.1638865,2.3993134,5.2741084,-0.60631233,9.520698,0.23993112
mp-1110614,Rb2AlAgF6,6.3846908,6.076,-2.2573404,14.019717,0.17296685,2.272418,4.5801663,0.38228232,9.58326,0.23594804
mp-1110649,Rb2LiYF6,8.0415125,5.8094454,-1.9409157,14.231204,0.16994798,2.1953895,4.796345,0.06536351,9.854971,0.25947267
mp-1110651,Rb2LiSbF6,39.704044,21.23177,0.88158476,45.01035,0.08304895,2.4758794,4.5058002,0.37501082,9.532413,0.27125987
mp-1110656,Rb2LiBiF6,10.737173,6.347856,-1.2690029,14.220162,0.1733569,2.4026275,4.345328,0.0504946,9.8550205,0.2499696
mp-1111110,K2LiScF6,8.08238,6.0625887,-1.7738374,13.970258,0.154325,2.1827788,4.9957924,0.10290846,9.999352,0.25615907
mp-1111112,K2LiGaF6,6.3554196,6.3064046,-1.5287291,14.569717,0.17013897,2.1355438,4.304043,-0.39182767,9.415012,0.24109313
mp-1111433,Cs2NaScCl6,5.932824,6.86444,-0.9435086,13.951739,0.17087264,2.849088,4.580962,-0.262923,9.642072,0.25259852
mp-1111665,K2LiRhF6,6.2578697,6.649473,-1.9680204,13.674837,0.16465555,2.4626918,4.8675346,-0.82028097,9.65597,0.27143222
mp-1111926,K2LiIrF6,6.0421796,6.1837144,-2.5155342,13.227402,0.15490246,2.4107192,4.3571777,-0.4707945,9.245408,0.2596779
mp-1111927,K2LiCrF6,5.848284,5.522463,-1.4827713,15.103132,0.17646557,2.2508383,4.9995246,-3.5456238,12.173292,0.18519528
mp-1111952,Cs2AlTlF6,9.492097,5.494809,-2.708224,13.691263,0.17340162,2.4993265,4.5098934,-0.34979814,10.0997095,0.25213495
mp-1111928,K2LiAsF6,17.792936,24.928701,1.4277093,44.615337,0.06831071,2.410945,4.1329556,-0.28816974,9.523044,0.24063651
mp-1111979,Cs2NaRhF6,4.4543376,6.391263,-3.1781638,14.235065,0.16564575,2.526268,4.833569,-0.15054418,9.740151,0.24521434
mp-1112288,Cs2YAgCl6,8.720234,6.0312357,-1.7045983,14.132804,0.15977414,3.0708423,4.8644743,-0.021205457,9.242615,0.23851635
mp-1112340,Cs2TlRhF6,8.106549,6.3627005,-2.106214,14.536731,0.17022736,3.163749,4.476213,-0.014637116,9.809106,0.24710827
mp-1112596,Cs2NaAsF6,11.807882,6.0102158,-1.9252073,13.643559,0.15224734,2.5001218,4.442565,0.009677546,9.315765,0.24640839
mp-1112622,Cs2ScAgCl6,8.009917,6.5653906,-2.2731473,14.163849,0.17013584,3.337635,4.7146063,0.016184464,9.705985,0.2619792
mp-1112940,Cs2AgSbCl6,10.052337,6.3941383,-3.2501404,14.506377,0.16270576,4.2615595,5.1026683,0.026704272,9.323651,0.23344707
mp-1113016,Cs2LiInF6,23.020435,23.729603,1.3791157,46.651154,0.07170286,2.394805,5.043974,-0.22908606,9.647436,0.25287917
mp-1113150,Cs2TlAgF6,7.478974,7.0863237,-3.402014,14.489331,0.17547251,3.3843145,4.365413,-0.49395964,9.594187,0.26320693
mp-1113115,Cs2ScAgF6,7.4997253,6.221026,-2.5400016,14.2645445,0.16788176,2.5519235,4.367182,0.45666122,9.810354,0.240979
mp-1113137,Cs2KAsF6,7.543231,6.788246,-1.5097685,14.075886,0.17583402,2.4129028,5.5398164,0.16208784,9.070602,0.261622
mp-1113588,Cs2InAgF6,7.243916,5.7371807,-2.051496,14.140786,0.18178348,2.572321,4.754935,-0.07864516,9.62169,0.26622728
mp-1113578,Cs2AgAsBr6,13.493173,5.5236244,-2.354082,14.5248785,0.16733004,5.903455,4.8463917,-0.29684854,9.031106,0.2581921
mp-1113583,Cs2GaAgF6,6.473665,6.7640114,-2.2317653,14.1865635,0.17908129,2.571726,5.3700686,-0.012322595,9.365534,0.24792144
mp-1113614,Cs2AlAgF6,6.526753,5.6649694,-1.4683183,13.737578,0.17880628,2.4681213,4.771136,0.22249374,9.482136,0.24599351
mp-1113669,Rb2NaScF6,6.52045,5.9964256,-2.2142026,13.96269,0.17334257,2.153936,4.8439927,0.31693488,9.457912,0.26825592
mp-1113675,Rb2NaIrF6,4.3534393,6.0991287,-1.6934416,13.713168,0.16442865,2.3366349,5.1673684,-0.009105081,9.704149,0.2601644
mp-1113707,Rb2LiRhF6,9.208022,6.365074,-1.8439738,13.981966,0.17516336,2.5310526,4.7291536,0.12410586,9.921778,0.23533797
mp-1113703,Rb2LiScF6,8.721323,5.4456244,-2.0021737,13.7898655,0.1822014,2.2636158,4.388608,0.17248985,9.214378,0.2521184
mp-1113693,Rb2LiTlF6,7.9662237,5.973122,-1.8419416,14.085288,0.15176433,2.3907313,5.555894,0.09771833,9.694374,0.254657
mp-1113733,Rb2LiInF6,6.857169,5.609861,-1.6613381,14.397329,0.16595802,2.231558,4.856879,0.24445748,9.259147,0.24870002
mp-1113928,Rb2LiScCl6,11.691538,5.768956,-2.1075149,13.923162,0.18711619,2.965009,4.671113,0.021897063,9.447632,0.2894044
mp-1205541,NaScTl2F6,42.292145,21.487938,3.1773868,45.818165,0.07066037,2.8938162,4.839729,0.05554086,9.994623,0.25633
mp-1205671,Ba2TaFeO6,41.40775,21.714603,-1.5183523,44.090927,0.07574797,5.513169,5.2966785,0.17744148,9.240348,0.25351328
mp-1205823,Ba2ScTaO6,42.0059,18.299452,0.6212875,43.190628,0.07554407,4.961261,5.4690237,-0.35012832,8.732853,0.26522672
mp-1205825,Ba2MgMoO6,19.249619,22.910946,1.5445578,44.605602,0.06473828,4.801792,4.8850307,-0.2197473,9.658916,0.26269555
mp-1205833,Ba2NbRhO6,20.014704,23.315996,1.1347647,45.740364,0.06751896,7.704161,4.6925263,-0.24685074,9.217275,0.2660814
mp-1206097,Ba2ZnMoO6,35.331112,23.939915,0.8838299,43.088326,0.07375096,5.2676544,5.1489773,-0.20962727,9.34237,0.24238317
mp-1206176,Rb2NaCuF6,4.3665395,6.0388904,-1.8283205,13.588916,0.18404588,2.5711784,4.203636,-2.8077743,12.259641,0.18882282
mp-1206535,Cs2RbCuF6,5.52451,5.7668867,-0.9859461,14.11757,0.17607857,2.6286235,4.4160576,-3.1190329,12.163152,0.18020889
mp-1206644,Ba2ScNbO6,58.528908,77.175064,12.38542,156.83968,0.01956906,5.2784796,4.380925,-0.25577024,9.335445,0.26775068
mp-1207120,Ba2LiIO6,17.863125,21.938135,-0.6139622,45.542706,0.060906,3.7752342,5.0234036,-0.58773965,9.336223,0.26582566
mp-1207213,K2LiCuF6,6.9077544,5.502759,-1.6005104,14.900653,0.15923168,2.8184822,5.57983,-3.535573,12.768505,0.18654412
mp-1228067,Ba2ZrSnO6,24.051668,22.544292,0.5621359,44.17971,0.067956224,4.669066,4.9919586,0.0803548,9.046448,0.25212
mp-13925,Cs2NaYF6,6.7732115,6.199702,-1.8086042,14.243065,0.16359682,2.2499769,5.353445,-0.3914634,9.39268,0.23168941
mp-13800,Cs2NaTlF6,6.0966644,6.1925783,-1.8280048,14.338073,0.15516004,2.4031487,4.548761,0.15516849,9.936696,0.25236824
mp-13898,Cs2NaInF6,5.1425133,5.834553,-2.281084,15.19713,0.1563222,2.2884536,5.047809,0.18751192,9.710332,0.27464288
mp-14037,NaTl2RhF6,16.219997,25.578896,1.5851581,43.20742,0.07516599,3.1542547,5.1593,-0.016358785,9.420925,0.25486085
mp-14038,Rb2NaRhF6,4.328842,6.20618,-1.6064883,14.631206,0.16354989,2.3703356,5.325711,0.1974782,9.530297,0.25097162
mp-18986,Ba2MgWO6,16.511932,19.800903,0.34574556,42.9197,0.08369542,4.3701315,5.2659206,-0.044173907,9.963632,0.24473399
mp-18992,Ba2MnTeO6,14.506776,6.0089083,-1.8028047,13.691116,0.17064385,4.5683866,4.51541,-0.08182442,9.660354,0.27022406
mp-21084,In6Ga2PtO8,9.048277,5.5727134,-1.5501411,14.5365305,0.15001607,7.934293,4.3537235,0.23360617,9.307796,0.26150966
mp-22186,In6Ge2PtO9,15.567205,25.085735,0.120568834,44.52547,0.06608246,7.3891606,4.5808806,-0.19903994,9.86233,0.2761598
mp-504723,Ba2NiWO6,15.619571,6.319085,-2.4213324,14.663319,0.15552181,4.7664123,4.962375,0.16589485,9.726628,0.24779776
mp-541097,Zr3Pb(O2F3)2,21.732128,24.911285,1.2681848,44.394814,0.06927778,4.3049145,4.1807823,-0.005806494,9.55268,0.24479723
mp-548615,Ba2ZnWO6,26.879095,22.478014,1.8275397,45.66029,0.07223717,4.756625,4.922076,0.33976856,10.170507,0.26356655
mp-552567,Ba2NiMoO6,18.182055,23.732185,0.043202415,45.675667,0.072622016,5.2681174,4.8657713,0.085585184,9.670259,0.2549619
mp-558895,Cs2KVF6,5.8330617,5.967688,-2.3383775,14.741869,0.17708309,2.2980886,4.596216,-2.157179,12.413104,0.17555377
mp-560936,Rb2NaCrF6,4.480824,5.449269,-1.6050572,14.009041,0.19198444,2.2159681,4.565609,-2.6966012,11.612726,0.17532346
mp-560956,Cs2KCrF6,5.138766,6.0823603,-2.2131953,14.4348755,0.16370934,2.3162718,3.9432826,-2.9851408,12.337286,0.17431818
mp-558078,Rb2NaFeF6,5.2444086,6.7023396,-1.71091,14.671899,0.1623339,2.223513,3.2816696,-2.2702806,11.88172,0.17256017
mp-559454,Cs2KFeF6,4.6327543,5.8992367,-1.5165173,13.830638,0.16521028,2.3827693,4.715019,-2.7568405,11.964539,0.19190232
mp-560790,Cs2NaBiF6,7.2148156,6.275438,-1.6648653,13.395239,0.17534757,2.4157937,5.1139097,-0.11718796,9.733605,0.25166363
mp-567652,Cs2LiYCl6,10.21039,22.57778,2.7008302,44.268826,0.0752856,2.8739848,4.286503,0.007045377,10.186841,0.2604214
mp-560963,Rb2NaMoF6,5.700753,5.5274515,-2.2921839,14.210544,0.16571887,2.180358,4.129299,-2.9916403,11.819727,0.17390303
mp-561561,Cs2KRhF6,4.970636,4.7244635,-1.3481499,13.739492,0.16367081,2.4487894,4.781368,0.47655836,9.403027,0.27039194
mp-6204,Cs2NaScF6,5.6816134,6.20859,-2.051486,13.588094,0.17330399,2.3177044,5.3080397,0.0909768,9.8256035,0.2518863
mp-6270,Ba2LiReO6,23.01926,23.872889,-0.91519994,42.150673,0.065600015,4.6626964,4.509781,-0.14816266,9.645085,0.2573304
mp-6586,K2NaAlF6,5.2995877,6.7195787,-2.0066426,13.541721,0.182438,1.9685078,5.188833,-0.012095228,9.56238,0.2644906
mp-6968,Cs2KCuF6,4.8655877,5.3732724,-1.6563525,14.843298,0.16952047,2.605247,4.6903768,-3.3395312,12.761591,0.18139017
mp-9839,K2LiAlF6,6.1524534,6.3250237,-1.677746,13.990417,0.16729824,2.0493546,4.1485233,-0.38659742,10.00537,0.2658111
mp-989400,Rb2NaGaF6,4.756119,6.5606966,-2.1234403,13.732152,0.17371339,2.1291726,4.7463336,-0.34326008,9.350866,0.24690345
mp-989405,Cs2LiInBr6,29.442354,23.676874,-0.7948224,41.59946,0.06697444,3.5275538,5.3418036,0.2501405,9.747899,0.2719328
mp-989523,Rb2NaAsF6,7.61267,6.145524,-1.3038579,13.764398,0.16495255,2.3443084,4.7709665,0.019514851,9.098578,0.25276878
mp-989541,Rb2NaSbF6,11.531914,6.104398,-2.1162875,14.45177,0.16306378,2.3322613,4.7290316,0.17341718,9.215031,0.25058958
mp-989531,Cs2KGaF6,5.540167,6.6238594,-2.2096422,14.32088,0.16473241,2.2395444,4.4929876,-0.050525725,9.4156885,0.29202127
mp-989548,Rb2NaTlF6,10.170194,6.558845,-1.836392,14.007119,0.16206501,2.231594,5.037157,0.07644121,9.374327,0.23533098
mp-989535,Cs2AlInH6,23.80272,24.234495,0.3003331,44.48046,0.06689168,6.575427,4.764144,-0.32140774,9.496833,0.25811848
mp-989561,NaTl2GaF6,18.434393,19.856155,-1.4551425,44.3574,0.06403135,2.9067006,5.1558466,-0.13025722,9.590836,0.27148092
mp-989571,Cs2NaInCl6,6.1182947,7.2057953,-1.4814982,14.312651,0.16545667,2.813844,4.7175903,-0.068795666,9.801415,0.27021775
mp-989551,LiTl2InF6,24.41726,23.618755,2.1846266,42.36075,0.07773841,3.0741546,4.7290525,0.0982989,9.426207,0.24940264
mp-989558,Cs2TlGaF6,9.853691,6.13939,-2.3835337,13.939398,0.17413452,2.5878708,4.1335974,0.24336979,9.95336,0.24011785
mp-989562,Cs2LiTlF6,13.88839,6.7166204,-2.214078,14.300495,0.16860147,2.5514817,5.1754475,0.040057976,9.808772,0.24866611
mp-989577,LiTl2GaF6,29.859108,23.235947,-1.034921,45.206104,0.06958458,3.0710375,5.1870904,-0.082941525,9.460569,0.26287267
mp-989575,Cs2AlTlH6,18.091812,23.238672,1.4705604,45.325226,0.07123676,5.707299,4.61864,0.4192601,9.293918,0.25794712
mp-989618,Cs2RbGaF6,6.4910154,6.3261147,-1.371326,13.5404415,0.18264325,2.234597,4.682369,0.2075658,9.474918,0.22022389
mp-17972,Zn2Hg2OF6,8.122722,6.234003,-1.509138,14.631548,0.17905283,3.76997,4.6924753,-0.18985958,9.521825,0.23995665
mp-10811,NaSr4(BN2)3,9.981837,5.177887,-1.409701,13.827141,0.15107945,4.0841947,4.8633695,0.105733566,9.744689,0.2581305
mp-7971,Ba4Li(SbO4)3,24.520317,23.420547,1.9258351,44.545097,0.06804986,4.4961705,4.962983,-0.17639068,9.528098,0.23402381
mp-6273,Ba4Na(SbO4)3,23.77509,21.93663,1.2463411,43.81243,0.07222167,4.3926053,4.4730635,-0.1970589,10.126307,0.245371
mp-9723,Sr4Li(BN2)3,165.05618,83.706436,-2.4007971,153.76814,0.019500872,4.1610293,4.7076306,-0.012528367,9.166917,0.2738507
mp-6799,LiCa4(BN2)3,10.831528,4.5097594,-2.2145607,13.543942,0.17503886,4.3865004,4.3886147,0.05538245,9.663882,0.28061667
mp-9705,Ba4Na(BN2)3,14.723004,5.051657,-1.7990019,14.7562065,0.15248244,4.353971,4.6373367,-0.38369188,9.757544,0.26403397
mp-569114,BaAg2SnSe4,6.5020313,5.7109723,-1.9205735,14.764636,0.15479936,7.952862,5.02468,0.5254281,9.331017,0.2524881
mp-569790,BaAg2GeSe4,5.8322763,4.9103756,-2.1214564,14.013239,0.14810118,7.9044986,4.965122,-0.029458717,9.601918,0.2736587
mp-555166,BaAg2SnS4,6.6336417,5.856621,-2.287051,13.955998,0.17778005,6.6403966,5.287204,-0.2237137,9.589386,0.27558646
mp-755254,LiFe2(ClO)2,9.511048,5.0007944,-2.1240122,14.215803,0.17429258,4.0670595,4.5341663,-4.9366474,11.468211,0.18412147
mp-1020630,Rb2Na(NO3)3,14.638231,6.290024,-3.3965425,13.215946,0.16623476,2.1773818,4.828698,0.11640429,9.49761,0.2534852
mp-1101327,SrTaNO2,46.39645,23.438812,-1.9894227,44.86951,0.06406268,6.4638057,5.5038424,0.11936495,10.422278,0.25304598
mp-559653,SrCa(CO3)2,6.2378554,5.574745,-1.4054188,14.719972,0.18409564,2.7861297,4.9440403,0.07954236,9.6875,0.24519868
mp-555976,Na2TiSiO5,6.281967,5.653825,-1.4998966,14.469279,0.16179773,3.2614925,4.5735445,-0.44486243,9.6930895,0.25677234
mp-554929,CsNdNb2O7,21.457705,26.641443,-0.5560738,43.411797,0.07639823,4.554967,4.6814523,0.022392288,9.643408,0.27863786
mp-556340,CaTaNO2,81.0441,76.95062,-2.5922327,161.29674,0.02278734,6.877942,4.954178,-0.22499935,9.715554,0.24151714
mp-634059,H4CSN2,3.660113,6.3247194,-1.8732388,14.404955,0.15675795,1.8754532,4.6587777,-0.11266698,9.949441,0.2676828
mp-721896,H4CSN2,4.37638,5.8392763,-2.1056838,13.993742,0.1595965,3.0375779,4.43266,0.0715865,9.49645,0.27142432
mp-757248,Li2FePO5,5.1835427,5.0499773,-1.4572119,14.34672,0.15131061,3.382796,4.797721,0.019655682,9.2465925,0.27814355
mp-863758,K2SrCdSb2,7.3503804,5.683855,-2.2667365,14.621665,0.16333875,10.661371,5.0804815,0.37540632,9.719531,0.25437036
mp-554012,SClO2F,0.72953504,5.94368,-2.7528193,13.986442,0.16243967,2.0613098,4.3956456,-0.047390778,9.468534,0.2507366
mp-560829,Na2BeSiO4,7.135948,6.439165,-1.299387,14.4079895,0.17550363,2.7208722,5.2372,-0.13348703,10.02558,0.26036853
mp-560334,NaAlSiO4,3.0204868,5.8466835,-1.2447162,13.583348,0.1638687,2.3863277,4.8625984,0.058358714,9.559352,0.2539147
mp-6015,LiSiNO,4.173429,6.5438957,-2.163212,13.985988,0.17429124,3.352089,4.441179,0.10759211,9.696167,0.2538048
mp-6955,KGeNO,5.0660076,5.673298,-2.4005947,13.727443,0.17537817,3.571353,4.696721,-0.13850324,9.63969,0.25689653
mp-554432,ReSbOF10,2.069127,6.2094393,-1.6505321,14.442615,0.16853374,2.1108754,4.648145,-0.22153518,10.327773,0.25912696
mp-756502,LiV(TeO4)3,20.147669,24.185738,-1.0796471,45.84836,0.065740556,5.0190306,4.804882,-0.3190802,9.579158,0.24169943
mp-755674,Li4V(TeO4)3,26.299673,21.08562,-0.2633301,43.406113,0.064997606,5.0884295,4.338118,-3.9058433,11.2806225,0.18338628
mp-758389,LiNb(TeO4)3,10.653337,5.995968,-2.6709232,13.860053,0.16477928,4.43315,4.155299,0.3172718,9.295792,0.24988969
mp-764607,LiV(TeO4)3,14.799428,5.412992,-1.8780373,13.858508,0.16897023,4.958875,4.7777386,-0.17383444,9.346761,0.25551182
mp-756622,LiY3WO8,10.843077,6.0218267,-1.8244897,13.824791,0.16225842,3.9334004,23.216192,2.9052737,42.025047,0.08181667
mp-756432,Li2Ti(TeO4)3,11.014509,5.5138063,-2.148067,14.405514,0.16652998,4.4645166,5.417593,-0.079809815,9.419672,0.26774427
mp-849223,LiNb(TeO4)3,7.763977,5.5899734,-2.0552676,13.130395,0.16169752,4.463974,4.9994583,0.16226229,9.649694,0.28032696
mp-777779,Li4Mn(TeO4)3,14.084326,6.4644322,-2.6668243,14.136783,0.1564276,5.8484015,4.585946,-3.3153284,11.476129,0.18010278
mp-765958,LiFe(Si2O5)2,4.1246843,5.398963,-2.427527,13.367532,0.1637855,2.8900816,4.277016,-3.0664732,12.230963,0.19070427
mp-1106310,Cu2SiHgS4,4.987669,5.5490346,-2.3252602,14.629758,0.161626,9.210226,4.5934315,0.09964425,9.747699,0.28826925
mp-1188784,Li2CdSnS4,3.1310809,5.7361994,-1.4586128,14.855454,0.17000277,4.9079657,4.089214,-0.11797499,9.673684,0.24193248
mp-1103527,BaBClF4,5.057804,5.140706,-1.1329384,13.588975,0.16433135,2.371574,4.3933673,-0.36898297,9.4899025,0.23366317
mp-1188827,MgCu2SiSe4,2.151929,6.1473207,-1.9035147,15.029809,0.18028465,8.06911,4.5231295,-0.41591382,9.834729,0.25812745
mp-1189383,Li2CdGeS4,3.146499,7.7083807,-2.6339688,14.655567,0.15386726,4.857576,4.8491592,-0.2679611,9.346773,0.23356265
mp-1210796,Li2MnGeO4,3.7395923,6.2118206,-1.9023182,14.289271,0.17654885,3.2740943,4.490248,-0.37575257,9.776667,0.2841247
mp-1210797,Li2MgGeO4,3.253762,6.1697407,-1.838608,14.572119,0.16792692,2.9413009,5.2942495,0.13130988,9.35421,0.238133
mp-12023,MnCu2SiS4,2.0256164,6.3829184,-2.0447068,14.356556,0.18466972,8.037466,4.9758897,-3.0068896,12.3770275,0.1735434
mp-1210804,Li2ZnGeS4,2.8983986,5.2242527,-1.9012066,14.138307,0.16231908,4.8611264,5.4210854,0.5456768,9.9574375,0.23911719
mp-1210923,Li2FeGeO4,3.8146465,6.1360817,-2.0203307,13.789939,0.17860687,3.3072166,5.293928,-0.052419305,9.636093,0.25567654
mp-12797,BaBe2Si2O7,7.011411,5.9305105,-1.8124484,14.925236,0.17759259,3.025435,4.8558087,-0.30651754,9.112712,0.23901631
mp-13982,CdCu2GeS4,2.7429445,5.7249546,-2.1304839,14.675368,0.1712786,8.9920635,4.3804607,0.5891419,9.483776,0.26004902
mp-18968,Li2FeSiO4,4.704535,6.6389537,-1.2554877,14.373911,0.17382754,3.1827972,4.8140554,0.2902088,9.547831,0.2556948
mp-20474,MnCu2GeS4,2.0191996,6.8691716,-2.6680892,14.055313,0.17299154,9.467861,5.124066,-2.97299,11.791127,0.17634109
mp-27047,Li2CuPO4,4.222057,6.388377,-2.2181385,14.341154,0.17455952,3.195407,4.5561233,0.20373274,9.38896,0.2594799
mp-555150,KTa(BO3)2,10.046174,5.722107,-0.9800606,14.382017,0.16249095,3.212688,5.147053,0.189423,9.233904,0.24805856
mp-554105,CdAg2GeS4,3.4068673,6.339941,-2.5319328,13.571921,0.17458895,7.001349,4.5192976,0.37167895,9.651198,0.26196393
mp-568970,K3SnIrCl8,4.681341,6.420974,-2.05797,14.545818,0.17079984,3.1081922,4.837688,0.26042563,9.781714,0.24848703
mp-620033,BaCu(SeO3)2,7.0244775,6.899124,-2.4210825,14.511754,0.1795486,4.2141676,4.209963,-2.6787443,12.355518,0.18797952
mp-560625,RePbClO4,40.254547,26.469158,0.5414519,44.164425,0.061318994,4.131949,4.59229,0.27320716,9.501565,0.24686727
mp-559240,Li2MnSiO4,3.8583803,5.845276,-1.5111649,14.399047,0.18820915,3.1847386,4.401512,0.0130891595,9.705849,0.27424422
mp-557574,Cu2HgGeS4,4.6679835,6.1519194,-1.347064,14.855567,0.17804356,10.947054,23.427446,3.4111328,39.444603,0.087996155
mp-752524,Li2CrSiO4,4.126241,7.549122,-1.0732633,13.347258,0.16555832,3.2991138,5.2158375,0.23333059,9.609957,0.24775308
mp-720570,Na2PH11O8,2.4938715,6.451168,-2.6734285,14.598642,0.1712596,2.171119,5.194148,-0.35266244,9.501152,0.25452107
mp-6257,CsNb(BO3)2,6.4820414,5.7865906,-1.1384686,13.848982,0.18357144,3.396093,5.2932568,-0.04287118,9.659792,0.2405952
mp-6356,Cd2GaAgS4,3.679941,5.3521643,-2.1684372,13.923712,0.17791417,6.3888664,4.9635086,0.40419334,9.447108,0.22621803
mp-6449,CdCu2SiS4,2.7897325,5.73252,-2.5176482,14.053131,0.16685475,7.4355927,5.020672,0.2647018,9.299122,0.23733889
mp-7688,Li2CdGeO4,4.1227694,6.2417755,-2.0104136,14.15007,0.18825331,3.5065422,4.9698515,-0.18852544,9.587215,0.24425976
mp-849504,Ta2CrNO5,29.087053,20.952868,0.0025937483,45.365234,0.0776108,6.7420926,4.7772255,0.22034648,9.47455,0.23006417
mp-9309,CsTa(BO3)2,10.777932,6.6524286,-2.2031283,14.023223,0.17564435,3.396559,4.723896,0.028760232,9.482103,0.25892383
mp-9066,NaLi2AsO4,3.2470777,5.6446295,-1.4330318,13.740883,0.15769966,2.702169,4.7695165,-0.05177739,9.707295,0.2803019
mp-14730,NaSiSbO5,7.036676,6.400105,-1.8797705,13.635034,0.16415985,2.9082153,4.7259235,-0.09522644,9.503217,0.23824993
mp-17709,Na2ZnSiO4,5.405468,6.7165484,-1.5067832,14.285984,0.17660613,2.7635493,5.1562457,-0.18722115,9.037524,0.25191057
mp-16135,Sm3NbS3O4,14.873311,5.7909303,-1.8891144,14.329144,0.17308085,6.7201962,5.0648074,-0.6351061,9.721037,0.25787395
mp-17685,Li3GaGeO5,3.775475,6.5463724,-2.1836145,14.500907,0.1888441,3.1117709,5.0612044,-0.04623258,8.856033,0.24258941
mp-18591,KZnPO4,6.176107,6.297654,-1.6657785,14.054743,0.1517122,2.5490098,4.6046805,0.14653544,10.005915,0.23348032
mp-16996,Li3GaSiO5,3.7058394,5.663807,-2.3241997,14.402046,0.18210325,2.8972254,4.8223553,0.114372075,9.380337,0.25819734
mp-24468,H8S(NO2)2,4.061528,5.5563064,-2.0716727,13.994526,0.17309314,2.2942085,5.0247173,0.07489458,9.8141985,0.26616955
mp-26057,LiMnPO4,3.0380356,7.3358164,-2.1936672,14.497892,0.15680534,2.6221635,4.3053646,-3.4318366,11.564753,0.16779996
mp-23894,LiAs(HO2)2,2.9930162,6.462553,-1.749615,13.984421,0.16797264,2.4908423,4.544298,-0.29682657,9.702913,0.27126414
mp-26989,LiCoPO4,2.92236,6.401214,-2.605405,14.059682,0.18850525,2.8195953,5.175864,0.272972,9.413051,0.25881773
mp-505321,CsNb(CuTe2)2,2.7306108,7.1851664,-1.4767588,13.634943,0.16886753,7.421921,4.8600583,-0.39048702,9.675595,0.25840703
mp-510760,LiCoSiO4,4.1126695,4.4115677,-2.2862937,14.384751,0.16532707,4.263044,5.056241,-2.2761695,12.457325,0.17893912
mp-556503,LiH3CO3,1.6908922,6.1371884,-2.492548,13.887627,0.21031007,2.145426,4.869555,0.13178095,10.032765,0.2464167
mp-554288,NaPH4O5,3.6984828,6.5485005,-1.9716985,13.930876,0.16746043,2.2504687,4.5823574,-0.165259,9.782337,0.2555507
mp-555076,KNaSnF6,3.4581492,6.259268,-2.4058113,14.058732,0.155298,1.9320384,4.6298013,0.08425417,9.856618,0.25696155
mp-558085,KNaGeO3,7.127529,6.2009726,-1.9319991,15.03693,0.16627689,2.8304746,4.8927193,-0.20053871,8.881019,0.2536969
mp-556786,LiCdPO4,6.208654,5.851014,-2.7271938,13.756373,0.17975731,3.03701,5.229535,0.48479894,10.072588,0.25172222
mp-558807,ZnAgPS4,3.1013925,6.450536,-1.7460351,14.214549,0.15956749,6.1935277,5.3082323,-0.01310353,9.082461,0.25351143
mp-559934,LiZnPO4,3.1532989,5.3695765,-1.5857675,14.962859,0.1711923,2.6692474,4.018448,-0.41074008,9.776062,0.2532447
mp-559053,NaY(SeO3)2,7.5305653,6.376608,-1.7629647,13.405415,0.16599813,3.3519652,4.1742535,-0.5741829,9.764223,0.26757514
mp-560614,KLiSO4,6.5404043,5.720929,-1.6531743,13.910477,0.16614084,2.195181,4.8034124,-0.12793875,9.512625,0.23115665
mp-616566,Li2VPO6,5.5530796,5.628552,-2.2881656,13.586908,0.1811968,3.4181228,3.882152,0.21324608,9.736932,0.2612146
mp-6426,Na2MgSiO4,5.095453,5.81042,-1.6675671,13.590038,0.17414665,2.5200844,4.6489463,0.051796563,9.572097,0.2556977
mp-696210,BH5CN2,6.313457,6.447754,-1.6342864,14.045864,0.16602995,2.2790177,5.2201934,0.062074363,9.462113,0.250941
mp-697592,BePH3O5,3.9770944,6.513128,-2.1965027,14.2371855,0.17095514,2.3373237,4.269534,-0.15311535,9.2989025,0.2561695
mp-7324,KBePO4,4.8909082,6.04692,-2.2504036,13.369379,0.17914191,2.4660647,4.3684015,-0.35742968,9.542985,0.25562268
mp-757406,LiFePO4,3.1580877,5.898507,-2.5164983,13.756696,0.17127767,2.6688683,4.749305,-0.24606577,9.595959,0.25452366
mp-757204,LiMnPO4,10.762807,6.175497,-2.0413032,13.1406145,0.16660197,2.9887445,4.526108,-0.53986967,9.569321,0.27765557
mp-755392,LiSnPO4,214.44122,269.4563,-127.72966,664.6523,0.0044603636,3.1528218,4.658555,0.0864254,9.753461,0.28377113
mp-758574,LiFeSiO4,3.2569323,6.3235593,-2.4417791,14.483099,0.18492216,3.1302154,4.463788,-2.7481203,11.866084,0.16605984
mp-758602,LiFeSiO4,5.4660225,6.323863,-1.426067,14.038071,0.18643047,3.304931,4.1448507,-4.105312,11.313438,0.177724
mp-758499,LiFeSiO4,3.336043,5.372967,-1.7369426,14.596812,0.15319835,3.2072666,5.0110536,-16.526628,33.643852,0.05973451
mp-758703,LiCoSiO4,3.6650152,4.8501654,-1.6409305,13.542273,0.17552356,3.901761,4.94551,-2.571065,12.134831,0.17806886
mp-765470,LiMnPO4,7.686034,6.0768223,-2.0291376,14.420401,0.19789062,3.0457838,5.171139,0.34198737,9.887611,0.25936484
mp-766229,Li3VSiO5,4.678685,5.981578,-1.8703715,13.981043,0.16987856,3.3795266,4.9226384,-3.904945,12.204889,0.18406703
mp-765289,LiSnPO4,8.995748,6.782464,-1.6841174,14.251309,0.17011185,3.475792,3.7396622,-0.15827307,9.228767,0.24937195
mp-765579,Li3FePO5,3.84495,5.36897,-1.9455643,13.615424,0.17113559,2.8456378,4.0936527,-2.9282308,12.421212,0.18877782
mp-768020,Li2MnSiO4,3.7429087,6.2882595,-1.9087662,14.44828,0.15405236,2.9950433,4.3219543,-3.5092812,12.310179,0.1766047
mp-768521,Li3CrBO5,5.381282,5.5821314,-1.4711206,14.465261,0.17677046,3.6696973,4.38735,-3.514876,12.406419,0.16118607
mp-768849,Li3VBO5,5.192668,5.843116,-2.0790715,14.743285,0.16510448,3.5188181,4.5694075,-2.7288184,11.884911,0.16240767
mp-770553,Li2AlCoO4,4.6440725,5.9504213,-2.3663728,14.242063,0.15883726,3.804155,4.943179,-2.7230737,12.010097,0.18537505
mp-776397,LiMn2PO5,6.33781,5.9437575,-1.7408754,13.968406,0.17303406,3.2510743,9.190616,-18.625473,34.274307,0.057277456
mp-774639,Li2MnSiO4,3.9839563,5.4000945,-1.4817386,13.830536,0.16784981,2.9632506,4.881897,-2.678624,11.48395,0.1767669
mp-770707,Li2AlFeO4,3.7805285,5.196664,-2.1898165,14.087734,0.17961061,3.3749166,5.9537663,-3.0215585,11.677889,0.19213393
mp-778061,LiCoSiO4,3.741223,6.9097404,-2.6407344,14.167171,0.14870395,3.8842325,4.3959265,-3.5367599,12.977154,0.17436515
mp-861055,LiMnPO4,3.033088,5.7689505,-2.4470134,13.944957,0.17465694,2.6308799,5.422434,-2.823387,12.12096,0.16834459
mp-553923,K2AgSbS4,7.1826835,4.819329,-1.823739,14.144188,0.16318598,4.8870697,4.6705294,-0.23404735,9.662939,0.23030426
mp-557387,Sr2TmNbO6,12.99925,5.9043903,-1.5136318,14.422279,0.15984052,4.655422,5.2319384,-0.14644837,9.70664,0.24711834
mp-8673,Li2SnTeO6,10.105178,5.513131,-1.5390693,13.981923,0.16564853,3.8379765,4.8023887,0.07446099,9.789164,0.26368284
mp-756117,Li2TiTeO6,17.112394,23.225822,0.99330753,46.603317,0.07162668,4.6064553,4.691198,0.25114584,9.165053,0.26871398
mp-1218032,TaCu3(SeS)2,0.28105587,6.212585,-2.0456095,14.761631,0.18979056,6.455877,4.7051764,-0.042095564,9.332161,0.25353467
mp-1220452,NbCu3(SeS)2,0.2905505,5.579976,-1.5273155,13.826985,0.15403649,6.8186407,4.8744297,0.1272894,9.993806,0.23220311
mp-10990,Al4CN3O,4.1541386,6.7727795,-1.8797076,13.3435545,0.17213319,14.826099,4.0599036,-3.1053588,12.009773,0.17500992
mp-1020019,Li2PNO2,3.7725725,7.055999,-1.8633643,13.960773,0.1748624,2.9762876,4.513122,-0.048944402,9.683564,0.256079
mp-11738,Na3PS3O,5.8084826,4.7930217,-2.0648148,14.17701,0.15006705,3.458649,5.185574,-0.07010293,9.479254,0.25728106
mp-1190450,NaNbSe2O7,11.549238,6.3078337,-2.5836806,14.389722,0.16833115,4.019206,4.5622396,0.08999834,9.578879,0.27915874
mp-1207861,VCd2BiO6,11.777463,5.672676,-2.1917999,14.26495,0.16630143,5.0504713,4.519483,0.4209219,9.398331,0.26090255
mp-1205397,Ba2YInSe5,8.729366,5.2842703,-1.8718343,13.288936,0.17119618,6.932823,4.562514,0.29234713,9.289707,0.25472626
mp-19422,Na3VS3O,5.297285,6.2152042,-1.9727437,14.534063,0.16920984,3.9788663,4.721547,-0.31908387,9.008596,0.25362933
mp-14364,Cs2LiAsO4,6.177603,5.945597,-1.8951361,13.68116,0.16376212,2.8261654,4.839692,0.23106802,9.833144,0.2497495
mp-18722,Cs2LiMnO4,6.4760017,6.836172,-2.0098114,14.226465,0.17790194,3.1883998,4.834811,-0.050452672,9.10723,0.24250363
mp-14363,Rb2LiAsO4,5.899012,5.026958,-2.1936684,13.822752,0.17981808,2.6363564,4.30713,0.04534807,9.164377,0.26987967
mp-19123,Rb2LiVO4,6.0074115,6.4169683,-1.9309478,14.29335,0.15673019,2.824617,4.987918,0.19947156,9.707672,0.25147656
mp-542168,Cs2CoSiO4,5.9432282,7.2978134,-2.762678,14.182934,0.17125453,3.0732183,4.789853,-0.20864923,9.340039,0.2553685
mp-541190,Cs2LiVO4,5.9197907,6.316276,-1.6688107,13.054374,0.15919772,3.0050302,4.433787,-0.23165779,9.221779,0.24730864
mp-554381,Ca2VBiO6,9.022555,5.002451,-2.167107,13.670971,0.16980177,4.0587173,5.05231,-0.16542646,9.665516,0.27513808
mp-556653,Cd2BiAsO6,11.732406,6.364504,-2.436015,13.809814,0.15662137,4.4876842,5.1697245,0.065758154,9.930394,0.24811238
mp-554472,PNClF,0.62884086,5.7373223,-1.9378603,14.067295,0.18461227,2.2656803,4.8790817,-0.47609222,9.276293,0.25541312
mp-555867,BaNb2Bi2O9,83.32442,73.53791,3.4030986,155.82458,0.020290527,5.9968657,5.1422668,-0.5036795,9.500538,0.23733708
mp-556866,Ag2HgSI2,5.7891545,6.249468,-1.6735251,13.571675,0.15684184,5.8990126,4.132452,-0.17374519,10.037328,0.28598338
mp-557070,Ca2BiAsO6,8.953542,5.2479887,-2.5184832,13.949368,0.18078676,3.760122,5.1285896,-0.014678388,9.600193,0.2489966
mp-558401,Na5WNO4,9.086601,6.16369,-2.2566416,13.6395035,0.17556499,3.1388116,5.217697,-0.29086986,10.476009,0.25166777
mp-559366,PBrNF,0.62453985,5.878955,-2.5589216,13.76083,0.20377085,2.428397,4.6227245,-0.106447645,9.628879,0.26973262
mp-707304,Be4Si2H2O9,2.8265924,6.1249275,-2.1396303,14.122629,0.1724456,2.672028,4.5014195,0.028760986,9.515524,0.2557699
mp-761267,Li2VOF4,11.464087,6.9492664,-2.6720943,13.567852,0.17116773,3.3489532,5.085919,-3.7533507,11.503257,0.18086751
mp-761106,Li3V(FeO3)2,44.150116,22.54578,-0.82502866,45.783745,0.06438337,4.487978,4.569918,-3.5114324,12.76761,0.18457387
mp-865492,LuCuPbSe3,77.12728,89.24109,1.3128014,154.65446,0.018979393,11.764546,4.9692726,0.22238448,9.328808,0.26077998
mp-864638,Ba2InBiS5,21.12735,23.557287,0.6490592,46.233566,0.08029765,6.6643167,5.271014,0.27737167,9.7483635,0.2510905
mp-865269,TmCuPbSe3,60.066376,78.48506,-1.9419703,162.4478,0.022891069,11.58909,4.75038,0.21180919,9.843057,0.26907516
mp-757939,LiFeCO4,25.581066,23.908459,3.1236842,43.241535,0.07171204,3.0902102,4.144902,-2.6010966,12.267932,0.17189871
mp-1040450,Li5P(S2Cl)2,6.328808,7.1709895,-1.5100139,14.13187,0.1551636,3.8163395,4.0009565,-0.13119298,9.541316,0.25018987
mp-1217378,TePb3(ClO2)2,31.475365,22.18039,1.8056477,44.60724,0.07268395,5.4194074,4.4376554,-0.16752522,9.323128,0.2650226
mp-1220821,NaBi3(BrO2)2,22.490147,23.629108,2.1468065,45.325428,0.074776486,5.454101,4.589901,0.20103838,9.471337,0.25251326
mp-1220823,NaBi3(IO2)2,22.018648,25.99321,-0.2650934,43.723778,0.070929356,6.314799,3.924314,-0.3040651,10.0049925,0.24200875
mp-559847,Ag5P(S2Cl)2,54.937885,21.105133,2.3305767,44.064564,0.06635992,6.521868,4.932666,-0.5901701,9.189911,0.2542284
mp-557391,Na2Ca2(CO3)3,5.6124215,6.5654335,-2.6054723,14.3358755,0.1676588,2.5488644,4.5767756,-0.418921,9.846705,0.2599851
mp-758191,Li2Fe2(CO3)3,6.9032974,5.8386207,-1.4609089,14.43247,0.16781655,2.8919518,5.2379627,0.18320648,9.58543,0.2641771
mp-8084,NaNb6O15F,42.28311,23.46172,0.08843825,47.0853,0.06781152,6.520947,4.288456,-0.059013322,9.585099,0.26627582
mp-643759,GaH3NF3,4.4839587,5.5094414,-1.5696223,14.1592655,0.16949694,2.3494637,5.1072283,-0.11539149,9.550087,0.25056556
mp-10517,LiScP2O7,4.678558,6.0845284,-1.784102,13.986975,0.16119869,2.7893949,4.939312,0.10667154,9.702794,0.25231612
mp-1105300,TlSb(PS3)2,15.322841,5.8837843,-1.8549874,14.319372,0.16961448,6.2169604,4.433582,-0.09463279,9.298979,0.25863793
mp-1105142,TlSb(PSe3)2,16.159403,6.548379,-1.7026396,13.617768,0.15548395,8.501423,4.7648554,0.058807667,9.470124,0.24875583
mp-12011,KTbGeS4,6.4427485,4.955516,-1.3949419,13.798611,0.17368528,4.70012,4.9382668,-0.12632085,9.385175,0.24812418
mp-13538,KPrSiSe4,6.0571117,6.2894964,-1.4620445,14.603986,0.1718854,5.2975664,4.996442,0.12977786,9.775395,0.2781315
mp-17128,CsTb(PO3)4,4.2731695,6.828242,-2.6524744,13.809191,0.1641174,2.565527,4.358097,0.022084126,9.653902,0.2489355
mp-17894,Rb3Sm(PS4)2,4.603659,6.443174,-1.8480808,13.869276,0.20049006,3.910577,4.1382527,0.19895041,9.902524,0.25700787
mp-17770,CsPr(PO3)4,4.3620605,6.641697,-2.1144269,14.051782,0.14602937,2.5209577,4.5487576,-0.058140934,9.746956,0.2628568
mp-16773,KTb(PO3)4,4.8346643,6.5538316,-1.9723792,14.266977,0.17294791,2.6719596,5.117116,0.24516685,9.6098,0.2686227
mp-18168,TlZnPO4,10.568516,5.0369015,-2.5670702,13.887229,0.1794216,3.3337376,4.7162914,0.2858115,10.070935,0.25028047
mp-18311,BaTeW2O9,17.745863,7.078512,-2.0985506,13.922032,0.15897647,4.361472,5.31335,0.112351604,9.385248,0.25095534
mp-18463,RbZnPO4,5.2739544,5.4194765,-1.5419185,15.367407,0.17178021,2.6017463,5.06464,-0.79510134,9.459045,0.2508872
mp-17605,CsNd(PO3)4,4.305918,6.282791,-1.1975973,14.034759,0.18247071,2.5308416,5.1694164,-0.041197386,9.457708,0.25556958
mp-18572,KEr(PO3)4,5.04487,5.2484593,-2.45777,13.989466,0.1803059,2.6772473,4.610758,0.046899386,9.89759,0.2694014
mp-23849,Li2H2SO5,3.8926184,6.296697,-1.0530107,14.550051,0.16324791,2.231144,4.149206,-0.41027567,9.874208,0.26155716
mp-19294,LiFeP2O7,4.7856464,6.6939335,-2.765137,14.029691,0.17214663,3.1441984,3.616179,-3.361858,12.046928,0.18633707
mp-21097,KLaGeSe4,4.14161,5.9869213,-1.3707676,14.022575,0.16863893,5.651614,4.180784,-0.3579174,9.320686,0.25182644
mp-18578,TlZnAsO4,10.3525505,6.8450184,-2.166586,14.278874,0.16997506,3.6913853,4.929345,-0.16731541,10.09186,0.25722158
mp-19103,LiCrP2O7,3.5213914,5.4195437,-1.9611558,14.149977,0.16912653,3.0653982,4.8923817,-3.0038526,12.163058,0.17013809
mp-18661,KY(PO3)4,4.8889804,5.1538525,-1.411818,13.973283,0.1744964,2.6725137,4.795285,-0.27938715,10.0311165,0.24384712
mp-18953,NaV(OF)2,15.440287,22.805304,0.34657967,43.85944,0.06519122,3.4455917,4.952021,-0.15064894,9.909142,0.24395764
mp-24165,Li2H2SeO5,3.1673348,6.080258,-1.6160594,13.796216,0.1679135,2.4072948,4.8299685,0.19705456,9.521311,0.26895437
mp-26416,LiV(PO4)2,24.117987,19.952984,0.26667324,44.675804,0.07668201,5.9792433,4.8504844,0.0301598,9.856697,0.25967917
mp-26783,LiMn(PO3)4,8.930115,4.892173,-2.2954924,13.509473,0.15990348,2.6527863,4.576402,-3.2689297,11.9749155,0.17097396
mp-540312,Li2V(PO4)2,10.763541,6.525898,-2.8452368,14.961816,0.16639498,3.9535174,4.5915537,-3.2909594,12.414689,0.17671162
mp-505349,KCuPO4,4.5612636,7.159996,-2.5827832,13.548702,0.17451091,4.279058,5.552859,-0.38275668,9.378621,0.26988012
mp-504340,LiSb(PO3)4,7.100277,5.6372504,-1.3349115,13.946986,0.17803335,2.5852818,4.492144,0.16758448,9.829512,0.2434758
mp-554138,Pr2SbO5F,17.407204,22.612907,1.0422827,45.153564,0.06348497,4.3709507,5.2380366,-0.2702846,9.5402155,0.24893643
mp-557437,KBi(PS3)2,9.660161,6.440094,-2.1621144,15.409554,0.16708535,5.6505294,4.6092443,-0.32784227,9.167797,0.27276748
mp-556592,TlBi(PS3)2,18.019875,23.311848,-0.6548783,43.82317,0.07342816,6.8222756,4.7740564,0.05810223,10.170513,0.24451958
mp-557728,KCu4AsS4,4.1385474,6.312231,-2.1675375,13.809871,0.15320158,8.207496,4.68927,-0.14240481,9.780643,0.2552738
mp-556609,KSb(PS3)2,6.3160863,6.2558002,-2.214387,14.359403,0.1834923,5.080313,4.2823324,0.05763655,9.732356,0.25511232
mp-558917,LiMoIO6,8.767657,5.1250515,-1.5236609,15.255004,0.14854155,4.31437,5.0789027,-0.55593765,8.9610615,0.26560655
mp-558102,KLiSi2O5,4.773562,4.4164944,-1.6051947,14.128113,0.16740666,2.4699326,4.7489414,0.22596537,9.647832,0.25974065
mp-6433,KNd(PO3)4,4.543256,6.9623084,-2.9311476,14.266825,0.18559714,2.6494434,4.2492237,0.6331331,9.685211,0.25440568
mp-673070,LiNb(PO4)2,15.052298,5.8049498,-2.511632,13.911099,0.16819385,3.7846823,5.100271,-0.36157808,9.650742,0.27453914
mp-673126,LiSb(PO3)4,11.278434,6.4409924,-1.6197164,14.089765,0.1705937,3.06788,4.886271,-0.35312638,9.484027,0.24544738
mp-696946,BaSn2(HO2)2,7.1251493,5.2032785,-2.5297565,14.103639,0.16832405,4.388062,4.7703867,0.10457853,9.906492,0.24614523
mp-7123,KSb(PSe3)2,6.562031,4.806236,-3.0092628,14.589168,0.20183803,6.7169237,4.9810677,0.20120366,9.856688,0.25735363
mp-752506,NaFeP2O7,5.2521176,6.180578,-1.7859339,14.402665,0.15445699,3.1385214,4.887087,-0.30200288,9.379704,0.26525807
mp-753262,Li2CoSi3O8,9.255431,5.749775,-1.5841851,14.845989,0.17453241,2.8019,4.975767,-0.27943903,9.357325,0.25347713
mp-755488,SrTaNO2,101.62422,70.46992,-6.726647,156.56042,0.020286191,7.557339,5.9812155,0.061408952,9.247461,0.25091222
mp-753960,Li2H2SeO5,2.0595973,5.8848133,-1.5123048,14.100358,0.17148702,2.3524666,4.6225686,-0.051839687,9.541244,0.25779653
mp-757948,LiV(OF)2,8.226571,5.8471985,-2.1748352,13.972257,0.17427848,2.812061,5.3679914,-0.009220901,9.429478,0.26648706
mp-758637,Li2CoSiO4,3.6152394,5.6659985,-2.3125038,13.883195,0.16409528,3.1469464,4.324318,-0.07457139,9.283733,0.26023304
mp-760684,LiTeHO4,6.8476186,6.251141,-3.1097157,14.195797,0.16724493,3.4516442,5.0246835,0.5796407,9.29548,0.27359477
mp-763588,LiFe(CO3)2,10.540988,6.28358,-2.516773,13.303245,0.18014629,3.1049669,5.704391,-2.9277406,12.417236,0.18120904
mp-765230,LiVOF3,6.5449843,5.860197,-3.1015391,13.537918,0.18188561,3.2012887,3.9411917,-2.4106593,12.558935,0.17734098
mp-770967,Li2MnP2O7,5.1578803,6.0055423,-1.9499799,14.298309,0.17530532,2.6112046,4.7911882,0.29145795,9.662278,0.2440411
mp-779348,Ta2CrNO5,24.283968,23.077578,3.0458465,45.186867,0.0738346,6.6844645,5.562482,0.4069349,9.836298,0.2710725
mp-779070,Li2NiP2O7,44.64232,24.211351,0.7901815,45.272724,0.07536552,2.6969619,4.3463182,0.007827947,9.754114,0.23407005
mp-8491,LiInP2O7,3.7825282,6.182497,-1.8932827,13.870429,0.16335501,2.7010868,4.8460183,-0.077040985,9.944933,0.28351918
mp-861606,KLaSiSe4,6.4731765,6.421911,-2.6144226,14.332193,0.18303074,5.2069993,4.390894,-0.5162849,9.434133,0.25531447
mp-863754,KYSiS4,5.7836037,5.901347,-2.49123,13.875799,0.16859312,4.5183787,4.854507,-0.16600402,10.1698065,0.27880532
mp-861938,KLaSiS4,6.763247,7.350728,-2.0214875,14.561395,0.1575081,4.4379373,4.2979345,0.12790355,10.109625,0.26828125
mp-863755,KYGeS4,6.4459925,6.156498,-2.2072003,13.8006,0.16198446,4.6816006,4.8143415,0.010039437,9.884193,0.26119965
mp-9427,NaYP2O7,5.1197295,6.551256,-2.2743065,13.920172,0.16832417,2.6064413,4.780411,0.12630464,9.543012,0.23939206
mp-984604,TiPHO5,10.571202,6.5347347,-2.0114636,13.246576,0.15474775,4.1365576,4.395467,-0.1073221,9.597249,0.25765845
mp-976313,K3V(SO5)2,5.108513,5.76902,-1.74443,14.142334,0.16051531,2.455451,4.3313694,0.0085271485,9.551673,0.25442296
mp-985571,LiAg(CO2)2,4.9647965,6.3549786,-2.7159617,14.833073,0.17265685,3.016716,4.357849,0.05671588,9.405794,0.24896947
mp-1191811,BaZnTe2O7,11.8690195,6.9418125,-2.3963778,14.163914,0.1818364,4.316467,4.7994137,-0.3088937,9.416237,0.26837072
mp-1106233,KNb(CuS2)2,9.880964,6.168847,-2.4321716,13.7042885,0.16893782,5.112087,4.705753,-0.10861338,9.770986,0.2524926
mp-10091,KV(CuSe2)2,11.365948,24.371603,1.7735476,44.89031,0.06507184,7.042734,4.524764,0.011482325,10.119159,0.25542042
mp-1103709,Rb2Cd(IBr)2,4.1956234,5.713331,-1.7335753,13.858239,0.16799365,2.9838781,4.4876614,-0.47204778,9.458808,0.25504708
mp-11925,RbTa(CuSe2)2,4.0347133,6.9073167,-2.828559,13.482491,0.16034631,5.4715195,4.8298345,-0.12971568,9.3742075,0.259106
mp-15998,RbV(CuS2)2,3.6609256,6.084326,-1.3915536,14.303309,0.1674143,5.637204,4.9033394,0.1004951,9.33916,0.2611588
mp-16179,SrCu2GeSe4,4.6919293,6.953685,-1.7449125,13.887185,0.16876987,10.114687,4.361275,0.17443177,9.892941,0.27118897
mp-12364,BaCu2SnSe4,4.6904383,6.346984,-1.8399861,14.974724,0.17591225,11.048179,5.009039,0.13456546,9.423284,0.25266278
mp-555836,Sn2PClO4,23.523338,23.446304,1.1624049,44.396545,0.07140361,4.272266,4.9831877,-0.1156132,9.762596,0.22916298
mp-571288,KTa(AgSe2)2,8.474257,7.001239,-2.1624537,14.135645,0.16785401,4.7981586,5.2394094,0.31009263,9.454797,0.25323358
mp-6013,KTa(CuSe2)2,18.354988,22.921062,3.0098307,45.300285,0.06412514,5.6438293,4.4954376,0.026931284,9.643005,0.25682008
mp-567177,KNb(AgSe2)2,16.258345,5.7012663,-1.8398712,13.515224,0.17110655,5.102215,4.7692146,-0.06089475,9.762183,0.25619873
mp-6376,KV(CuS2)2,7.392565,5.357042,-1.9451518,13.878336,0.15956658,5.885994,4.749751,-0.16381946,9.982292,0.24386445
mp-6599,KNb(CuSe2)2,13.995046,5.889517,-1.803501,15.223742,0.1743415,6.039871,4.9569283,0.2801065,9.270876,0.25192505
mp-757107,Li2Fe2Si2O7,5.5189195,5.835454,-2.2827334,13.872699,0.1687941,3.2685764,5.1723127,-0.025404906,9.7414255,0.24961941
mp-6181,NaNb(CuS2)2,24.007242,22.541302,4.7579455,45.67737,0.06487175,5.029841,4.5813537,-0.26885915,9.19333,0.24352242
mp-6507,Na2Zn2Si2O7,4.7614784,8.214787,-2.1277397,14.567815,0.15374613,2.8389406,3.9952888,0.029517524,9.631159,0.24186641
mp-758341,Li3Mn(CO3)3,6.078009,7.562888,-2.5571308,14.216408,0.15621752,3.361952,5.177084,-2.1614437,12.937148,0.2010664
mp-859108,Li2Mn2Si2O7,6.775479,5.534295,-1.690712,14.176483,0.16154508,3.1318214,3.9884658,0.17890225,9.47657,0.2543498
mp-861942,Ag2GePbS4,20.660006,22.433681,1.6609933,45.705013,0.07145264,8.573124,4.4727745,0.15150823,9.737389,0.25829545
mp-865532,BaMgTe2O7,11.321702,5.555893,-1.6120471,14.174293,0.18688893,4.0803123,4.980692,-0.4776066,9.3897,0.26821756
mp-1219758,Rb2CrBrCl3,4.4779744,6.1297708,-1.8067396,14.437399,0.1682947,9.465713,4.6286364,-3.5769572,11.745649,0.18607938
mp-17307,K2Hg3(GeSe4)2,6.840877,6.8608885,-2.2007382,14.694768,0.18032616,6.2725673,4.6732206,0.055493366,9.928739,0.26058894
mp-17792,K2Hg3(GeS4)2,6.6410646,4.951712,-1.5142232,13.516714,0.18039195,5.1330733,4.7422967,-0.104306474,9.43007,0.26702398
mp-1217825,TaTl3(SeS)2,15.676661,6.5413785,-1.380712,13.999463,0.16413374,6.889237,5.3670874,0.27738312,9.146133,0.2863934
mp-766262,H20C3(N2O5)2,3.9554741,6.2935276,-1.9747413,13.718964,0.15862952,2.3461564,4.863619,-0.2961336,9.441712,0.26194084
mp-549308,LiGeBO4,6.345195,5.952367,-2.0234206,14.423346,0.16966358,3.0245557,4.3073664,0.28672302,9.265724,0.24554771
mp-1191341,Te2H2O3F4,4.965249,6.6859627,-2.1057405,14.363937,0.15281881,2.9247203,4.945408,-0.270681,9.892678,0.25262493
mp-1189227,NaAl(PS3)2,3.094084,6.92042,-1.805178,13.970151,0.1918857,4.432025,5.102374,0.27970672,10.08157,0.25437874
mp-1190487,Na2Zn(SnS3)2,4.343094,5.832224,-1.7598039,14.468773,0.19361715,4.7446036,4.3480372,0.009954018,9.37311,0.2503493
mp-1185571,CsAs(HO2)2,4.361269,6.8448343,-2.0329523,14.320813,0.16512483,2.4859312,4.4019794,-0.40278438,9.307174,0.2726325
mp-1210128,NaCr(PS3)2,2.2620332,5.2833776,-1.7393364,14.652812,0.16983806,5.130197,4.261277,-2.475919,11.294236,0.18478824
mp-1220029,PH6NO4,5.0036206,6.3572736,-1.5602535,14.207271,0.15757713,2.3082712,4.6597385,-0.11198565,9.511247,0.24328576
mp-23959,KP(HO2)2,4.965178,4.8839054,-1.9786575,13.541622,0.15723264,2.2781146,4.5929275,-0.47402865,9.4278,0.28225857
mp-25971,LiMnPO4,9.272331,6.366106,-1.9161565,14.0074835,0.1661877,3.014641,4.2239866,-3.0927963,12.0592,0.18519951
mp-23667,RbP(HO2)2,4.724489,5.3952475,-1.6719823,13.666669,0.16573447,2.2689028,4.870309,0.27824765,9.583022,0.26153308
mp-6675,Na2Zn(SiO3)2,3.6177585,5.6357656,-1.4996195,14.096236,0.1832535,2.6053174,4.580471,0.1739383,8.922945,0.24882874
mp-754838,Li2Cr(CO3)2,4.976744,5.6380224,-2.2714844,13.80685,0.17367241,2.6933572,5.0520325,-3.6629508,11.365275,0.16101797
mp-763489,LiVPO4,8.525727,6.4952974,-1.9243511,13.703619,0.15783158,3.156691,4.8826904,0.25425982,9.40324,0.2655052
mp-1105201,Ba5In4Te4S7,7.3523173,6.5015593,0.006203751,15.071822,0.16510761,6.529506,4.4391365,0.35660318,9.914852,0.2312683
mp-1218762,Sr2Li7CuN4,6.3909683,6.54865,-1.5140226,14.325295,0.16439612,7.427961,4.348425,0.1498623,9.804662,0.25510868
mp-561446,BaCa(GaO2)4,9.326579,6.347578,-1.3719138,13.995571,0.16879365,3.5340033,4.931713,-0.10296858,9.771253,0.25660613
mp-757350,Li3VOF5,6.9312043,6.5726185,-1.2001394,13.884801,0.1714705,2.212107,3.9803758,-3.4574914,12.417523,0.19828689
mp-643814,Zn2SiH2O5,3.3186734,5.1377964,-1.3545859,13.824211,0.16513123,2.798756,3.9731028,-0.0676182,9.786997,0.2581265
mp-561395,Na2FeNiF7,84.4996,71.61308,9.7400875,152.29889,0.021249874,2.2391257,3.9181535,-3.4837713,12.253912,0.19043253
mp-554206,Cs2Al2As2O7,4.8805737,5.986914,-2.7033484,13.876795,0.16547106,2.8926191,4.922391,-0.23077153,9.74907,0.25689104
mp-557414,BaSi6N8O,8.48993,6.516842,-2.2454448,14.446436,0.15777293,4.237501,4.7075133,0.08084477,9.730873,0.25112048
mp-752498,Li2VOF5,11.850884,5.635869,-2.4290514,14.915514,0.15642998,2.2530046,4.794917,-0.124887794,9.812953,0.26097253
mp-1217830,TaTlWO6,247.46324,294.9506,-80.67513,709.34546,0.004439452,5.3035846,4.7259216,0.18849951,9.126015,0.23928274
mp-1216623,TlSbWO6,27.507952,25.350994,1.2173067,44.44086,0.068178296,4.7785673,4.891552,-0.26042965,9.330412,0.25810066
mp-1219606,RbSbMoO6,15.40294,6.425518,-1.0688019,14.788289,0.18401599,4.337034,4.182061,0.0663666,9.865939,0.25561208
mp-1219568,RbCNO,3.673643,6.2631507,-1.2866918,14.224555,0.17281012,2.286608,4.8689113,-0.28483373,9.482517,0.2706737
mp-1106089,Ba2InGaO5,13.711255,22.338604,1.1849176,43.11411,0.07701686,4.3470116,5.0187793,-0.83263445,9.889967,0.25884503
mp-1225916,CsCNO,3.9825954,5.025715,-2.3610516,13.909497,0.16795595,2.3685598,5.0375023,-0.17366388,9.3539715,0.25753748
mp-19931,Na2MgAlF7,11.035067,6.9214253,-2.3162775,14.814954,0.16417292,1.8952891,4.462982,0.48996112,9.661336,0.2710431
mp-1048325,Ba2YCr3O7,15.534218,6.153083,-3.1169574,14.236522,0.18040916,5.905114,4.68211,0.016797863,9.866022,0.25178036
mp-1213697,CsBi(MoO4)2,69.96341,77.02498,-8.50169,146.68579,0.019966444,4.1782336,5.18235,0.11440397,9.796203,0.26625678
mp-1019566,Ca3ZnGe5O14,19.581188,25.08093,0.9473287,44.546326,0.06541632,3.6131725,4.5874496,0.3279463,9.777463,0.25836188
mp-1020141,Na2Al2Si3O10,29.527884,22.270777,2.0021636,44.78656,0.08565084,2.4445572,4.837056,0.004779284,9.213333,0.2514636
mp-1020715,Sr6Y2Al4O15,16.657341,19.246487,0.87413305,42.911976,0.070897765,3.496161,5.434614,-0.19044578,9.383909,0.26423573
mp-1103351,Na4Mg(SiSe3)2,5.9933324,7.0497923,-2.362988,14.156658,0.1711124,5.163235,4.3002596,0.05937948,9.462287,0.24828877
mp-1103473,CsCrP2S7,5.4097853,6.4789867,-1.7673846,14.639421,0.1697069,4.8936996,4.9868345,-3.6965573,12.061611,0.18463318
mp-1103730,Na4Mg(GeSe3)2,6.855833,5.415937,-2.2684805,13.671013,0.16176665,5.7071924,4.3991385,0.25574473,9.599953,0.27007687
mp-11131,K2Hg3(GeS4)2,6.2182508,6.9099064,-1.6059974,13.919793,0.16885543,5.1471405,5.255974,0.076412976,9.428156,0.26040792
mp-1171010,CaFe2(SiO3)4,5.7169533,6.8676453,-1.7826116,14.307241,0.18703605,3.5032485,4.3770514,-2.7733033,12.512457,0.16952673
mp-1218418,Sr3Se2(ClO3)2,5.8389273,5.129344,-2.5459676,13.645501,0.16580294,3.0516746,5.300729,0.017384736,9.67919,0.27366588
mp-1221169,Na4Ge2PbS6,9.702791,6.108782,-2.3939648,13.837517,0.1643097,5.3358502,5.880191,-0.35349986,9.29933,0.23921753
mp-1221146,Na4Si2PbSe6,8.71801,5.660159,-1.4750011,14.125841,0.17483859,5.976012,4.6517134,-0.36830983,9.598649,0.23981851
mp-1221151,Na4Sn(GeS3)2,11.366783,22.2615,1.3248748,42.963123,0.07744783,5.7082214,4.725131,0.030867852,9.896381,0.24503492
mp-1222462,Li4CoTeO6,13.3198805,5.508369,-2.0435038,14.217548,0.1668745,3.6808586,4.607484,-2.827462,12.271569,0.17787856
mp-1226281,CrAg(PSe3)2,2.5127919,5.6709633,-1.8126712,13.946869,0.16140586,9.081076,4.796998,-3.7700713,12.13878,0.18089463
mp-1226455,Cs2GeB4O9,5.3985457,6.2539883,-1.7392288,14.418119,0.19270031,2.6105807,4.5520205,0.080799714,9.630072,0.25987935
mp-1228964,AlAg(PSe3)2,3.828769,5.7086096,-2.2866235,13.7203045,0.1583934,7.4816704,4.420732,-0.5739171,10.199698,0.26416698
mp-18878,LiFeAs2O7,21.940908,19.138834,1.2272159,44.00125,0.08071441,3.9648027,4.6943207,-2.4991043,11.742472,0.17633075
mp-26181,LiFeP2O7,15.185208,23.880968,-0.037724573,45.627365,0.07553568,3.4850335,4.238286,-3.3354235,12.252744,0.16827768
mp-26251,LiVP2O7,30.90825,22.930424,3.4033847,47.00649,0.07477675,3.3275044,3.7449884,-3.1765156,11.55594,0.18508352
mp-22583,KInP2S7,11.264275,19.399368,0.44466284,43.856293,0.06668589,4.7679715,4.3520164,-0.45501173,9.760967,0.25243714
mp-26293,LiMoP2O7,4.1768637,6.9625235,-1.9723619,14.23603,0.16656289,3.1265206,5.101098,-2.7154114,12.41279,0.18311532
mp-27035,LiCrP2O7,14.111594,5.7757597,-1.9307876,14.305256,0.18699625,3.3683805,4.6900244,-2.396053,12.622142,0.17055075
mp-27043,LiCoP2O7,8.16884,5.856964,-1.3835914,13.502836,0.17838751,4.8043494,4.566208,-3.066899,12.114392,0.1779991
mp-27031,LiMnP2O7,6.886718,5.7377605,-2.0946121,13.850738,0.17498018,3.9056582,4.9314537,-0.45015836,9.735485,0.24558489
mp-552663,LiScAs2O7,7.553856,6.7589746,-2.604154,14.806626,0.17183942,3.4851806,3.9994483,0.093961805,9.92709,0.24881315
mp-551826,NbTlBr4O,12.206256,6.8239193,-1.752057,14.197463,0.1760738,4.4605155,5.2799554,0.29399213,9.3288765,0.25347346
mp-547017,LiAlAs2O7,8.325668,5.8417726,-3.7700336,13.6461935,0.1715544,3.3471665,4.7723083,-0.15481159,9.553099,0.26083943
mp-545346,LiGaAs2O7,6.895841,5.258819,-1.7256044,14.325343,0.16810523,3.5796943,4.748791,0.1919363,9.398735,0.24064735
mp-550925,NaScAs2O7,13.258612,6.0775604,-2.168375,14.478641,0.17919672,3.4018247,4.4122343,-0.0987143,9.774352,0.2695148
mp-551135,BaCuB2O5,5.3049335,5.774542,-2.8279743,13.860508,0.15863983,3.9510145,4.8001237,-3.8414965,12.0667515,0.19159298
mp-561075,Na2CdSnS4,3.4997776,6.5027027,-2.2104056,14.771609,0.14768523,4.4671164,4.50206,-0.096491665,9.391608,0.23433973
mp-557632,K2LiBO3,7.7606926,6.8597345,-1.9911007,14.196128,0.17103915,2.5566096,4.734084,-0.070990615,9.425176,0.23963872
mp-610992,HgC2(SN)2,1.8259181,6.7755404,-1.6327494,14.058752,0.17763175,3.69795,4.5739117,-0.30136356,9.81385,0.25774273
mp-7147,KCrP2S7,7.4792194,6.601717,-2.857698,13.0843525,0.16781862,5.2614603,3.951296,-2.68712,11.996763,0.1746182
mp-753752,LiMn2(PO4)2,6.052842,5.8387356,-2.0872848,13.075144,0.16569363,5.9399724,4.072363,-1.9025398,12.741778,0.1698476
mp-753710,Li5Fe(SiO4)2,3.9845448,4.690195,-1.7330296,14.856532,0.17516495,3.02345,4.7124386,-2.435101,11.8315935,0.19241919
mp-755256,LiBiB2O5,32.62338,21.580109,0.3932951,45.938763,0.07757643,4.391488,4.997196,-0.35807303,9.44379,0.26195538
mp-757956,LiP2WO7,3.893115,6.2549133,-1.7504901,14.5620775,0.16820586,3.027454,5.728897,-2.800239,12.038882,0.16068837
mp-758141,LiFeSi3O8,4.239619,5.8117876,-1.8043416,13.883033,0.17616877,2.7122574,5.375578,-3.3181782,11.758223,0.16964957
mp-759568,LiBiP2O7,10.382623,5.138811,-1.3456445,15.608007,0.18549584,3.3629022,5.4803715,0.35498494,9.224593,0.25126606
mp-762624,Li2Mn(NiO3)2,8.213754,6.065093,-1.7813522,14.067647,0.17808934,8.9391,4.0395966,-1.9715552,11.825697,0.19029935
mp-761495,Li2Ni(PO3)4,5.0707006,4.5206337,-1.5205138,14.362978,0.17287806,2.599174,4.8295817,-0.14396869,9.2414875,0.27686736
mp-760462,Li5Ti(SiO4)2,4.408288,6.2795057,-2.0776353,14.978692,0.1607965,3.2066867,4.745446,-2.5358744,11.776738,0.19407248
mp-777778,Li2VO2F,9.842032,6.9302845,-1.8640678,14.539937,0.18299676,3.996791,5.0222187,0.01662348,9.833503,0.2839059
mp-780671,SrTaNO2,132.67946,78.022934,5.004039,160.98122,0.023314934,7.873631,5.3753376,0.07619247,9.517575,0.24197662
mp-849636,SrTaNO2,130.90367,75.305756,2.913122,155.94069,0.02041407,7.322496,4.967265,-0.112544045,9.750786,0.24990931
mp-861554,Li5Mn(SiO4)2,6.54993,6.5021334,-2.7691956,13.981847,0.18473008,3.9691887,5.1921306,0.011834775,9.703232,0.26902756
mp-989229,MgH8(ClO6)2,2.888394,5.3379035,-1.9412332,14.54132,0.16893661,2.0878346,4.7201643,0.36155513,9.45854,0.24688914
mp-1180504,LiH2IO,10.216579,6.0177326,-1.4445955,15.4316845,0.17507125,3.3279283,5.048873,-0.17363843,9.2127285,0.25644377
mp-560067,AgHgSBr,8.31041,4.2063503,-1.3809038,14.024387,0.1639934,5.6158557,4.8701897,0.3057031,9.92742,0.2557394
mp-569454,CdHgAsBr,3.9931533,20.00243,0.4206114,44.8138,0.08139555,6.4387445,4.786704,0.21299656,9.310309,0.2590212
mp-558332,K5Au(IO)2,4.790014,5.9922976,-2.416016,13.840335,0.18393059,3.269495,5.6685934,-0.26043826,9.835416,0.28112382
mp-24294,HgHClO4,6.647381,5.8901515,-2.1347358,14.261176,0.17739731,3.2176676,3.966588,-0.21077642,9.217189,0.24194133
mp-555495,K3Y(BO3)2,6.983006,5.389375,-2.3444135,13.672117,0.16217403,2.8322246,4.4164114,0.09659907,9.519385,0.25672168
mp-557467,Li4Ca(BO3)2,6.6277075,6.676849,-2.2093592,13.897406,0.18692525,2.7132382,4.2932982,-0.118520014,9.891152,0.28561237
mp-559067,KNa2AuO2,5.610282,5.71618,-1.8681071,14.276673,0.1588309,3.5344405,4.687104,0.38187847,9.417949,0.26897687
mp-555018,RbNa2AuO2,6.6591587,5.6912146,-1.9672928,14.677329,0.17679413,3.5262818,4.634737,-0.53196526,9.4594345,0.2705564
mp-18742,Sr2CaWO6,173.00749,299.4541,-80.17056,659.81525,0.0046144426,4.0706167,4.1278276,0.35910952,9.14426,0.2538978
mp-560354,SbCl(OF3)2,4.057339,6.2340508,-1.6633986,14.334551,0.1707019,2.2906218,5.046673,-0.43782184,9.241251,0.25142926
mp-8263,KNa2BO3,4.758013,6.1651964,-2.2898443,14.321665,0.1883752,2.500604,4.3977013,0.2535612,9.824648,0.26875442
mp-8871,CsNa2BO3,5.4315286,6.186756,-1.7944562,13.443677,0.16889866,2.854273,5.253521,0.37522978,9.671072,0.2814706
mp-8872,RbNa2BO3,4.735621,6.5299296,-1.3780793,14.311385,0.17100397,2.611089,3.639754,0.55026335,9.384529,0.25836933
mp-753178,LiFe2(CO3)3,5.6050715,5.5370655,-1.6449018,13.727545,0.16541919,3.3370836,4.4152045,-2.1483104,12.198505,0.17746057
mp-754190,VSb3(PO4)4,10.263002,5.9197636,-2.539402,14.295183,0.17133446,3.8662,4.088503,-3.1460106,11.768669,0.17120388
mp-755192,FeSb3(PO4)4,16.76151,25.990864,1.1756384,43.23195,0.07903099,3.9775844,4.6517696,-2.684941,12.335253,0.17004204
mp-752838,Li2V3(OF)4,18.568281,20.5584,2.4091897,47.330696,0.071547255,4.7808356,5.3691435,-3.7817106,11.92053,0.18405324
mp-754056,Cr3Sb(PO4)4,5.859612,6.16446,-1.9164227,13.075079,0.16217846,4.0515184,5.07787,-2.962508,11.774728,0.18746828
mp-755821,Li5Cu(PO4)2,3.433473,5.953987,-1.6544766,14.154399,0.16275199,2.8412566,4.795554,0.12853642,9.625634,0.24991208
mp-756328,MnSn3(PO4)4,5.709458,6.309592,-2.3835478,14.842977,0.16234952,3.5169797,4.7723055,-0.04178685,9.141649,0.2480002
mp-774508,Mn3Cr(PO4)4,5.4096684,5.726257,-2.1864786,14.8159075,0.1660073,4.8929195,4.102951,-3.3757915,12.627261,0.18655881
mp-771952,FeCo3(PO4)4,9.557131,5.724945,-1.1731162,13.966958,0.17086694,5.809811,4.786401,-2.6735678,12.367529,0.1700956
mp-774666,Cr3Co(PO4)4,4.8121004,6.709547,-1.1067884,15.109206,0.17729223,4.439946,5.082886,-3.4299858,11.609008,0.1726402
mp-1193106,Li2Mg(HN)2,5.0126514,6.0581045,-1.7206378,14.455483,0.19335914,3.6678972,4.828927,-0.124708295,9.259215,0.25433087
mp-698060,PHOF2,1.2404782,6.0129943,-2.3254852,13.653161,0.16082041,1.9775221,4.8650007,0.110350296,9.67317,0.2621581
mp-10233,Ca2BN2F,7.3402524,6.2180734,-2.3243022,14.438246,0.16445853,3.6578867,4.6920652,0.20869452,9.607735,0.27252078
mp-10234,Sr2BN2F,7.367893,6.1069756,-2.3503745,14.457865,0.18607357,3.56678,4.7738013,0.07032232,9.592008,0.26811382
mp-1207618,YSeClO3,5.8847423,6.4212894,-1.5737801,14.555887,0.15098484,3.351033,4.4064684,0.2428477,9.651793,0.23616193
mp-17891,NaYSiO4,5.3935094,6.6374445,-2.4292696,14.772113,0.15869585,3.0383782,4.3015814,-0.12252394,9.258529,0.24419218
mp-23131,Sr2BN2Cl,5.675279,6.486661,-1.8196611,14.424372,0.15692829,3.541575,4.602761,-0.49179825,9.66078,0.252545
mp-23632,Ca2BN2Cl,5.715012,5.449072,-2.4526641,13.332158,0.18603769,3.690124,4.9656067,0.035585787,9.644399,0.23837481
mp-23700,RbH2OF,4.705095,6.620906,-1.7810999,15.021572,0.16552469,2.0260363,5.0141697,0.09240378,9.869358,0.24330741
mp-24463,H3SO4F,3.073045,6.2114153,-1.8204554,13.965126,0.16041882,2.0779672,4.3768272,0.100642115,10.024397,0.25444597
mp-24266,Ca2BHN2,7.3304586,5.415298,-1.9364306,15.183738,0.1711943,4.17109,5.32485,-0.54245746,9.531435,0.26255995
mp-554495,CaZr(PO4)2,6.999204,5.941453,-1.2962278,14.253366,0.16717906,3.2426133,4.7995768,0.20365307,9.405779,0.26124418
mp-558681,PClOF2,0.9119729,6.3118286,-1.296205,13.98231,0.17979889,1.9698287,5.0595827,0.32078826,9.685282,0.25551823
mp-558628,KLi2BO3,6.4005237,4.610894,-2.0790856,13.8922205,0.16149952,2.4845195,5.478858,0.18564329,9.410651,0.24596629
mp-559238,CsLi2BS3,5.3026457,6.2345505,-2.1035848,13.887226,0.18375483,3.5526197,4.7945886,0.15301369,10.0130825,0.26569894
mp-6383,BaBe2Si2O7,7.514417,6.408286,-2.2042658,14.291948,0.15105735,3.0223458,3.940742,0.2272543,9.19807,0.2531725
mp-643036,BaHBrO,8.285808,5.183742,-2.3080652,14.258151,0.17206483,3.1771073,3.8173268,-0.112190746,9.339625,0.25904012
mp-643727,HPbBrO,25.992594,21.894024,-0.30687794,44.680508,0.07117896,4.9200687,4.6542635,-0.24715325,9.765585,0.26012984
mp-643069,Li2HIO,2.158349,5.9350204,-2.0174837,14.835814,0.17502636,2.7461855,4.6536045,-0.15959619,9.027826,0.23815647
mp-643385,SrHIO,7.6410108,5.4947495,-1.724737,14.100945,0.17047293,3.5657525,4.861289,-0.35584524,9.363222,0.2744367
mp-643384,BaHIO,6.4912777,6.258787,-0.79664415,14.57572,0.14845207,3.5010347,5.1247854,-0.57995987,9.942701,0.26718298
mp-6684,NaCdPO4,4.6540856,5.0602484,-1.8626807,14.510172,0.16137558,2.9277225,4.717987,-0.45050842,9.263869,0.27460086
mp-6633,NaCSN,2.6253662,6.157897,-2.705272,14.139952,0.16424094,2.6746743,4.8634634,0.45316315,8.833145,0.24001998
mp-697084,HPbIO,24.099468,21.665081,2.4843893,43.232998,0.069445066,5.7543874,4.726383,-0.010947428,9.341287,0.27325857
mp-7205,LiInSiO4,6.424542,6.674202,-2.4182315,15.260239,0.16685987,3.3343458,4.8572187,-0.07922387,9.960643,0.24365339
mp-720391,BH4NF4,4.3503137,5.903633,-0.9742688,14.561007,0.17614847,1.8662318,4.8240705,-0.039101332,9.610908,0.2573442
mp-760089,LiMn2OF3,12.166134,5.8961873,-1.8822446,14.023842,0.1626028,2.8181455,4.405603,-2.6332002,11.121936,0.19529773
mp-763610,LiCrSiO4,4.930197,6.2120624,-1.2121931,13.769711,0.17021579,3.9068632,4.541989,-0.089583956,9.482403,0.23236486
mp-849735,LiCrSiO4,4.6799297,6.084655,-1.379178,14.409503,0.16479489,3.5711994,4.611738,-3.3126032,12.250099,0.17672679
mp-8376,MgAlBO4,5.518514,4.7572145,-2.5478597,14.186204,0.17440088,2.9526155,4.717208,-0.45602062,9.164497,0.23707499
mp-9625,LiMgPO4,4.8569655,5.6773424,-1.9705791,13.87423,0.16231182,2.671521,4.820769,-0.07783886,9.741817,0.25577334
mp-10336,BaYCuTe3,9.629421,6.472781,-1.9955616,14.362041,0.16526334,9.0540905,4.831927,0.26339564,9.821421,0.2760123
mp-10337,BaYAgTe3,10.127961,6.295434,-2.3032045,13.413996,0.1759114,8.799658,4.76757,0.17949146,9.920479,0.28801665
mp-1101801,BaYCuSe3,9.48782,6.577494,-2.3467867,13.577735,0.1794747,7.4722147,4.7502766,-0.14777228,9.811923,0.2420183
mp-1103275,BaYCuS3,9.3441515,7.1904535,-2.476222,13.756794,0.17508534,6.5938926,4.7485213,0.39394325,9.553174,0.25653848
mp-1103744,CsYZnTe3,7.334582,6.1472096,-2.0386782,14.374674,0.1785156,6.4245853,4.265436,-0.14587998,9.539906,0.254091
mp-1103664,BaScCuS3,12.760641,22.339758,0.095327586,47.30884,0.06785341,7.5576525,4.6513166,-0.34070367,9.363833,0.23799615
mp-11116,CsYCdSe3,8.790056,5.5940747,-2.3229504,14.623187,0.18864846,5.3838162,4.7194405,0.08475538,9.79385,0.2507001
mp-11123,CsYHgSe3,10.399476,6.908831,-2.41087,13.854964,0.17965485,5.983095,5.068188,-0.19036646,9.511685,0.24173401
mp-11602,KY2CuS4,9.312832,6.8085823,-2.090122,13.934046,0.16076754,6.2588367,4.730834,-0.27020076,9.854812,0.2573561
mp-1206552,BaBiBrO2,8.773775,6.0111213,-3.2395625,13.872861,0.17665173,4.2372785,4.3092585,-0.43062028,9.276849,0.2364654
mp-1209018,Sc2TlCu3S5,13.316305,6.961731,-2.547313,14.250348,0.17529812,10.532521,4.6783905,0.49264735,9.555454,0.25345927
mp-1213646,CsYMnSe3,6.6760554,5.2513404,-1.8078464,14.830529,0.16482899,5.4887433,5.256848,-2.5086684,12.159225,0.1745483
mp-1213950,CaAgAsO4,7.4939766,5.2531524,-1.8396707,13.594502,0.17518128,3.7961993,4.6309595,-0.64305645,9.848223,0.22833794
mp-12491,CsLaCdTe3,6.5688405,6.299873,-2.2253783,13.648114,0.17882626,5.9215107,4.3998346,-0.37981716,10.084343,0.2614575
mp-23084,BiPbClO2,26.547369,21.504997,0.99302435,44.970535,0.06661125,5.548225,5.3682785,-0.3510165,8.996042,0.24940714
mp-19302,NaCaVO4,8.751471,7.242983,-2.1519928,14.462775,0.16189505,3.3050473,4.7859755,0.23129375,9.241102,0.26799914
mp-19449,NaVCdO4,10.219931,5.1413817,-1.8950073,14.449365,0.17301142,3.8515036,4.652076,0.028085861,9.511014,0.24730228
mp-23138,SbPbClO2,25.782057,26.010609,-1.4048767,45.428207,0.0763068,5.546373,4.803956,0.18552235,9.960143,0.27144694
mp-510460,CsLaZnTe3,6.853851,6.6066637,-2.0484529,14.114658,0.15728036,6.0688224,5.040573,-0.1439112,9.324998,0.24682905
mp-552806,BaBiClO2,9.981418,5.782233,-1.7958562,13.7091,0.18687099,4.0206985,5.28874,0.39794728,9.90186,0.2440326
mp-548469,BaZnSO,12.382434,5.6732035,-1.873226,14.489687,0.15001674,5.1562433,4.863262,-0.008045889,9.994877,0.25158194
mp-551243,BaBiIO2,8.211243,6.606739,-1.542245,13.966865,0.14840962,4.6017256,4.3974113,-0.12656404,9.29892,0.25309214
mp-547244,SrBiClO2,14.867243,5.0070763,-1.9839578,13.539512,0.17039855,4.064758,4.6434307,0.22540033,9.817389,0.23522663
mp-552234,SrBiBrO2,11.466835,6.470191,-1.5242057,14.223614,0.17107575,4.3209567,4.9344387,-0.32151398,9.441525,0.24561843
mp-545500,BaSbClO2,7.586037,5.960063,-1.7129478,13.778353,0.15743065,3.9295845,4.1727495,0.18732433,9.790749,0.2448031
mp-556405,LaCN2F,12.383443,7.092814,-1.6543306,14.451036,0.16731156,4.3100677,5.096387,-0.16896203,9.599116,0.24918106
mp-556094,AgBiSCl2,107.28226,79.48161,-1.3689662,148.31407,0.021550978,6.716363,4.4721937,-0.48726603,9.818379,0.25545266
mp-554948,NaI(OF)2,5.141447,5.08545,-2.1034348,14.917724,0.166036,2.6698453,4.4794707,-0.3164963,9.465287,0.2606919
mp-558054,SrLi2Ta2O7,53.248665,70.38077,4.4449835,153.28691,0.017970344,4.5938444,4.386722,0.12741931,9.821335,0.25248384
mp-560791,CsNaTiO3,8.818499,6.246188,-2.5758405,14.065208,0.17009501,3.5903213,5.003591,-0.112041846,9.299948,0.24661455
mp-560157,LiMgVO4,5.981775,6.0929227,-3.0343456,13.96608,0.17396303,3.5934048,4.8031397,-0.2043187,9.427338,0.24096963
mp-560441,BaZn2Si2O7,6.537028,6.369248,-2.0059955,14.247386,0.16680898,3.0237646,4.097165,-0.106642336,9.609611,0.26415962
mp-561647,Cs2TeOF4,7.5669093,6.5709724,-2.5227842,14.051229,0.16585521,2.414751,4.8326693,-0.5583694,9.736918,0.28320095
mp-571189,NaHf2CuSe5,27.476952,22.753347,1.8400636,44.258774,0.06979979,8.69322,4.896669,0.048832726,9.581704,0.24322775
mp-561744,Na4CoAuO5,23.804842,22.513557,1.9025124,45.063145,0.068394646,4.0379763,4.911085,-3.1991835,11.626903,0.1899985
mp-6305,K3TiO4F3,5.4395437,6.447089,-2.4541078,14.694471,0.17673448,2.440955,4.54068,-0.7526111,9.178017,0.23844765
mp-574620,CsYZnSe3,7.2500863,6.2178173,-1.8758906,14.740969,0.16161028,5.3278694,4.828678,0.36244574,9.608013,0.25827405
mp-6647,BaYAgSe3,11.353737,6.4393773,-2.0940962,13.837492,0.1706104,7.2591715,4.7939997,-0.016927157,9.637979,0.28078303
mp-7049,ZrTlCuS3,46.90607,23.34127,1.8515477,43.251385,0.07400832,10.195657,5.356945,0.32232568,9.836901,0.24099411
mp-754153,LiH2BrO,8.086812,20.60971,1.6855215,44.12111,0.06774624,2.872287,4.819729,0.0016311132,9.763116,0.2790064
mp-760502,LiH2ClO,9.784938,5.380519,-1.6110052,13.945877,0.17137077,2.6183515,4.487815,-0.065982915,9.106625,0.28003472
mp-754206,LiBi3(ClO2)2,23.257563,21.415535,1.8911053,43.124683,0.0670144,5.101548,4.540414,-0.36579484,10.05163,0.23968756
mp-768150,LiBi3(BrO2)2,21.120796,25.070353,0.24512093,45.268215,0.07165775,5.5959234,5.7088385,-0.10049371,9.358693,0.22936544
mp-775430,LiBi3(IO2)2,21.741468,22.992912,1.7112337,44.801735,0.07646922,6.537159,6.081888,0.0144081265,9.966859,0.24571899
mp-8153,NaHgPO4,7.564183,5.6847267,-2.4219859,14.345514,0.16818964,3.6030316,4.3589287,0.37039167,9.590165,0.2648429
mp-9396,HfTlCuS3,35.866123,23.028246,-0.2812761,44.58777,0.061552823,9.350693,4.6186476,-0.5871886,9.540009,0.24640858
mp-9855,KHfCuS3,28.227324,21.317448,1.3190143,44.345978,0.06553359,6.9096518,5.061057,0.11198849,9.309442,0.26616526
mp-9107,NaZrCuS3,52.110825,22.552477,2.139397,43.444233,0.07346806,8.52499,5.302995,-0.045710936,9.058805,0.23629302
mp-9397,HfTlCuSe3,71.1815,99.60147,6.5387373,164.68677,0.021389104,11.509394,20.080492,2.676392,38.089405,0.07721694
mp-1023132,K2Cu(ClF)2,4.000432,5.9646807,-1.7993103,14.023828,0.17463793,3.1488104,3.4544947,-3.166074,11.903099,0.16157374
mp-1219755,Rb2Cr(BrCl)2,3.9679177,7.207994,-2.3416512,13.527463,0.16033591,8.536122,4.249749,-3.3712244,12.581264,0.1752215
mp-505431,K2LiInAs2,5.9496903,6.409258,-1.4294202,15.01664,0.16890883,8.287962,4.9512687,-0.14490564,9.391286,0.25060523
mp-9722,Na2LiGaAs2,7.5722976,5.338569,-1.4855206,15.106035,0.16088368,9.811702,4.75984,0.14892364,9.858714,0.25158024
mp-9719,Na2LiAlP2,6.6228504,6.9514885,-1.8098325,14.89347,0.16202898,6.90593,4.893477,-0.15760434,9.24135,0.2594545
mp-1078298,SbN(OF3)2,2.9199076,5.5451593,-1.8851701,14.455214,0.16158913,1.9938786,4.132175,0.23097886,9.553951,0.25556517
mp-1228129,Ba4InSbO8,17.257614,5.2694016,-2.4723306,14.241988,0.17124936,4.3203144,4.544837,0.10277163,9.43522,0.253332
mp-567756,La2CN3Cl,13.642314,5.6605797,-2.3233814,15.136157,0.16944575,5.0395308,4.596818,0.115170136,9.144956,0.25043038
mp-1206410,Pb2IOF,23.135193,23.742733,2.215825,44.514687,0.065732226,5.64823,4.68016,-0.13719727,9.491804,0.24566688
mp-1206495,Pb2BrOF,22.866137,21.099726,1.5777338,42.03234,0.070036046,4.9771194,4.683194,0.16951184,9.588524,0.27309543
mp-23104,Pb2ClOF,24.821987,24.294432,2.058846,45.59663,0.06604937,4.5678296,4.4563107,0.15409191,9.608296,0.23581854
mp-560924,K2NaFeO3,12.42914,6.965206,-1.7247714,15.483307,0.16255555,3.2316024,4.294812,0.10716907,9.666791,0.2375377
mp-760489,PH6NO2,2.992288,6.89556,-2.0195394,13.879923,0.16623019,2.538923,4.757903,-0.1922085,10.008206,0.2502633
mp-1228084,Ba4Sc2Cu2O9,17.323326,20.954327,1.7565717,47.514065,0.06329198,6.319376,4.3374095,-0.079941906,9.817074,0.26132917
mp-1189914,ZnSi(AgS2)2,3.1744711,6.016099,-2.0780659,13.851369,0.16588742,6.3173995,4.538487,-0.003870624,9.753682,0.24462557
mp-1189702,ZnCu2SiS4,2.272837,5.9345646,-2.0617058,14.56857,0.167641,7.3583393,5.115703,-0.048277706,9.562188,0.27261406
mp-1220034,PHPbO4,11.677777,7.1116896,-2.1005983,15.11675,0.17224899,3.4005191,4.8795066,0.28268787,9.123355,0.26041988
mp-1210431,Na2MgGeO4,3.0499327,6.5744963,-2.801494,13.775951,0.1775762,2.734458,4.940538,-0.17887151,9.4718485,0.2554833
mp-1228828,AsHPbO4,10.920002,6.716108,-2.044281,14.316344,0.17078172,3.7531774,4.882611,-0.28290325,9.300863,0.25605506
mp-15144,ZnAg2GeO4,6.7476773,5.368474,-2.7937474,13.903089,0.16124107,6.1784315,4.697666,-0.027130585,9.619355,0.23771396
mp-27063,Li2CuPO4,4.2424974,6.8683615,-1.4590567,13.575162,0.17595638,3.1283605,5.0888853,0.05803214,9.621667,0.26473033
mp-26559,LiFePO4,3.8172107,5.494655,-1.6608604,14.925763,0.16518387,2.7148757,5.235715,0.3410635,9.641072,0.25542834
mp-26819,LiMnPO4,3.5339987,6.559849,-2.0021064,14.060646,0.15154181,2.6670237,4.313532,-2.7277503,12.05014,0.1755238
mp-26311,Li5Cu(PO4)2,4.09644,6.4741874,-1.8377737,14.249317,0.1585271,2.7715065,3.6298437,0.4912419,9.696509,0.26327315
mp-545646,Na2CoGeO4,3.4146545,6.740755,-1.4888368,14.146594,0.1644009,3.1691608,5.299331,-2.327213,12.199004,0.18521355
mp-555186,Li2ZnSnS4,2.940241,5.602964,-2.6387167,14.095574,0.16783601,4.9595017,5.0948725,-0.33322296,9.446183,0.2603718
mp-6406,Na2MgSiO4,3.0877635,5.9994154,-1.951074,13.925939,0.15121253,2.5270338,4.771187,-0.12210823,9.255228,0.26596266
mp-556544,LiAlSiO4,2.9708877,5.5266886,-1.5861529,13.904257,0.14653543,2.5316644,5.0073566,0.025423493,9.590389,0.24117243
mp-555229,H5CNO2,2.4918342,5.5970554,-2.5799358,14.432679,0.16398834,2.1788783,5.0556326,0.19722895,9.808585,0.25089917
mp-6391,Na2ZnSiO4,3.4715536,5.213148,-2.9708605,14.005981,0.18102789,2.7736456,4.730283,-0.4864431,9.451172,0.2532902
mp-6402,Na2ZnGeO4,3.5688102,6.4195576,-3.1208675,13.360147,0.16931745,3.0705085,5.4073486,0.11609256,9.573932,0.25247154
mp-696288,LiH3(SeO3)2,5.7990656,5.918036,-2.2472851,13.363525,0.16219918,3.099763,4.4468336,0.32136354,9.286232,0.26095062
mp-756582,Li2CoGeO4,3.6334639,6.617157,-1.0759811,14.140237,0.17297386,3.3976367,5.106991,-0.29994938,10.073348,0.2780166
mp-755234,Ta2CrNO5,27.172066,23.51492,3.1975343,41.735085,0.069593094,6.6928353,4.30715,-0.04832681,9.790158,0.26234832
mp-757954,Li2P2WO8,4.5872793,6.4018574,-1.9250362,15.015142,0.18257856,3.0662787,4.4573116,-2.8049805,12.146881,0.1764294
mp-756603,Li2AlNiO4,4.5976653,5.5907555,-2.5286732,14.396263,0.16260457,5.1945834,4.878284,-2.1118007,11.636871,0.18784319
mp-762870,Li2CrSiO4,5.6700797,5.850539,-2.3326101,14.297002,0.17078035,3.1388433,4.436666,-2.6656895,11.974207,0.20044456
mp-763246,LiCoSiO4,4.2441106,6.5414248,-1.6745075,14.322684,0.15336052,3.885957,5.0553865,-2.7908494,12.23507,0.18020877
mp-763507,LiCoGeO4,5.052088,5.66648,-2.0512714,14.436786,0.16866778,4.147716,4.7314286,-3.303495,12.186139,0.18671185
mp-764355,LiFeSiO4,4.020882,5.196429,-2.1761432,13.689704,0.18514672,3.458625,4.262473,-3.0049279,12.070159,0.17917837
mp-8184,Li2ZnGeO4,3.8193953,5.15779,-2.0393734,14.116999,0.2073609,3.2708616,4.4760437,-0.011046557,9.929769,0.23094293
mp-8070,Li2BeSiO4,3.666105,5.557409,-2.4700694,14.278694,0.15716091,2.783351,4.458731,0.26871315,9.776814,0.27088687
mp-850895,Li2VOF3,6.64916,5.970829,-1.6175518,14.639423,0.17447348,3.0098128,4.4754086,-2.5343726,11.953548,0.17273279
mp-9359,ZnSi(AgO2)2,6.467787,7.221052,-1.5557652,14.546969,0.16778427,4.5317063,4.9288244,0.11251277,10.008969,0.25234577
mp-11923,Rb2TaCuS4,4.1403365,5.696315,-1.6973641,13.444377,0.19899479,3.9431784,4.1567364,-0.35834497,9.230527,0.26698455
mp-11924,Rb2TaCuSe4,3.878191,4.660606,-2.0008433,13.211306,0.1602609,4.459615,4.830311,-0.39706275,9.725081,0.27243567
mp-1188845,K2Ag2GeSe4,7.256716,5.5094914,-2.5223894,14.341635,0.16564001,6.201154,4.529211,0.2045209,9.769699,0.25617135
mp-14635,Rb2VAgSe4,3.8977368,6.255727,-1.9169492,13.539085,0.16817197,4.8896966,4.7961817,0.02063623,9.832769,0.259893
mp-15219,Rb2VCuS4,3.6902747,5.409579,-2.7160442,13.9683,0.19946456,4.447474,4.4139585,0.20990266,9.669897,0.2228734
mp-14637,Cs2NbAgSe4,3.8824282,7.0560646,-1.3412875,14.812255,0.17404418,4.2804594,4.7482452,-0.309455,9.4942,0.24611369
mp-15221,Rb2NbCuS4,4.13334,6.2311316,-1.6818018,14.115686,0.16531326,4.139017,4.9902544,-0.39192802,9.772913,0.26333964
mp-15223,Cs2NbCuSe4,3.854699,5.4061804,-2.1954682,13.824956,0.16718319,4.520098,4.3252463,-0.081431605,9.136706,0.2463958
mp-15222,Rb2NbCuSe4,3.863377,4.558029,-2.6994517,14.341548,0.15995431,4.727129,4.8188114,0.08503919,9.904403,0.29409012
mp-15218,Cs2TaAgS4,4.160382,6.1001096,-1.0927452,13.378818,0.15671156,3.6814022,4.8256445,-0.23790471,9.896263,0.25234836
mp-15220,K2VCuSe4,4.3509774,6.3040347,-2.1250904,13.697321,0.16966964,5.748818,4.442885,-0.0035128412,10.324181,0.24062654
mp-18480,Na3Ca2TaO6,10.625637,6.591292,-1.3782636,13.91154,0.160539,3.5444853,4.3511443,-0.23246887,9.512835,0.25075656
mp-22235,Cs2MnSnTe4,5.172656,6.49035,-2.0598211,13.898604,0.17640756,6.4352617,3.6086302,-3.0500758,11.999455,0.19529575
mp-561641,Cs2Sn(AuS2)2,5.5416965,6.6506624,-2.668105,14.155634,0.15216887,4.3978233,4.65995,0.060304344,9.752538,0.25577772
mp-555070,BaBe2(BO3)2,7.165424,6.4376655,-1.3677652,13.867126,0.18480615,2.9262636,4.629807,-0.3116881,9.739014,0.26371798
mp-510338,Cs2LiVS4,4.0177054,6.44029,-2.5241718,14.686883,0.17641546,3.577333,4.3704205,0.29103357,9.519894,0.25498116
mp-623028,Cs2NbAgS4,4.166643,6.2085876,-2.4210489,14.1624155,0.1661335,3.8208416,5.7541246,0.0032152603,9.254488,0.23577784
mp-8972,K2TaCuSe4,4.9339266,5.615686,-1.4524157,14.701061,0.16888401,4.723628,4.3209653,0.45690772,9.481087,0.2591462
mp-8684,Cs2VAgS4,4.07574,6.342894,-1.7480868,13.878103,0.17696819,4.038628,4.2441955,0.26813367,9.26137,0.2482394
mp-9764,Rb2NbAgSe4,4.0190163,6.400469,-2.1342826,13.394675,0.16711399,4.493236,5.560823,0.005858206,10.002563,0.25449535
mp-9003,K2NbCuSe4,4.8957405,6.531373,-1.9261171,13.35606,0.17282486,5.0647755,4.162899,-1.0878112,9.495679,0.26388633
mp-9763,K2NbCuS4,5.069779,6.1002455,-1.890865,14.250503,0.15123096,4.353049,4.530507,-0.23384717,9.561842,0.23387648
mp-556239,Cs5Nb2S4Br9,4.9203353,6.124982,-1.7791955,13.847261,0.1781327,3.2954533,4.883132,-0.21906045,9.747019,0.22624283
mp-559151,BaSrTa2O7,50.056343,84.42723,2.8984227,154.10422,0.020070726,4.6335206,4.3331947,0.3631093,9.833405,0.27156144
mp-621112,Cs5Nb2S4Cl9,4.959829,6.529425,-2.0139678,13.65454,0.18250759,3.0925446,4.7682996,-0.40825886,9.863749,0.2429261
mp-17395,TmCu(BO2)5,4.7880497,5.6775618,-2.201597,15.16474,0.1449432,3.4427152,5.1911607,-2.69779,11.836599,0.18010779
mp-1213705,Cs2NaGaP2,5.982738,5.4791813,-3.0691452,13.478389,0.1630052,6.7777085,4.69199,-0.19724779,9.426733,0.27607423
mp-1209478,Rb2Li3GaO4,10.930871,7.3548946,-1.738924,13.96369,0.1676211,3.0573575,5.175883,0.053043887,9.739527,0.25367048
mp-21510,K2NaInAs2,6.955833,5.863843,-1.5216011,13.811359,0.16325103,7.989288,4.811075,0.06983925,9.308437,0.25914124
mp-21511,K2NaInP2,7.1358023,5.1773977,-2.149873,14.092816,0.17230925,6.733522,4.828722,-0.042032104,9.299285,0.24641684
mp-6450,K2LiAlP2,4.869352,6.407015,-2.6498837,14.020243,0.167381,5.9023128,5.22544,0.21801856,9.640825,0.2564637
mp-557832,K2Cd(AuS)4,5.066788,6.6030617,-1.2432473,14.410611,0.17780906,5.4923954,5.2447605,0.087841235,9.346514,0.23522006
mp-9676,K2NaGaAs2,6.6398444,6.390643,-1.7485441,14.709137,0.1841515,7.7965674,4.9569616,-0.5289624,9.764453,0.25005126
mp-9068,K2NaAlP2,5.536253,6.961688,-1.7293642,14.432646,0.16707346,5.881866,5.0983467,-0.23716965,9.670751,0.2562908
mp-9666,K2NaGaP2,6.5350614,21.414955,0.264704,44.87773,0.068932176,6.604679,4.497899,-0.1632394,9.587437,0.25536647
mp-9069,K2NaAlAs2,5.563192,6.9440207,-2.485654,14.49889,0.16883488,6.728729,5.26675,-0.009606225,9.38651,0.26178053
mp-1176640,LiMnCrO4,5.8061724,6.5449734,-1.7566876,13.742217,0.14926957,5.7697725,4.15981,-2.7840667,11.155377,0.16960351
mp-1210433,Na2MgGaF7,94.3635,73.08009,-2.5839713,158.11816,0.021516485,1.9823138,4.8550563,-0.18789627,9.863586,0.2652005
mp-1216121,Y2FeSbO7,18.868912,23.38657,1.383235,43.989086,0.06772965,4.7865877,3.704303,-2.9432847,12.975927,0.1660337
mp-1219582,RbAlNiF6,10.212254,6.61893,-2.450291,14.382023,0.17812699,2.0769312,3.5154896,-3.5369604,12.019545,0.17126454
mp-1219581,RbMgAlF6,13.948527,23.147394,1.2305337,43.0076,0.072254926,1.9481184,4.679051,-0.40002474,9.253407,0.24966511
mp-1219591,RbCoNiF6,18.780182,79.57539,-1.6765206,159.46411,0.019434419,2.5819867,4.0732694,-2.8152258,11.12251,0.17075871
mp-1219571,RbMgCrF6,108.780624,80.13976,-3.9598815,161.12881,0.018849721,2.146893,4.2215567,-2.7374136,11.736841,0.17526415
mp-1221831,MnGaFeO4,8.433773,6.055485,-2.0180058,13.980561,0.17294882,4.59803,5.148351,-2.3158495,12.298454,0.18383214
mp-1222047,MgCrFeO4,6.570809,5.8568325,-1.7130448,13.962378,0.17393042,4.4874372,4.5430775,-2.2547874,11.847985,0.17578663
mp-1222349,LiGeRhO4,5.3730273,6.0874987,-1.1881739,13.605421,0.16110326,5.157409,4.368886,0.1382604,9.910604,0.24964508
mp-1224048,InAgSnS4,6.214445,7.054623,-1.7124962,14.112896,0.1606167,8.632967,4.7782974,0.024699101,9.19352,0.24492586
mp-1225833,CsZnFeF6,10.952528,6.512186,-2.0147626,14.097346,0.16255309,2.4290571,4.5046954,-3.0211835,12.388264,0.17808019
mp-1225922,CsMgAlF6,5.4497695,6.693937,-2.3403113,13.726527,0.18195447,2.0838995,4.72245,0.35149753,9.179415,0.25164944
mp-1225854,CsTaWO6,104.76929,79.04301,1.8878454,160.03035,0.021310974,5.001842,4.453947,0.01044674,9.50123,0.24116915
mp-1225928,CsMgFeF6,8.461932,6.1126585,-2.0014958,13.970019,0.15458064,2.2681758,5.4239206,-2.1852543,12.056538,0.18337482
mp-1225950,CsCrFeF6,8.921189,5.322292,-2.1465464,13.839945,0.17805944,2.3982894,4.7024674,-3.5233135,12.160318,0.16887246
mp-1225824,CsVZnF6,10.215389,5.5815554,-1.5770007,14.017967,0.16552934,2.3752482,4.4343815,-3.1331549,12.1049,0.16140024
mp-1225923,CsSbTeO6,7.486878,5.5169735,-2.1682973,14.710554,0.16967851,4.1251717,5.0986147,0.64178985,9.2664585,0.25253364
mp-1543124,RbSbWO6,59.50625,75.23186,8.464387,153.55426,0.019342802,4.2499743,4.5168943,-0.068443745,9.612723,0.2578768
mp-1540169,CsSbWO6,39.938896,23.841911,1.8221134,44.742363,0.06615803,4.4296947,4.7520733,-0.26119396,9.279014,0.2571615
mp-554507,Na2AlNiF7,26.834003,22.630087,1.8015769,41.819843,0.07448207,2.0174134,4.1808643,-2.5947018,12.475304,0.17472893
mp-6319,Na2MgAlF7,11.355041,5.540667,-1.5688021,14.04437,0.16254178,1.8966566,5.0580206,0.06847764,9.801403,0.2428924
mp-697168,MgH6(NCl)2,2.5745928,6.237974,-2.4917207,13.768141,0.16703609,2.5675755,4.608636,-0.03574601,9.348646,0.25462145
mp-756254,LiNiSbO4,4.8812265,6.2293878,-2.6618881,14.633567,0.16465403,3.6772833,4.614602,-0.5743335,9.658725,0.2506134
mp-753432,LiMnFeO4,8.067313,7.0371275,-1.9021627,14.0137825,0.1816451,5.6009626,5.0439425,-2.4884984,12.304276,0.17147484
mp-753436,LiCrSiO4,5.276497,4.5932665,-2.117331,14.402166,0.14657669,3.782762,5.0310335,-0.15694545,9.063829,0.24127647
mp-756864,LiCrSnO4,5.200506,6.3737087,-2.1947153,14.230069,0.16981919,4.0409336,5.1750536,-2.1643448,12.542863,0.17962486
mp-763252,LiSbWO6,12.971144,6.2129583,-1.7935965,14.294201,0.15739378,4.0835075,4.6935177,-0.109856084,9.895783,0.26063243
mp-761324,LiSiNiO4,4.890443,7.4620457,-1.4334848,13.960139,0.17695847,8.589608,4.557377,-3.304234,12.574999,0.17747888
mp-773085,LiCoSbO4,5.201637,5.982437,-1.9014294,14.19248,0.16328667,3.8358037,4.861949,-0.42349648,9.789614,0.24826664
mp-774242,LiTaWO6,62.620987,75.72014,5.1509237,151.16527,0.022499934,4.666466,3.8427968,0.36336493,9.295012,0.26030818
mp-850189,LiVSnO4,6.2692614,5.272538,-2.37603,14.538941,0.18897267,4.0173597,5.589772,-3.5916836,12.793482,0.16827773
mp-754564,Li2CoOF3,6.059945,5.7945824,-1.3495082,14.92071,0.17642114,3.1039917,4.305514,0.33039492,10.002659,0.25253713
mp-1004528,CsB3PbF12,5.9804797,7.839467,-2.65646,15.093786,0.1805536,1.8396533,5.352034,-0.24171807,9.356894,0.2611662
mp-1020703,SiGeN2O,3.2020555,6.129783,-1.7838633,14.668482,0.18772784,3.7322748,4.7888246,-0.13097751,9.430384,0.24441186
mp-1214020,Ca4YB3O10,8.214873,5.5644054,-2.5072236,13.765881,0.16102305,3.1814866,4.6595182,-0.71041757,10.103535,0.26186296
mp-1219559,RbNaCd3O4,8.175306,6.0981417,-2.8352153,14.156275,0.15990236,5.453797,5.2801943,-0.3293043,9.397496,0.2619872
mp-1223469,KLiZn3O4,7.584525,5.848323,-2.0796232,13.550022,0.1560006,4.0463343,4.3635206,0.048530176,9.517134,0.26045254
mp-1228172,BaBiNO5,7.66113,5.204482,-2.002903,13.7602215,0.16421364,3.4843433,4.969083,0.1434305,9.31203,0.25512505
mp-555154,K3VCO8,6.0204854,5.7902756,-2.9488823,14.543135,0.1760773,2.5887015,5.000124,-0.10889924,9.802921,0.25233048
mp-557343,Zn3BPO7,7.3498216,5.895026,-2.223204,13.757834,0.14777994,3.2461426,4.7956724,0.060585458,9.981725,0.25251606
mp-550751,BaBeSiO4,7.394651,6.7766495,-2.0281777,14.572672,0.15427327,2.9364445,5.3983374,-0.16336793,9.490946,0.25817654
mp-6632,Ca5B3O9F,8.284278,5.981748,-2.137473,14.034972,0.17067218,2.9114652,4.8787155,-0.004167809,9.227931,0.23740546
mp-754295,Li3FeOF4,89.67264,73.44332,5.8273535,164.66054,0.020631976,2.8318737,4.087929,0.19409534,9.60572,0.25617558
mp-753535,Li5VO3F2,7.2160497,5.3204765,-2.3259425,13.747778,0.17863978,3.1020403,5.0004187,-3.7097676,12.245869,0.17570496
mp-753509,Li3MnOF4,6.3097353,5.1873665,-1.1846037,14.031552,0.18932565,3.4193223,4.9813457,0.41419506,9.41858,0.24963176
mp-755038,Li5FeO3F2,7.170508,6.0559206,-2.444074,14.545302,0.16125661,3.088017,4.7372694,-2.9037654,11.514129,0.18365425
mp-755505,Li2NbOF5,6.991268,6.028011,-2.3325477,14.187838,0.17087339,2.6222327,4.611763,-0.37773186,10.1908865,0.23967485
mp-759014,Li4MnO2F3,12.090193,5.143608,-2.3683584,13.219042,0.19230083,3.4369786,4.598572,0.27729264,9.474987,0.266372
mp-759609,Li5VO4F,11.681421,25.463259,3.17409,44.169178,0.07399199,3.6305807,4.5009575,-3.4819162,12.0168705,0.17049336
mp-767222,LiFe2(PO4)2,7.3912897,6.6268497,-1.9649051,14.377174,0.15145609,3.6669314,4.3790655,-2.4814167,11.457239,0.17615311
mp-776448,BaNb3NO7,30.022165,22.761517,2.1444325,44.51365,0.071873866,5.2531533,4.7114897,0.24025714,9.834665,0.26115477
mp-849731,LiTiV2O6,22.495947,23.598541,3.1784036,45.751095,0.07382054,5.4632616,5.2341256,0.4582915,10.01442,0.26123303
mp-849525,Li2Fe3O3F5,5.394076,6.8875885,-1.7300838,13.543663,0.15539281,3.3057747,4.563725,-2.6500812,12.127191,0.1626622
mp-11175,LiZnPS4,3.0336335,4.910987,-1.8636295,14.916398,0.1703332,4.758373,4.315208,0.22149536,9.343085,0.2672816
mp-1178391,CsLiWO4,3.372436,5.8232346,-1.5437396,14.320689,0.1475022,2.5008504,4.4834495,0.011004557,9.732771,0.2396615
mp-1209338,Rb2Sr(PO3)4,3.7383015,5.9482765,-1.1906908,14.096621,0.15456201,2.3882124,4.7371407,0.3432463,9.925939,0.27237165
mp-1210092,NaBi(MoO4)2,56.72786,82.23667,7.730285,150.90417,0.01954904,5.085722,4.5966225,0.00058458326,9.5202875,0.2482825
mp-1208595,SrTl2(PO3)4,8.575296,5.7664165,-0.76137465,14.0384445,0.17331451,2.8840978,4.470368,0.21848604,10.086814,0.26941556
mp-1215558,ZnAg2GeS4,3.2162812,6.158393,-0.9213685,13.643692,0.17076178,7.40794,4.824127,-0.41912207,9.480499,0.24204467
mp-1223929,InCuGeS4,3.085356,5.1941137,-2.4747808,13.688288,0.15790448,7.4998493,5.0813284,0.18192929,9.646837,0.27055717
mp-1223893,InAgGeSe4,3.249903,5.5843315,-1.1714486,14.135917,0.1698468,8.943504,4.2698183,0.5992264,9.440103,0.26623935
mp-1224848,GaAgSnSe4,3.210812,7.5940304,-2.1325006,14.320938,0.17516719,8.732321,4.9686403,-0.00864653,9.68298,0.28679773
mp-16577,Li2CaHfF8,5.786586,6.9777164,-1.209903,14.203335,0.14576489,2.2834227,4.7783403,-0.412517,9.755968,0.24447514
mp-1228963,AlAgSnSe4,2.923194,6.536681,-2.4849231,14.158799,0.16805348,8.043773,4.8931317,0.48857665,9.103778,0.24491832
mp-26477,LiCuPO4,6.4242253,6.5135236,-2.5008762,14.625451,0.1744144,6.9671345,4.8873577,-2.987063,11.218323,0.1774115
mp-505381,NaLi3(H2N)4,3.3599675,6.26188,-1.8427963,13.701896,0.17220488,2.54931,4.4075394,0.1782788,9.348965,0.26138332
mp-558990,K2Sr(PO3)4,4.234631,6.5205293,-2.8598568,14.035887,0.17947003,2.3993454,5.0732074,0.20470269,10.023754,0.26322976
mp-559885,Cr2AgBiO8,79.38291,89.87106,2.203967,157.32422,0.019825004,7.2079167,4.6564136,0.03330949,9.338693,0.24823943
mp-540895,CsCo(CO)4,4.1942873,5.599256,-2.0244102,13.842114,0.18541387,2.6509764,4.721678,0.24658976,9.659985,0.2550983
mp-569711,K5Nb(CN)8,4.621301,5.6326632,-2.3404248,14.956075,0.15306221,2.9123905,4.8320966,-0.04890044,9.654486,0.23239262
mp-632402,LiCaUF8,7.104906,5.546484,-2.0389895,14.058677,0.1764234,2.5925956,5.3040066,-3.6136549,12.679985,0.17864363
mp-753382,LiMnPO4,3.095133,6.4592686,-2.2877371,14.250306,0.17477633,2.7121365,4.680761,0.14999165,9.505309,0.24153875
mp-752925,LiFeSiO4,3.5408916,5.471937,-2.08544,13.8635435,0.1567757,3.2633684,5.323532,0.018058741,9.797674,0.24726269
mp-8873,LiGeBO4,3.6616023,6.195236,-2.8580782,15.256898,0.16749543,3.0103536,4.5611925,0.363491,9.748174,0.23801148
mp-8874,LiSiBO4,3.479399,5.7287197,-2.1954184,13.478225,0.17428027,2.7028198,4.2203174,-0.3235779,9.466681,0.27290985
mp-753011,LiMnPO4,3.052159,6.7277117,-2.5551078,14.000646,0.17440283,2.628758,4.820552,-0.14564343,10.21901,0.25778404
mp-754909,LiVBO4,5.665401,5.807436,-2.0974998,15.200531,0.18628,3.873758,3.05074,-2.192381,12.092444,0.18220368
mp-761486,LiFePO4,3.7990346,6.121093,-1.9335543,14.504737,0.18230602,2.7110717,4.873225,0.30820563,9.564985,0.25469103
mp-754357,LiFePO4,3.265243,5.6916237,-1.5054067,13.318164,0.17067294,2.7454717,4.6079144,-0.028224982,9.221718,0.23244841
mp-753343,LiVSiO4,3.998944,5.962763,-1.870835,14.741723,0.17117202,3.1992726,4.3591404,0.1310069,9.293434,0.24493124
mp-762018,LiCoPO4,2.9018574,6.138319,-2.8195264,14.354369,0.17251427,2.8386421,4.7391343,0.41606155,9.435174,0.24171202
mp-758521,LiCoSiO4,3.943828,6.335204,-1.5534,14.6213875,0.17018455,3.9385684,4.1246743,-0.09087037,9.601374,0.24835843
mp-753654,LiSnPO4,8.179834,6.4943333,-0.49146825,14.662323,0.1632028,3.4636493,4.6610966,-0.12091708,9.569851,0.28730655
mp-1080625,Sr2LiReO6,19.865528,21.624378,1.3471006,45.409817,0.07466072,4.770026,4.562765,-0.5558903,9.184671,0.2692855
mp-1206645,Sr2TiMnO6,76.667465,70.08772,-2.5396907,158.50943,0.018842526,7.5608525,4.8721085,0.12739396,9.650238,0.25339448
mp-12385,Ba2YTaO6,35.83581,24.863674,1.9839653,43.38362,0.06616552,4.6303263,4.725604,-0.03958398,9.348761,0.25376582
mp-18805,Sr2CoMoO6,21.327278,22.059849,0.045522187,43.71235,0.07740471,5.6976867,4.5402427,-2.710345,12.521419,0.18594491
mp-19182,Ba2CaWO6,20.602005,20.78033,0.91066283,44.708447,0.06935743,4.3328137,4.9636345,0.23848704,9.973153,0.22367097
mp-24375,TlH4NCl4,3.0414028,5.8095036,-0.9697708,14.8138485,0.16461816,2.8579226,3.9842658,-0.20851095,9.802554,0.24869023
mp-24128,ReH4NO4,2.8681579,7.1615186,-2.9167259,14.517173,0.15998356,2.6345317,4.8089647,-0.04289849,9.727056,0.24281526
mp-863731,InH4NCl4,4.1208854,6.7331514,-1.9859408,13.737742,0.15147993,2.5986876,4.778529,0.13773614,9.296294,0.26725233
mp-1019791,K2Zn(PO3)4,6.4679756,6.2455225,-2.0605724,13.973935,0.17830637,2.5065136,4.615558,0.05377773,9.546645,0.25859705
